text,nic_code,nic_label,division
we do real estate agent broker on small scale,68200,Real estate activities on fee basis,Real Estate
i own a lock and key making in india,25934,Manufacture of padlocks and locks,Manufacturing
pest control for local market,81299,Other building and industrial cleaning,Services
i run a dairy product making ghee butter as msme,10504,Manufacture of cream butter cheese ghee,Manufacturing
bakery unit for domestic market,10711,Manufacture of bread,Manufacturing
business activity: pcb printed circuit board for local market,26104,Manufacture of printed circuit boards,Manufacturing
real estate agent broker for domestic market,68200,Real estate activities on fee basis,Real Estate
my work is homeopathic medicine,21004,Manufacture of homoeopathic pharmaceutical preparations,Manufacturing
the company is engaged in gas agency cylinder,35202,Distribution and sale of gaseous fuels,Energy
industry: paddy cultivation in india,1121,Organic farming of basmati rice,Agriculture
insurance agent,66220,Activities of insurance agents and brokers,Finance
i own a agarbatti incense sticks making in india,20238,Manufacture of agarbatti,Manufacturing
our business is doctor medical practice,86201,Medical practice activities,Healthcare
i own a plastic chair table making,22202,Manufacture of plastic household articles,Manufacturing
i am doing graphic design,74103,Services of graphic designers,Professional
i own a garment stitching in india,14101,Manufacture of textile garments,Manufacturing
i own a grocery shop in my village,47211,Retail sale of cereals and pulses,Trade
our business is mobile phone manufacturing for local market,26305,Manufacture of pagers cellular phones,Manufacturing
industry: computer assembly at home,26201,Manufacture of desktop and laptop computers,Manufacturing
i am doing shipping agent,52292,Activities of shipping cargo agents,Transport
i run a my business is wheat cultivation,1111,Growing of wheat,Agriculture
we have a hardware shop on small scale,47522,Retail sale of hardware,Trade
cement manufacturing as msme,23941,Manufacture of clinkers and cement,Manufacturing
the company is engaged in detergent manufacturing for local market,20233,Manufacture of detergent,Manufacturing
we are into warehouse storage in my city,52102,Warehousing non-refrigerated,Transport
i own a phenyl disinfectant making for export,20212,Manufacture of disinfectants,Manufacturing
sand quarrying,8106,Operation of sand or gravel pits,Mining
i do i grow mangoes,1221,Growing of mangoes,Agriculture
i run a led bulb making in my village,27400,Manufacture of electric lighting equipment,Manufacturing
photocopying shop,82191,Photocopying and duplicating services,Services
business activity: wooden toy making,32401,Manufacture of dolls and toy animals,Manufacturing
book shop stationery for export,47613,Retail sale of stationery,Trade
my work is cobbler shoe repair in india,95230,Repair of footwear and leather goods,Services
mobile recharge shop,61201,Activities of internet access wireless,IT Services
weighing machine manufacturing on small scale,28194,Manufacture of weighing machinery,Manufacturing
business activity: fish farming in india,3221,Fish farming in freshwater,Agriculture
tax consultant in india,69202,Tax consultancy,Finance
my work is farmer growing wheat in punjab in my village,1111,Growing of wheat,Agriculture
our business is rubber product manufacturing at home,22191,Manufacture of rubber plates and tubes,Manufacturing
i am doing warehouse storage at home,52102,Warehousing non-refrigerated,Transport
tea processing,10791,Processing and blending of tea,Manufacturing
my work is printing press on small scale,18112,Printing of books and magazines,Manufacturing
i run a private school for local market,85211,General school education first stage,Education
spectacle frame making,22206,Manufacture of spectacle frames of plastic,Manufacturing
painting contractor at home,43303,Interior and exterior painting,Construction
our business is aquaculture freshwater in india,3221,Fish farming in freshwater,Agriculture
we are into poultry farming for local market,1461,Raising and breeding of poultry,Agriculture
toy making on small scale,32401,Manufacture of dolls and toy animals,Manufacturing
dry cleaning laundry in india,96010,Washing and dry cleaning of textiles,Services
i do electrical installation,43211,Installation of electrical wiring,Construction
i own a carpet making in my city,13931,Manufacture of carpets of cotton,Manufacturing
weighing machine manufacturing for domestic market,28194,Manufacture of weighing machinery,Manufacturing
we have a rice cultivation in irrigated fields in my village,1121,Organic farming of basmati rice,Agriculture
i own a goat farming in my city,1441,Raising and breeding of sheep and goats,Agriculture
we do bus transport service for local market,49221,Long distance bus services,Transport
we have a vegetable fruit shop for domestic market,47212,Retail sale of fresh fruit and vegetables,Trade
veterinary doctor,75000,Veterinary activities,Professional
canteen mess as msme,56292,Operation of canteens,Hospitality
we are into perfume making for domestic market,20234,Manufacture of perfumes,Manufacturing
tailoring unit,14105,Custom tailoring,Manufacturing
our business is phenyl disinfectant making on small scale,20212,Manufacture of disinfectants,Manufacturing
our business is plastic chair table making,22202,Manufacture of plastic household articles,Manufacturing
this unit is involved in power loom in my village,13121,Weaving of cotton fabrics,Manufacturing
hair oil shampoo manufacturing for export,20236,Manufacture of hair oil and shampoo,Manufacturing
brassware manufacturing,25994,Manufacture of metal household articles,Manufacturing
industry: cyber cafe for domestic market,63992,Activities of cyber cafe,IT Services
this unit is involved in real estate developer in india,41001,Construction of buildings,Construction
we have a sugarcane cultivation for export,1140,Growing of sugar cane,Agriculture
i own a jute bag making for export,13942,Manufacture of cordage or rope of jute,Manufacturing
our business is weighing machine manufacturing as msme,28194,Manufacture of weighing machinery,Manufacturing
my work is silk weaving in india,13122,Weaving of silk fabrics,Manufacturing
we do graphic design,74103,Services of graphic designers,Professional
we are into cattle feed manufacturing in my city,10801,Manufacture of cattle feed,Manufacturing
i do i make papad at home,10796,Manufacture of papads and appalam,Manufacturing
paper bag making,17024,Manufacture of sacks and bags of paper,Manufacturing
we have a spinning mill cotton in my village,13111,Preparation and spinning of cotton fiber,Manufacturing
knitting hosiery unit for export,13913,Manufacture of knitted synthetic fabrics,Manufacturing
our business is tiffin catering service at home,56291,Activities of food service contractors,Hospitality
our business is stock broker,66120,Security and commodity contracts brokerage,Finance
i do battery manufacturing for local market,27201,Manufacture of primary cells and batteries,Manufacturing
we deal in ayurvedic clinic in my city,86901,Activities of Ayurveda practitioners,Healthcare
industry: cotton farming,1161,Growing of cotton,Agriculture
we are into agricultural equipment making in my city,28212,Manufacture of agricultural machinery,Manufacturing
i own a masala powder making,10795,Grinding and processing of spices,Manufacturing
industry: advertising agency on small scale,73100,Advertising,Professional
we do interior design work for local market,43303,Interior painting and decorating,Construction
business activity: copper wire making in my city,24201,Manufacture of copper products,Manufacturing
industry: mobile phone shop,47414,Retail sale of telecommunication equipment,Trade
tailoring alteration,95292,Repair and alteration of clothing,Services
i run a homeopathy clinic as msme,86903,Activities of homeopaths,Healthcare
sugarcane farming in india,1140,Growing of sugar cane,Agriculture
i own a chocolate making,10732,Manufacture of chocolate,Manufacturing
we deal in cutting tool manufacturing for export,25931,Manufacture of cutlery,Manufacturing
i run a i make wooden furniture at home,31001,Manufacture of furniture of wood,Manufacturing
we do goat farming on small scale,1441,Raising and breeding of sheep and goats,Agriculture
we have a spinning mill cotton for domestic market,13111,Preparation and spinning of cotton fiber,Manufacturing
our business is tailoring alteration,95292,Repair and alteration of clothing,Services
i do tea plantation for domestic market,1271,Growing of tea,Agriculture
i run a juice shop at home,56303,Fruit juice bars,Hospitality
business activity: coffee plantation for export,1272,Growing of coffee,Agriculture
we have a cyber cafe in india,63992,Activities of cyber cafe,IT Services
our business is soap making,20231,Manufacture of soap all forms,Manufacturing
business activity: glass bangle making for local market,23106,Manufacture of glass bangles,Manufacturing
industry: electric fan manufacturing in my city,27503,Manufacture of electric fans,Manufacturing
we are into switch socket manufacturing in india,27331,Manufacture of switch and socket,Manufacturing
plastic chair table making in my village,22202,Manufacture of plastic household articles,Manufacturing
business activity: market research for local market,73200,Market research and public opinion polling,Professional
i grow potatoes,1135,Growing of potatoes and tubers,Agriculture
i run a property dealer at home,68200,Real estate activities on fee basis,Real Estate
wind energy farm on small scale,35106,Electric power generation non conventional,Energy
my work is pharmacy medical shop as msme,47721,Retail sale of pharmaceuticals,Healthcare
i am doing ayurvedic medicine making in my city,21003,Manufacture of ayurvedic pharmaceutical preparations,Manufacturing
i am doing pump manufacturing,28132,Manufacture of pumps and compressors,Manufacturing
we are into general store at home,47190,Other retail sale in non-specialized stores,Trade
this unit is involved in courier service as msme,53200,Courier activities,Transport
we deal in apiary business for domestic market,1492,Bee-keeping and production of honey,Agriculture
the company is engaged in embroidery work,13991,Embroidery work and making of laces,Manufacturing
this unit is involved in dal mill,10613,Dal (pulses) milling,Manufacturing
my work is shoe making on small scale,15201,Manufacture of leather footwear,Manufacturing
phenyl disinfectant making in india,20212,Manufacture of disinfectants,Manufacturing
sweet shop making mithai,10734,Manufacture of sweetmeats,Manufacturing
i own a i grow non basmati rice at home,1122,Organic farming of non-basmati rice,Agriculture
we are into knife scissors making on small scale,25931,Manufacture of cutlery,Manufacturing
wire fencing making,25993,Manufacture of metal cable and wire,Manufacturing
pesticide manufacturing,20211,Manufacture of insecticides,Manufacturing
our business is i make bread in my city,10711,Manufacture of bread,Manufacturing
agricultural equipment making,28212,Manufacture of agricultural machinery,Manufacturing
we do juice shop in my city,56303,Fruit juice bars,Hospitality
i own a silk weaving as msme,13122,Weaving of silk fabrics,Manufacturing
i am doing cable tv operator,61103,Activities of cable operators,IT Services
knitting hosiery unit,13913,Manufacture of knitted synthetic fabrics,Manufacturing
industry: weighing machine manufacturing in india,28194,Manufacture of weighing machinery,Manufacturing
paper manufacturing,17013,Manufacture of paper,Manufacturing
i run a agricultural equipment making in my city,28212,Manufacture of agricultural machinery,Manufacturing
i own a machine repair workshop for domestic market,33121,Repair of engines and turbines,Manufacturing
surgical instrument making,32504,Manufacture of bone plates and syringes,Manufacturing
i am doing solar energy plant in my village,35105,Electric power generation using solar energy,Energy
sugarcane cultivation,1140,Growing of sugar cane,Agriculture
industry: aquaculture freshwater at home,3221,Fish farming in freshwater,Agriculture
advertising agency as msme,73100,Advertising,Professional
i run a plastic chair table making in my village,22202,Manufacture of plastic household articles,Manufacturing
we have a milk production in india,1412,Production of milk from cows or buffaloes,Agriculture
industry: we grow onion as msme,1133,Growing of onion,Agriculture
placement agency hr for domestic market,78100,Activities of employment placement agencies,Services
the company is engaged in event catering for export,56210,Event catering,Hospitality
we do i grow onions and tomatoes in my village,1132,Growing of fruit-bearing vegetables,Agriculture
my work is rubber product manufacturing as msme,22191,Manufacture of rubber plates and tubes,Manufacturing
tailoring unit for domestic market,14105,Custom tailoring,Manufacturing
i do i make bread as msme,10711,Manufacture of bread,Manufacturing
i am doing ayurvedic clinic in my village,86901,Activities of Ayurveda practitioners,Healthcare
business activity: cutting tool manufacturing,25931,Manufacture of cutlery,Manufacturing
this unit is involved in chili farming in india,1282,Growing of chili,Agriculture
furniture making wood on small scale,31001,Manufacture of furniture of wood,Manufacturing
i do auto parts manufacturing,29301,Manufacture of motor vehicle parts,Manufacturing
business activity: coconut farming in my city,1261,Growing of coconut,Agriculture
our business is spice grinding and processing for domestic market,10795,Grinding and processing of spices,Manufacturing
we are into ceramic tile manufacturing in india,23921,Manufacture of bricks,Manufacturing
we deal in marble quarrying as msme,8101,Quarrying of marble,Mining
bakery products for local market,10712,Manufacture of biscuits and cakes,Manufacturing
i make clothes on small scale,14101,Manufacture of textile garments,Manufacturing
we make electric vehicles on small scale,29101,Manufacture of passenger cars,Manufacturing
i run a fireworks manufacturing for export,20292,Manufacture of explosives and fireworks,Manufacturing
soft drink manufacturing,11045,Manufacture of soft drinks,Manufacturing
this unit is involved in granite quarrying in india,8102,Quarrying of granite,Mining
i do flour mill in india,10611,Flour milling,Manufacturing
the company is engaged in glass bangle making for local market,23106,Manufacture of glass bangles,Manufacturing
we deal in fertilizer manufacturing in india,20121,Manufacture of urea and organic fertilizers,Manufacturing
i run a nursing home for domestic market,86100,Hospital activities,Healthcare
rice cultivation in irrigated fields,1121,Organic farming of basmati rice,Agriculture
the company is engaged in i make pickles as msme,10306,Manufacture of pickles and chutney,Manufacturing
we are into newspaper printing,18111,Printing of newspapers,Manufacturing
our business is aluminium product making,24202,Manufacture of aluminium products,Manufacturing
we have a i run a rice mill for local market,10612,Rice milling,Manufacturing
kirana store for local market,47211,Retail sale of food products,Trade
i make soap at home,20231,Manufacture of soap all forms,Manufacturing
industry: market research,73200,Market research and public opinion polling,Professional
industry: surgical cotton bandage making,21006,Manufacture of medical wadding gauze bandages,Manufacturing
iodized salt processing,10798,Processing of salt into food grade salt,Manufacturing
silk weaving,13122,Weaving of silk fabrics,Manufacturing
we deal in civil construction contractor on small scale,41001,Construction of buildings,Construction
industry: building construction in my city,41001,Construction of buildings,Construction
i own a i grow cotton at home,1161,Growing of cotton,Agriculture
i make bread,10711,Manufacture of bread,Manufacturing
business activity: chocolate making for local market,10732,Manufacture of chocolate,Manufacturing
i do we produce eggs for local market,1462,Production of eggs,Agriculture
we deal in trucking business as msme,49231,Motorised road freight transport,Transport
paper bag making for export,17024,Manufacture of sacks and bags of paper,Manufacturing
pharmacy medical shop on small scale,47721,Retail sale of pharmaceuticals,Healthcare
sports goods manufacturing in india,32300,Manufacture of sports goods,Manufacturing
i own a toothpaste manufacturing,20235,Manufacture of dental hygiene preparations,Manufacturing
rubber product manufacturing,22191,Manufacture of rubber plates and tubes,Manufacturing
i do general store for domestic market,47190,Other retail sale in non-specialized stores,Trade
we deal in bakery products for domestic market,10712,Manufacture of biscuits and cakes,Manufacturing
we are into civil construction contractor for local market,41001,Construction of buildings,Construction
beauty parlour salon,96020,Hairdressing and other beauty treatment,Services
cosmetics making for domestic market,20237,Manufacture of cosmetics and toileteries,Manufacturing
our business is medical device manufacturing for domestic market,32504,Manufacture of medical instruments,Manufacturing
i do auto parts manufacturing as msme,29301,Manufacture of motor vehicle parts,Manufacturing
tea packing business,10791,Processing and blending of tea,Manufacturing
this unit is involved in highway building for local market,42101,Construction of highways and roads,Construction
sugarcane farming for local market,1140,Growing of sugar cane,Agriculture
industry: i grow coconuts in india,1261,Growing of coconut,Agriculture
we have a furniture making wood for domestic market,31001,Manufacture of furniture of wood,Manufacturing
i am doing we make plastic bags,22203,Manufacture of plastic articles for packing,Manufacturing
i run a coal mining for local market,5101,Opencast mining of hard coal,Mining
plumbing work,43221,Installation of plumbing,Construction
this unit is involved in farmer growing wheat in punjab for domestic market,1111,Growing of wheat,Agriculture
i run a medicine pharmacy,47721,Retail sale of pharmaceuticals,Trade
our business is onion farming in nashik,1133,Growing of onion,Agriculture
weighing machine manufacturing,28194,Manufacture of weighing machinery,Manufacturing
industry: power loom,13121,Weaving of cotton fabrics,Manufacturing
i own a doctor medical practice,86201,Medical practice activities,Healthcare
we export organic basmati rice,1121,Organic farming of basmati rice,Agriculture
i run a knife scissors making at home,25931,Manufacture of cutlery,Manufacturing
our business is fertilizer manufacturing,20121,Manufacture of urea and organic fertilizers,Manufacturing
we do wire and cable manufacturing in my city,27320,Manufacture of wires and cables,Manufacturing
the company is engaged in advertising agency at home,73100,Advertising,Professional
tea plantation,1271,Growing of tea,Agriculture
ice cream manufacturing for local market,10505,Manufacture of ice cream,Manufacturing
hardware shop,47522,Retail sale of hardware,Trade
my work is i grow rice for export,1121,Organic farming of basmati rice,Agriculture
the company is engaged in i grow coconuts,1261,Growing of coconut,Agriculture
we do paint manufacturing,20221,Manufacture of paints and varnishes,Manufacturing
we are into my business is wheat cultivation,1111,Growing of wheat,Agriculture
we are into i grow onions and tomatoes in my city,1132,Growing of fruit-bearing vegetables,Agriculture
we are into shoe making for domestic market,15201,Manufacture of leather footwear,Manufacturing
we are into computer training centre at home,85491,Academic tutoring services,Education
truck transport for local market,49231,Motorised road freight transport,Transport
we deal in garment stitching on small scale,14101,Manufacture of textile garments,Manufacturing
i am doing tiffin catering service as msme,56291,Activities of food service contractors,Hospitality
noodles and pasta manufacturing in india,10740,Manufacture of macaroni and noodles,Manufacturing
i own a i make soap at home,20231,Manufacture of soap all forms,Manufacturing
my work is brick manufacturing as msme,23921,Manufacture of bricks,Manufacturing
my work is silk weaving at home,13122,Weaving of silk fabrics,Manufacturing
we deal in we grind spices in my village,10795,Grinding and processing of spices,Manufacturing
our business is we mine coal in my village,5102,Belowground mining of hard coal,Mining
handmade soap business in my city,20231,Manufacture of soap all forms,Manufacturing
i run a leather bag making on small scale,15121,Manufacture of travel goods and bags,Manufacturing
we do aerated drinks manufacturing for domestic market,11041,Manufacture of aerated drinks,Manufacturing
saree weaving,13122,Weaving of silk fabrics,Manufacturing
we are into warehouse storage,52102,Warehousing non-refrigerated,Transport
my work is medicine pharmacy at home,47721,Retail sale of pharmaceuticals,Trade
the company is engaged in i grow wheat on my farm in india,1111,Growing of wheat,Agriculture
i do paper manufacturing as msme,17013,Manufacture of paper,Manufacturing
electricity distribution for domestic market,35109,Collection and distribution of electric energy,Energy
business activity: electronic component making in india,26101,Manufacture of electronic components,Manufacturing
i am doing security guard agency in my city,80100,Private security activities,Services
hospital clinic for local market,86100,Hospital activities,Healthcare
i run a graphic design,74103,Services of graphic designers,Professional
we are into we make electric vehicles for export,29101,Manufacture of passenger cars,Manufacturing
wind energy farm,35106,Electric power generation non conventional,Energy
i own a cargo handling,52241,Cargo handling for land transport,Transport
coaching class tuition,85491,Academic tutoring services,Education
i make wooden furniture on small scale,31001,Manufacture of furniture of wood,Manufacturing
i run a honey production in my village,1492,Bee-keeping and production of honey,Agriculture
furniture shop,47591,Retail sale of household furniture,Trade
i run a we make fruit juice as msme,10304,Manufacture of fruit juices,Manufacturing
business activity: plastic bag making for domestic market,22203,Manufacture of plastic articles for packing,Manufacturing
the company is engaged in we weave cotton fabric,13121,Weaving of cotton fabrics,Manufacturing
the company is engaged in bus transport service in india,49221,Long distance bus services,Transport
we do milk production as msme,1412,Production of milk from cows or buffaloes,Agriculture
plastic bag making,22203,Manufacture of plastic articles for packing,Manufacturing
the company is engaged in mutual fund agent in my city,66301,Management of mutual funds,Finance
computer assembly,26201,Manufacture of desktop and laptop computers,Manufacturing
i run a pharmacy medical shop,47721,Retail sale of pharmaceuticals,Healthcare
business activity: vegetable fruit shop for domestic market,47212,Retail sale of fresh fruit and vegetables,Trade
the company is engaged in web design in my village,62012,Web page designing,IT Services
we are into perfume making,20234,Manufacture of perfumes,Manufacturing
the company is engaged in i grow rice as msme,1121,Organic farming of basmati rice,Agriculture
internet service provider on small scale,61104,Activities providing internet access,IT Services
the company is engaged in fish farming at home,3221,Fish farming in freshwater,Agriculture
repair shop electronics for local market,95210,Repair of consumer electronics,Services
business activity: egg production farm in india,1462,Production of eggs,Agriculture
my work is security guard agency for export,80100,Private security activities,Services
my work is matchbox making,20291,Manufacture of matches,Manufacturing
we deal in chocolate making on small scale,10732,Manufacture of chocolate,Manufacturing
my work is vehicle repair garage at home,45200,Maintenance and repair of motor vehicles,Trade
electrical installation at home,43211,Installation of electrical wiring,Construction
we are into cold storage warehouse as msme,52101,Warehousing of refrigerated goods,Transport
i own a leather bag making for export,15121,Manufacture of travel goods and bags,Manufacturing
sugarcane farming,1140,Growing of sugar cane,Agriculture
my work is repair shop electronics in my village,95210,Repair of consumer electronics,Services
the company is engaged in mobile app development in my city,62011,Writing computer programs,IT Services
i own a we make jaggery gur for domestic market,10722,Manufacture of gur from sugarcane,Manufacturing
sewing machine manufacturing,28265,Manufacture of sewing machines,Manufacturing
electric fan manufacturing for export,27503,Manufacture of electric fans,Manufacturing
fish processing for export,10204,Processing and preserving of fish,Manufacturing
copper wire making as msme,24201,Manufacture of copper products,Manufacturing
i am doing shipping agent for export,52292,Activities of shipping cargo agents,Transport
business activity: agarbatti incense sticks making for local market,20238,Manufacture of agarbatti,Manufacturing
i am doing i make soap at home,20231,Manufacture of soap all forms,Manufacturing
this unit is involved in i grow wheat on my farm,1111,Growing of wheat,Agriculture
business activity: cable tv operator for local market,61103,Activities of cable operators,IT Services
painting contractor in my village,43303,Interior and exterior painting,Construction
we do wooden toy making in india,32401,Manufacture of dolls and toy animals,Manufacturing
private school in my city,85211,General school education first stage,Education
this unit is involved in masala powder making,10795,Grinding and processing of spices,Manufacturing
we make washing powder for domestic market,20233,Manufacture of detergent,Manufacturing
apiary business for local market,1492,Bee-keeping and production of honey,Agriculture
we make indian sweets,10734,Manufacture of sweetmeats,Manufacturing
i do fish processing at home,10204,Processing and preserving of fish,Manufacturing
i run a clothing shop for export,47711,Retail sale of readymade garments,Trade
travel agency,52291,Activities of travel agents,Transport
business activity: i make bread for local market,10711,Manufacture of bread,Manufacturing
tailoring alteration for export,95292,Repair and alteration of clothing,Services
the company is engaged in poultry meat processing in my city,10104,Poultry slaughtering and preparation,Manufacturing
i run a mineral water plant in my city,11043,Manufacture of mineral water,Manufacturing
we weave cotton fabric,13121,Weaving of cotton fabrics,Manufacturing
industry: i grow mangoes,1221,Growing of mangoes,Agriculture
i run a skill training institute iti,85221,Technical and vocational education,Education
my work is agarbatti incense sticks making in my city,20238,Manufacture of agarbatti,Manufacturing
we do rice mill in my city,10612,Rice milling,Manufacturing
we are into glass bangle making,23106,Manufacture of glass bangles,Manufacturing
mango orchard,1221,Growing of mangoes,Agriculture
iron and steel plant for domestic market,24101,Manufacture of pig iron,Manufacturing
the company is engaged in basmati rice farming in my city,1121,Organic farming of basmati rice,Agriculture
this unit is involved in rice milling unit as msme,10612,Rice milling,Manufacturing
we do i run a rice mill in my city,10612,Rice milling,Manufacturing
industry: honey production on small scale,1492,Bee-keeping and production of honey,Agriculture
business activity: electronic component making for domestic market,26101,Manufacture of electronic components,Manufacturing
i do carpet making on small scale,13931,Manufacture of carpets of cotton,Manufacturing
this unit is involved in chocolate making for domestic market,10732,Manufacture of chocolate,Manufacturing
we have a pickle making,10306,Manufacture of pickles and chutney,Manufacturing
this unit is involved in driving school,85223,Professional motor driving school,Education
dairy farming as msme,1412,Production of milk from cows or buffaloes,Agriculture
we are into we dry and pack fish in my city,10201,Sun-drying of fish,Manufacturing
house construction,41001,Construction of buildings,Construction
taxi cab service as msme,49224,Taxi operation,Transport
goat farming,1441,Raising and breeding of sheep and goats,Agriculture
business activity: sweet shop making mithai as msme,10734,Manufacture of sweetmeats,Manufacturing
dentist,86202,Dental practice activities,Healthcare
industry: fertilizer manufacturing in my village,20121,Manufacture of urea and organic fertilizers,Manufacturing
i run a rice mill,10612,Rice milling,Manufacturing
event management,82300,Organization of conventions and trade shows,Services
i am doing computer assembly as msme,26201,Manufacture of desktop and laptop computers,Manufacturing
we produce eggs,1462,Production of eggs,Agriculture
newspaper printing at home,18111,Printing of newspapers,Manufacturing
the company is engaged in civil engineer consultant for local market,71100,Architectural and engineering activities,Professional
business activity: dal mill for domestic market,10613,Dal (pulses) milling,Manufacturing
my work is handmade soap business for domestic market,20231,Manufacture of soap all forms,Manufacturing
industry: coal mining in my city,5101,Opencast mining of hard coal,Mining
this unit is involved in doctor medical practice,86201,Medical practice activities,Healthcare
i own a we cultivate wheat crops in my village,1111,Growing of wheat,Agriculture
i do fast food centre at home,56102,Cafeterias and fast food restaurants,Hospitality
jam jelly making,10305,Manufacture of sauces jams and jellies,Manufacturing
we have a papad making unit for export,10796,Manufacture of papads and appalam,Manufacturing
we deal in saree weaving,13122,Weaving of silk fabrics,Manufacturing
industry: mobile app development in india,62011,Writing computer programs,IT Services
we do auto rickshaw for local market,49224,Taxi operation,Transport
my work is cable tv operator for domestic market,61103,Activities of cable operators,IT Services
we have a sugarcane cultivation on small scale,1140,Growing of sugar cane,Agriculture
we have a i make papad in my city,10796,Manufacture of papads and appalam,Manufacturing
we are into i make clothes for local market,14101,Manufacture of textile garments,Manufacturing
vehicle repair garage on small scale,45200,Maintenance and repair of motor vehicles,Trade
coal mining,5101,Opencast mining of hard coal,Mining
mobile phone repair,95120,Repair of communication equipment,Services
hair oil shampoo manufacturing,20236,Manufacture of hair oil and shampoo,Manufacturing
aquaculture freshwater,3221,Fish farming in freshwater,Agriculture
we deal in printing press in india,18112,Printing of books and magazines,Manufacturing
i do packaging printing,18119,Printing activities,Manufacturing
i am doing basmati rice farming at home,1121,Organic farming of basmati rice,Agriculture
i do juice shop on small scale,56303,Fruit juice bars,Hospitality
i run a spectacle frame making in india,22206,Manufacture of spectacle frames of plastic,Manufacturing
we cultivate wheat crops,1111,Growing of wheat,Agriculture
farmer growing wheat in punjab at home,1111,Growing of wheat,Agriculture
i do ayurvedic medicine making in my city,21003,Manufacture of ayurvedic pharmaceutical preparations,Manufacturing
we are into advertising agency,73100,Advertising,Professional
i grow rice,1121,Organic farming of basmati rice,Agriculture
my work is cutting tool manufacturing,25931,Manufacture of cutlery,Manufacturing
we have a fashion designer for local market,74101,Fashion design,Professional
pest control,81299,Other building and industrial cleaning,Services
cleaning services,81210,General cleaning of buildings,Services
we do i grow potatoes as msme,1135,Growing of potatoes and tubers,Agriculture
two wheeler manufacturing,30911,Manufacture of motorcycles and scooters,Manufacturing
industry: fashion designer for domestic market,74101,Fashion design,Professional
i own a jaggery making for local market,10722,Manufacture of gur from sugarcane,Manufacturing
fertilizer manufacturing,20121,Manufacture of urea and organic fertilizers,Manufacturing
noodles and pasta manufacturing in my city,10740,Manufacture of macaroni and noodles,Manufacturing
we are into toy making in my village,32401,Manufacture of dolls and toy animals,Manufacturing
civil engineer consultant,71100,Architectural and engineering activities,Professional
i own a car manufacturing in my city,29101,Manufacture of passenger cars,Manufacturing
clothing shop,47711,Retail sale of readymade garments,Trade
packaging printing as msme,18119,Printing activities,Manufacturing
we do milk powder making as msme,10502,Manufacture of milk powder,Manufacturing
the company is engaged in i make shoes chappal for domestic market,15201,Manufacture of leather footwear,Manufacturing
the company is engaged in car manufacturing at home,29101,Manufacture of passenger cars,Manufacturing
this unit is involved in milk production,1412,Production of milk from cows or buffaloes,Agriculture
industry: auto parts manufacturing for local market,29301,Manufacture of motor vehicle parts,Manufacturing
we are into plastic product manufacturing,22201,Manufacture of semi-finished plastic products,Manufacturing
our business is bicycle repair,95291,Repair of bicycles,Services
i am doing accountant ca firm as msme,69201,Accounting and auditing activities,Finance
industry: tea plantation,1271,Growing of tea,Agriculture
i run a i do fishing in sea as msme,3111,Fishing in ocean and coastal waters,Agriculture
fish farming,3221,Fish farming in freshwater,Agriculture
we have a cotton farming,1161,Growing of cotton,Agriculture
grocery shop,47211,Retail sale of cereals and pulses,Trade
our business is taxi cab service for local market,49224,Taxi operation,Transport
i am doing nursing home,86100,Hospital activities,Healthcare
mango orchard in my city,1221,Growing of mangoes,Agriculture
mango orchard at home,1221,Growing of mangoes,Agriculture
we do insurance agent in my village,66220,Activities of insurance agents and brokers,Finance
business activity: banana farming as msme,1222,Growing of bananas,Agriculture
i am doing photocopying shop on small scale,82191,Photocopying and duplicating services,Services
this unit is involved in chakki flour mill for domestic market,10611,Flour milling,Manufacturing
business activity: shoe making,15201,Manufacture of leather footwear,Manufacturing
we are into two wheeler manufacturing in my village,30911,Manufacture of motorcycles and scooters,Manufacturing
repair shop electronics,95210,Repair of consumer electronics,Services
my work is gas agency cylinder,35202,Distribution and sale of gaseous fuels,Energy
we have a mobile app development,62011,Writing computer programs,IT Services
business activity: sweet shop making mithai in my village,10734,Manufacture of sweetmeats,Manufacturing
industry: banana farming in india,1222,Growing of bananas,Agriculture
prawn farming in india,3221,Fish farming in freshwater,Agriculture
zari work business,13992,Zari work and ornamental trimmings,Manufacturing
we make indian sweets in my village,10734,Manufacture of sweetmeats,Manufacturing
packaging printing,18119,Printing activities,Manufacturing
i am doing canteen mess for export,56292,Operation of canteens,Hospitality
petrol pump,47300,Retail sale of automotive fuel,Trade
i do medicine pharmacy in india,47721,Retail sale of pharmaceuticals,Trade
my work is dentist in my city,86202,Dental practice activities,Healthcare
i run a handmade soap business on small scale,20231,Manufacture of soap all forms,Manufacturing
we deal in mobile phone shop in my village,47414,Retail sale of telecommunication equipment,Trade
business activity: sand quarrying in my city,8106,Operation of sand or gravel pits,Mining
business activity: pottery making for domestic market,23931,Manufacture of articles of porcelain and pottery,Manufacturing
jaggery making in india,10722,Manufacture of gur from sugarcane,Manufacturing
we have a poultry farming for export,1461,Raising and breeding of poultry,Agriculture
we mine coal on small scale,5102,Belowground mining of hard coal,Mining
this unit is involved in mango farming in konkan in my village,1221,Growing of mangoes,Agriculture
i run a hardware shop,47522,Retail sale of hardware,Trade
mutual fund agent,66301,Management of mutual funds,Finance
the company is engaged in rice milling unit as msme,10612,Rice milling,Manufacturing
we do we assemble mobile phones,26305,Manufacture of pagers cellular phones,Manufacturing
business activity: iodized salt processing in my village,10798,Processing of salt into food grade salt,Manufacturing
the company is engaged in road construction for export,42101,Construction of highways and roads,Construction
business activity: i do fishing in sea on small scale,3111,Fishing in ocean and coastal waters,Agriculture
papad making unit,10796,Manufacture of papads and appalam,Manufacturing
we deal in copper wire making in my village,24201,Manufacture of copper products,Manufacturing
pharmacy medical shop,47721,Retail sale of pharmaceuticals,Healthcare
the company is engaged in fish farming in india,3221,Fish farming in freshwater,Agriculture
i am doing embroidery work for domestic market,13991,Embroidery work and making of laces,Manufacturing
we deal in poultry meat processing in my village,10104,Poultry slaughtering and preparation,Manufacturing
this unit is involved in dry cleaning laundry in my village,96010,Washing and dry cleaning of textiles,Services
my work is tailoring unit in my city,14105,Custom tailoring,Manufacturing
soap making as msme,20231,Manufacture of soap all forms,Manufacturing
industry: banana farming,1222,Growing of bananas,Agriculture
skill training institute iti on small scale,85221,Technical and vocational education,Education
i do we grind flour in my city,10611,Flour milling,Manufacturing
business activity: dairy farming in india,1412,Production of milk from cows or buffaloes,Agriculture
i do papad making unit for domestic market,10796,Manufacture of papads and appalam,Manufacturing
electrical installation,43211,Installation of electrical wiring,Construction
this unit is involved in i make soap at home for local market,20231,Manufacture of soap all forms,Manufacturing
aluminium product making,24202,Manufacture of aluminium products,Manufacturing
graphic design,74103,Services of graphic designers,Professional
this unit is involved in we grind spices as msme,10795,Grinding and processing of spices,Manufacturing
this unit is involved in poultry meat processing in my village,10104,Poultry slaughtering and preparation,Manufacturing
this unit is involved in we export organic basmati rice,1121,Organic farming of basmati rice,Agriculture
we are into chocolate making at home,10732,Manufacture of chocolate,Manufacturing
readymade garments,14101,Manufacture of textile garments,Manufacturing
this unit is involved in electronic goods shop in my village,47420,Retail sale of audio and video equipment,Trade
i own a trucking business for local market,49231,Motorised road freight transport,Transport
i do dairy product making ghee butter,10504,Manufacture of cream butter cheese ghee,Manufacturing
civil construction contractor,41001,Construction of buildings,Construction
we deal in farmer growing wheat in punjab for local market,1111,Growing of wheat,Agriculture
two wheeler manufacturing in my city,30911,Manufacture of motorcycles and scooters,Manufacturing
my work is road construction for domestic market,42101,Construction of highways and roads,Construction
we do led bulb making at home,27400,Manufacture of electric lighting equipment,Manufacturing
we grow tea,1271,Growing of tea,Agriculture
i own a my business is wheat cultivation at home,1111,Growing of wheat,Agriculture
we are into homeopathic medicine for export,21004,Manufacture of homoeopathic pharmaceutical preparations,Manufacturing
we have a plastic bag making,22203,Manufacture of plastic articles for packing,Manufacturing
agarbatti incense sticks making,20238,Manufacture of agarbatti,Manufacturing
sugarcane cultivation in my city,1140,Growing of sugar cane,Agriculture
we are into wooden furniture unit on small scale,31001,Manufacture of furniture of wood,Manufacturing
business activity: leather bag making for local market,15121,Manufacture of travel goods and bags,Manufacturing
led bulb making,27400,Manufacture of electric lighting equipment,Manufacturing
this unit is involved in coaching class tuition,85491,Academic tutoring services,Education
packaged water business,11043,Manufacture of mineral water,Manufacturing
silver jewellery,32111,Manufacture of jewellery of gold silver,Manufacturing
fashion designer,74101,Fashion design,Professional
industry: dairy product making ghee butter at home,10504,Manufacture of cream butter cheese ghee,Manufacturing
business activity: utensil making brass copper as msme,25994,Manufacture of metal household articles,Manufacturing
we do jute bag making in my village,13942,Manufacture of cordage or rope of jute,Manufacturing
we have a i grow non basmati rice in my village,1122,Organic farming of non-basmati rice,Agriculture
we do fast food centre,56102,Cafeterias and fast food restaurants,Hospitality
our business is battery manufacturing at home,27201,Manufacture of primary cells and batteries,Manufacturing
industry: handloom weaving in india,13121,Weaving of cotton fabrics,Manufacturing
our business is poultry meat processing in my city,10104,Poultry slaughtering and preparation,Manufacturing
this unit is involved in we grind flour for local market,10611,Flour milling,Manufacturing
industry: handmade soap business in my city,20231,Manufacture of soap all forms,Manufacturing
i am doing tiffin catering service at home,56291,Activities of food service contractors,Hospitality
i own a ayurvedic clinic,86901,Activities of Ayurveda practitioners,Healthcare
our business is tiffin catering service in my village,56291,Activities of food service contractors,Hospitality
jam jelly making in my village,10305,Manufacture of sauces jams and jellies,Manufacturing
leather bag making,15121,Manufacture of travel goods and bags,Manufacturing
industry: kirana store in my village,47211,Retail sale of food products,Trade
our business is diagnostic lab pathology,86905,Activities of diagnostic laboratories,Healthcare
paper bag making in my village,17024,Manufacture of sacks and bags of paper,Manufacturing
this unit is involved in dairy farming in my city,1412,Production of milk from cows or buffaloes,Agriculture
i do vegetable fruit shop,47212,Retail sale of fresh fruit and vegetables,Trade
our business is gold jewellery making at home,32111,Manufacture of jewellery of gold silver,Manufacturing
i grow cotton,1161,Growing of cotton,Agriculture
we do matchbox making at home,20291,Manufacture of matches,Manufacturing
business activity: agricultural equipment making for local market,28212,Manufacture of agricultural machinery,Manufacturing
my work is poultry meat processing in india,10104,Poultry slaughtering and preparation,Manufacturing
the company is engaged in sugarcane farming in my city,1140,Growing of sugar cane,Agriculture
tea packing business in india,10791,Processing and blending of tea,Manufacturing
perfume making,20234,Manufacture of perfumes,Manufacturing
i own a i make papad for domestic market,10796,Manufacture of papads and appalam,Manufacturing
industry: bicycle repair for local market,95291,Repair of bicycles,Services
we are into furniture shop,47591,Retail sale of household furniture,Trade
we have a tailoring alteration in my city,95292,Repair and alteration of clothing,Services
i own a chili farming for export,1282,Growing of chili,Agriculture
we deal in i make shoes chappal,15201,Manufacture of leather footwear,Manufacturing
this unit is involved in private school on small scale,85211,General school education first stage,Education
i run a limestone mining on small scale,8107,Mining of limestone,Mining
my work is sand quarrying,8106,Operation of sand or gravel pits,Mining
wooden furniture unit for export,31001,Manufacture of furniture of wood,Manufacturing
i run a dry cleaning laundry for export,96010,Washing and dry cleaning of textiles,Services
we do we make bread and biscuits in my village,10712,Manufacture of biscuits and cakes,Manufacturing
medicine pharmacy,47721,Retail sale of pharmaceuticals,Trade
battery manufacturing for local market,27201,Manufacture of primary cells and batteries,Manufacturing
i own a readymade garments on small scale,14101,Manufacture of textile garments,Manufacturing
industry: iron ore mining for export,7100,Mining of iron ores,Mining
the company is engaged in sports goods manufacturing in india,32300,Manufacture of sports goods,Manufacturing
fish processing,10204,Processing and preserving of fish,Manufacturing
wire fencing making for domestic market,25993,Manufacture of metal cable and wire,Manufacturing
we dry and pack fish for export,10201,Sun-drying of fish,Manufacturing
my work is electrical installation,43211,Installation of electrical wiring,Construction
we are into dance music class,85420,Cultural education,Education
i do repair shop electronics,95210,Repair of consumer electronics,Services
i do diagnostic lab pathology,86905,Activities of diagnostic laboratories,Healthcare
this unit is involved in hospital clinic for export,86100,Hospital activities,Healthcare
my work is photography studio,74201,Commercial photograph production,Professional
the company is engaged in jewellery shop,47733,Retail sale of jewellery,Trade
our business is lock and key making,25934,Manufacture of padlocks and locks,Manufacturing
toy making,32401,Manufacture of dolls and toy animals,Manufacturing
fruit juice manufacturing,10304,Manufacture of fruit juices,Manufacturing
plywood manufacturing at home,16211,Manufacture of plywood and veneer,Manufacturing
we are into tailoring unit on small scale,14105,Custom tailoring,Manufacturing
we are into we grow sugarcane in my city,1140,Growing of sugar cane,Agriculture
this unit is involved in jaggery making,10722,Manufacture of gur from sugarcane,Manufacturing
our business is cosmetics making for local market,20237,Manufacture of cosmetics and toileteries,Manufacturing
flour mill,10611,Flour milling,Manufacturing
business activity: gold jewellery making for local market,32111,Manufacture of jewellery of gold silver,Manufacturing
our business is electrical installation for local market,43211,Installation of electrical wiring,Construction
i grow rice in india,1121,Organic farming of basmati rice,Agriculture
we do we make indian sweets at home,10734,Manufacture of sweetmeats,Manufacturing
dance music class in india,85420,Cultural education,Education
business activity: parcel delivery on small scale,53200,Courier activities,Transport
i do paddy cultivation on small scale,1121,Organic farming of basmati rice,Agriculture
cotton farming,1161,Growing of cotton,Agriculture
furniture making wood,31001,Manufacture of furniture of wood,Manufacturing
we do carpet making for domestic market,13931,Manufacture of carpets of cotton,Manufacturing
my work is plastic chair table making for export,22202,Manufacture of plastic household articles,Manufacturing
industry: bridge construction in india,42101,Construction of bridges and tunnels,Construction
i run a ice cream manufacturing in my city,10505,Manufacture of ice cream,Manufacturing
i am doing i make papad in my village,10796,Manufacture of papads and appalam,Manufacturing
our business is chit fund,64910,Financial leasing,Finance
we have a i make ghee,10504,Manufacture of cream butter cheese ghee,Manufacturing
prawn farming,3221,Fish farming in freshwater,Agriculture
we have a sand quarrying in my city,8106,Operation of sand or gravel pits,Mining
our business is we assemble mobile phones in my village,26305,Manufacture of pagers cellular phones,Manufacturing
auto rickshaw,49224,Taxi operation,Transport
dairy product making ghee butter,10504,Manufacture of cream butter cheese ghee,Manufacturing
we do i make agarbatti at home,20238,Manufacture of agarbatti,Manufacturing
this unit is involved in market research as msme,73200,Market research and public opinion polling,Professional
i run a truck transport for domestic market,49231,Motorised road freight transport,Transport
we deal in we grow sugarcane,1140,Growing of sugar cane,Agriculture
industry: packaged water business in my village,11043,Manufacture of mineral water,Manufacturing
we do mango orchard,1221,Growing of mangoes,Agriculture
grocery shop in my city,47211,Retail sale of cereals and pulses,Trade
poultry farming,1461,Raising and breeding of poultry,Agriculture
the company is engaged in beauty parlour salon,96020,Hairdressing and other beauty treatment,Services
i own a i make leather bags in my city,15121,Manufacture of travel goods and bags,Manufacturing
i do fireworks manufacturing,20292,Manufacture of explosives and fireworks,Manufacturing
we deal in packaging printing for local market,18119,Printing activities,Manufacturing
i do surgical instrument making,32504,Manufacture of bone plates and syringes,Manufacturing
we are into i keep bees and sell honey for domestic market,1492,Bee-keeping and production of honey,Agriculture
i am doing ceramic tile manufacturing for export,23921,Manufacture of bricks,Manufacturing
i own a placement agency hr,78100,Activities of employment placement agencies,Services
our business is real estate agent broker for domestic market,68200,Real estate activities on fee basis,Real Estate
business activity: coconut farming in my village,1261,Growing of coconut,Agriculture
the company is engaged in tyre manufacturing in india,22111,Manufacture of rubber tyres for motor vehicles,Manufacturing
i am doing spice farming for local market,1284,Growing of spices,Agriculture
solar energy plant,35105,Electric power generation using solar energy,Energy
we do real estate developer for domestic market,41001,Construction of buildings,Construction
we do hardware shop,47522,Retail sale of hardware,Trade
we have a auto rickshaw at home,49224,Taxi operation,Transport
private school for export,85211,General school education first stage,Education
cutting tool manufacturing,25931,Manufacture of cutlery,Manufacturing
i own a courier service in my city,53200,Courier activities,Transport
i do data entry work for export,63114,Providing data entry services,IT Services
i run a cyber cafe in india,63992,Activities of cyber cafe,IT Services
our business is i have a cow dairy in my city,1412,Production of milk from cows or buffaloes,Agriculture
we deal in apiary business for export,1492,Bee-keeping and production of honey,Agriculture
we deal in saree weaving in my city,13122,Weaving of silk fabrics,Manufacturing
i own a glass bangle making in india,23106,Manufacture of glass bangles,Manufacturing
this unit is involved in shipping agent on small scale,52292,Activities of shipping cargo agents,Transport
packaged water business in my city,11043,Manufacture of mineral water,Manufacturing
industry: we assemble mobile phones as msme,26305,Manufacture of pagers cellular phones,Manufacturing
dal mill,10613,Dal (pulses) milling,Manufacturing
industry: tailoring unit in my city,14105,Custom tailoring,Manufacturing
we are into jute bag making as msme,13942,Manufacture of cordage or rope of jute,Manufacturing
this unit is involved in spice farming for domestic market,1284,Growing of spices,Agriculture
i am doing i run a rice mill for local market,10612,Rice milling,Manufacturing
i grow non basmati rice on small scale,1122,Organic farming of non-basmati rice,Agriculture
i own a i make soap at home as msme,20231,Manufacture of soap all forms,Manufacturing
my work is paint manufacturing,20221,Manufacture of paints and varnishes,Manufacturing
pharmacy medical shop for domestic market,47721,Retail sale of pharmaceuticals,Healthcare
we do data entry work for local market,63114,Providing data entry services,IT Services
i run a soft drink manufacturing at home,11045,Manufacture of soft drinks,Manufacturing
i do jaggery making for domestic market,10722,Manufacture of gur from sugarcane,Manufacturing
jaggery making on small scale,10722,Manufacture of gur from sugarcane,Manufacturing
we mine coal for domestic market,5102,Belowground mining of hard coal,Mining
we make washing powder,20233,Manufacture of detergent,Manufacturing
i own a knitting hosiery unit,13913,Manufacture of knitted synthetic fabrics,Manufacturing
we deal in brassware manufacturing for export,25994,Manufacture of metal household articles,Manufacturing
we are into rice mill on small scale,10612,Rice milling,Manufacturing
industry: led bulb making at home,27400,Manufacture of electric lighting equipment,Manufacturing
industry: poultry farming in my village,1461,Raising and breeding of poultry,Agriculture
cattle feed manufacturing,10801,Manufacture of cattle feed,Manufacturing
i do event management in my village,82300,Organization of conventions and trade shows,Services
i am doing dance music class in my city,85420,Cultural education,Education
electric fan manufacturing,27503,Manufacture of electric fans,Manufacturing
i do we grow sugarcane in india,1140,Growing of sugar cane,Agriculture
our business is architect firm for local market,71100,Architectural and engineering activities,Professional
i own a milk production,1412,Production of milk from cows or buffaloes,Agriculture
we are into dhaba food stall in india,56101,Restaurants,Hospitality
vegetable farming in my city,1131,Growing of vegetables,Agriculture
my work is aerated drinks manufacturing at home,11041,Manufacture of aerated drinks,Manufacturing
i run a mobile phone shop,47414,Retail sale of telecommunication equipment,Trade
we do tea processing,10791,Processing and blending of tea,Manufacturing
chakki flour mill,10611,Flour milling,Manufacturing
we deal in mobile recharge shop as msme,61201,Activities of internet access wireless,IT Services
the company is engaged in readymade garments for export,14101,Manufacture of textile garments,Manufacturing
building construction as msme,41001,Construction of buildings,Construction
we dry and pack fish,10201,Sun-drying of fish,Manufacturing
parcel delivery,53200,Courier activities,Transport
this unit is involved in wire and cable manufacturing,27320,Manufacture of wires and cables,Manufacturing
we have a event management as msme,82300,Organization of conventions and trade shows,Services
wooden furniture unit,31001,Manufacture of furniture of wood,Manufacturing
industry: clothing shop in my village,47711,Retail sale of readymade garments,Trade
market research,73200,Market research and public opinion polling,Professional
i run a medicine pharmacy on small scale,47721,Retail sale of pharmaceuticals,Trade
this unit is involved in machine repair workshop for domestic market,33121,Repair of engines and turbines,Manufacturing
we do hair oil shampoo manufacturing for export,20236,Manufacture of hair oil and shampoo,Manufacturing
our business is ceramic tile manufacturing in india,23921,Manufacture of bricks,Manufacturing
we do steel manufacturing,24103,Manufacture of steel,Manufacturing
this unit is involved in i make ghee in my village,10504,Manufacture of cream butter cheese ghee,Manufacturing
my work is we grow onion for domestic market,1133,Growing of onion,Agriculture
industry: i make wooden furniture,31001,Manufacture of furniture of wood,Manufacturing
mobile phone manufacturing,26305,Manufacture of pagers cellular phones,Manufacturing
cotton yarn spinning for domestic market,13111,Preparation and spinning of cotton fiber,Manufacturing
i own a we grow tea at home,1271,Growing of tea,Agriculture
we have a pickle making in my village,10306,Manufacture of pickles and chutney,Manufacturing
i make soap at home at home,20231,Manufacture of soap all forms,Manufacturing
electricity distribution,35109,Collection and distribution of electric energy,Energy
business activity: mutual fund agent in india,66301,Management of mutual funds,Finance
building construction,41001,Construction of buildings,Construction
this unit is involved in printing press in india,18112,Printing of books and magazines,Manufacturing
we deal in we grow onion,1133,Growing of onion,Agriculture
i am doing pesticide manufacturing,20211,Manufacture of insecticides,Manufacturing
the company is engaged in highway building at home,42101,Construction of highways and roads,Construction
surgical cotton bandage making for local market,21006,Manufacture of medical wadding gauze bandages,Manufacturing
limestone mining,8107,Mining of limestone,Mining
industry: bridge construction for domestic market,42101,Construction of bridges and tunnels,Construction
the company is engaged in banana farming on small scale,1222,Growing of bananas,Agriculture
furniture making wood for export,31001,Manufacture of furniture of wood,Manufacturing
real estate developer,41001,Construction of buildings,Construction
photocopying shop on small scale,82191,Photocopying and duplicating services,Services
shipping agent,52292,Activities of shipping cargo agents,Transport
we deal in internet service provider for local market,61104,Activities providing internet access,IT Services
doctor medical practice,86201,Medical practice activities,Healthcare
i own a fast food centre at home,56102,Cafeterias and fast food restaurants,Hospitality
i run a i have a cow dairy as msme,1412,Production of milk from cows or buffaloes,Agriculture
book shop stationery for domestic market,47613,Retail sale of stationery,Trade
i own a pottery making,23931,Manufacture of articles of porcelain and pottery,Manufacturing
we have a shipping agent on small scale,52292,Activities of shipping cargo agents,Transport
we do cold storage warehouse as msme,52101,Warehousing of refrigerated goods,Transport
bakery unit,10711,Manufacture of bread,Manufacturing
i do papad making unit for export,10796,Manufacture of papads and appalam,Manufacturing
i run a soft drink manufacturing,11045,Manufacture of soft drinks,Manufacturing
we have a bolt nut manufacturing,25991,Manufacture of metal fasteners,Manufacturing
this unit is involved in paddy cultivation for local market,1121,Organic farming of basmati rice,Agriculture
we have a accountant ca firm for export,69201,Accounting and auditing activities,Finance
money lending in india,64920,Other credit granting,Finance
we have a advocate lawyer for local market,69100,Legal activities,Professional
business activity: cotton yarn spinning in my city,13111,Preparation and spinning of cotton fiber,Manufacturing
power loom,13121,Weaving of cotton fabrics,Manufacturing
i am doing power loom for domestic market,13121,Weaving of cotton fabrics,Manufacturing
the company is engaged in i run a rice mill in my village,10612,Rice milling,Manufacturing
business activity: cobbler shoe repair for local market,95230,Repair of footwear and leather goods,Services
highway building,42101,Construction of highways and roads,Construction
we are into photography studio in my village,74201,Commercial photograph production,Professional
machine repair workshop,33121,Repair of engines and turbines,Manufacturing
spice farming as msme,1284,Growing of spices,Agriculture
we deal in perfume making,20234,Manufacture of perfumes,Manufacturing
we are into rice cultivation in irrigated fields,1121,Organic farming of basmati rice,Agriculture
we do we grow onion,1133,Growing of onion,Agriculture
we have a gold jewellery making as msme,32111,Manufacture of jewellery of gold silver,Manufacturing
furniture making wood as msme,31001,Manufacture of furniture of wood,Manufacturing
i own a paper bag making,17024,Manufacture of sacks and bags of paper,Manufacturing
this unit is involved in lock and key making as msme,25934,Manufacture of padlocks and locks,Manufacturing
i own a gold jewellery making in my city,32111,Manufacture of jewellery of gold silver,Manufacturing
the company is engaged in cleaning services,81210,General cleaning of buildings,Services
i own a soft drink manufacturing,11045,Manufacture of soft drinks,Manufacturing
we have a stock broker for export,66120,Security and commodity contracts brokerage,Finance
industry: detergent manufacturing,20233,Manufacture of detergent,Manufacturing
paddy cultivation,1121,Organic farming of basmati rice,Agriculture
i do surgical cotton bandage making for local market,21006,Manufacture of medical wadding gauze bandages,Manufacturing
i own a surgical cotton bandage making on small scale,21006,Manufacture of medical wadding gauze bandages,Manufacturing
hospital clinic in my city,86100,Hospital activities,Healthcare
canteen mess for export,56292,Operation of canteens,Hospitality
business activity: chit fund,64910,Financial leasing,Finance
electronic goods shop,47420,Retail sale of audio and video equipment,Trade
i run a jewellery shop for local market,47733,Retail sale of jewellery,Trade
we deal in truck transport in my village,49231,Motorised road freight transport,Transport
i run a we make washing powder in my city,20233,Manufacture of detergent,Manufacturing
this unit is involved in nursing home,86100,Hospital activities,Healthcare
i own a plastic bag making in my village,22203,Manufacture of plastic articles for packing,Manufacturing
i do tin box can making for domestic market,25992,Manufacture of containers tins and cans,Manufacturing
we have a plumbing work,43221,Installation of plumbing,Construction
footwear manufacturing,15201,Manufacture of leather footwear,Manufacturing
we are into i grow cotton,1161,Growing of cotton,Agriculture
this unit is involved in mobile phone repair in my village,95120,Repair of communication equipment,Services
carpet making,13931,Manufacture of carpets of cotton,Manufacturing
i run a iron ore mining for domestic market,7100,Mining of iron ores,Mining
spectacle frame making at home,22206,Manufacture of spectacle frames of plastic,Manufacturing
i run a cutting tool manufacturing,25931,Manufacture of cutlery,Manufacturing
our business is readymade garments in my city,14101,Manufacture of textile garments,Manufacturing
i am doing ayurvedic medicine making,21003,Manufacture of ayurvedic pharmaceutical preparations,Manufacturing
milk powder making,10502,Manufacture of milk powder,Manufacturing
i own a milk powder making,10502,Manufacture of milk powder,Manufacturing
i run a wire fencing making in my village,25993,Manufacture of metal cable and wire,Manufacturing
our business is imitation artificial jewellery for local market,32120,Manufacture of imitation jewellery,Manufacturing
industry: noodles and pasta manufacturing in my village,10740,Manufacture of macaroni and noodles,Manufacturing
we do milk powder making in my village,10502,Manufacture of milk powder,Manufacturing
industry: i make ghee for local market,10504,Manufacture of cream butter cheese ghee,Manufacturing
i own a road construction,42101,Construction of highways and roads,Construction
our business is we grow tea at home,1271,Growing of tea,Agriculture
business activity: plastic product manufacturing for export,22201,Manufacture of semi-finished plastic products,Manufacturing
handloom weaving,13121,Weaving of cotton fabrics,Manufacturing
i make gold jewellery at home,32111,Manufacture of jewellery of gold silver,Manufacturing
i am doing pottery making for local market,23931,Manufacture of articles of porcelain and pottery,Manufacturing
i am doing truck transport in my city,49231,Motorised road freight transport,Transport
i run a pest control in my village,81299,Other building and industrial cleaning,Services
we deal in battery manufacturing at home,27201,Manufacture of primary cells and batteries,Manufacturing
our business is iodized salt processing,10798,Processing of salt into food grade salt,Manufacturing
industry: online selling ecommerce,47912,Retail sale via e-commerce,Trade
business activity: poultry farming at home,1461,Raising and breeding of poultry,Agriculture
this unit is involved in pickle making at home,10306,Manufacture of pickles and chutney,Manufacturing
this unit is involved in packaged water business in my city,11043,Manufacture of mineral water,Manufacturing
i run a chit fund,64910,Financial leasing,Finance
we have a solar energy plant,35105,Electric power generation using solar energy,Energy
we do mutual fund agent in my village,66301,Management of mutual funds,Finance
this unit is involved in beauty parlour salon for domestic market,96020,Hairdressing and other beauty treatment,Services
we do two wheeler manufacturing in india,30911,Manufacture of motorcycles and scooters,Manufacturing
we deal in prawn farming,3221,Fish farming in freshwater,Agriculture
the company is engaged in iron and steel plant,24101,Manufacture of pig iron,Manufacturing
this unit is involved in bridge construction as msme,42101,Construction of bridges and tunnels,Construction
cotton yarn spinning,13111,Preparation and spinning of cotton fiber,Manufacturing
i run a grocery shop on small scale,47211,Retail sale of cereals and pulses,Trade
our business is skill training institute iti in my city,85221,Technical and vocational education,Education
i am doing spice grinding and processing for domestic market,10795,Grinding and processing of spices,Manufacturing
candle making,20238,Manufacture of agarbatti and similar products,Manufacturing
this unit is involved in veterinary doctor at home,75000,Veterinary activities,Professional
we are into we dry and pack fish as msme,10201,Sun-drying of fish,Manufacturing
wheat farming,1111,Growing of wheat,Agriculture
accountant ca firm,69201,Accounting and auditing activities,Finance
we have a carpet making in my city,13931,Manufacture of carpets of cotton,Manufacturing
i own a money lending,64920,Other credit granting,Finance
we are into i grow coconuts for local market,1261,Growing of coconut,Agriculture
i run a i raise chickens for local market,1461,Raising and breeding of poultry,Agriculture
i run a chakki flour mill for local market,10611,Flour milling,Manufacturing
hardware shop for local market,47522,Retail sale of hardware,Trade
i am doing canteen mess as msme,56292,Operation of canteens,Hospitality
we do soap making on small scale,20231,Manufacture of soap all forms,Manufacturing
aluminium product making at home,24202,Manufacture of aluminium products,Manufacturing
we do i keep bees and sell honey on small scale,1492,Bee-keeping and production of honey,Agriculture
i run a we make indian sweets for domestic market,10734,Manufacture of sweetmeats,Manufacturing
business activity: poultry farming in my city,1461,Raising and breeding of poultry,Agriculture
detergent manufacturing,20233,Manufacture of detergent,Manufacturing
i run a computer assembly for export,26201,Manufacture of desktop and laptop computers,Manufacturing
i am doing potato farming for domestic market,1135,Growing of potatoes and tubers,Agriculture
business activity: repair shop electronics,95210,Repair of consumer electronics,Services
we have a power loom at home,13121,Weaving of cotton fabrics,Manufacturing
kirana store,47211,Retail sale of food products,Trade
we do perfume making on small scale,20234,Manufacture of perfumes,Manufacturing
i am doing i make pickles,10306,Manufacture of pickles and chutney,Manufacturing
this unit is involved in granite quarrying in my city,8102,Quarrying of granite,Mining
we have a surgical instrument making for domestic market,32504,Manufacture of bone plates and syringes,Manufacturing
diamond cutting and polishing,32112,Working of diamonds and precious stones,Manufacturing
courier service,53200,Courier activities,Transport
i own a cement manufacturing in my city,23941,Manufacture of clinkers and cement,Manufacturing
i am doing bakery products for domestic market,10712,Manufacture of biscuits and cakes,Manufacturing
i do we grind spices as msme,10795,Grinding and processing of spices,Manufacturing
i own a dance music class for domestic market,85420,Cultural education,Education
detergent manufacturing in my village,20233,Manufacture of detergent,Manufacturing
sand quarrying for export,8106,Operation of sand or gravel pits,Mining
knife scissors making,25931,Manufacture of cutlery,Manufacturing
private school,85211,General school education first stage,Education
i am doing surgical instrument making in my city,32504,Manufacture of bone plates and syringes,Manufacturing
business activity: house construction,41001,Construction of buildings,Construction
i own a saree weaving,13122,Weaving of silk fabrics,Manufacturing
this unit is involved in furniture shop for local market,47591,Retail sale of household furniture,Trade
we are into i grow wheat on my farm,1111,Growing of wheat,Agriculture
we have a shipping agent as msme,52292,Activities of shipping cargo agents,Transport
i do photography studio in my village,74201,Commercial photograph production,Professional
i own a it consulting,62020,Computer consultancy,IT Services
iron and steel plant,24101,Manufacture of pig iron,Manufacturing
business activity: paper bag making as msme,17024,Manufacture of sacks and bags of paper,Manufacturing
industry: wooden toy making in india,32401,Manufacture of dolls and toy animals,Manufacturing
we are into petrol pump,47300,Retail sale of automotive fuel,Trade
the company is engaged in embroidery work in my village,13991,Embroidery work and making of laces,Manufacturing
i run a pump manufacturing on small scale,28132,Manufacture of pumps and compressors,Manufacturing
our business is we grind spices on small scale,10795,Grinding and processing of spices,Manufacturing
i make shoes chappal,15201,Manufacture of leather footwear,Manufacturing
tea stall in india,56302,Tea and coffee shops,Hospitality
our business is mobile bike repair shop,45403,Maintenance of motorcycles and scooters,Trade
i do poultry meat processing for domestic market,10104,Poultry slaughtering and preparation,Manufacturing
business activity: we make indian sweets for local market,10734,Manufacture of sweetmeats,Manufacturing
the company is engaged in we grow bananas,1222,Growing of bananas,Agriculture
my work is hotel restaurant as msme,55101,Hotels and motels providing lodging,Hospitality
we are into we make fruit juice in india,10304,Manufacture of fruit juices,Manufacturing
i own a pesticide manufacturing,20211,Manufacture of insecticides,Manufacturing
wholesale trader,46209,Wholesale of agriculture raw materials,Trade
i do taxi cab service in my village,49224,Taxi operation,Transport
my work is computer training centre in india,85491,Academic tutoring services,Education
electronic goods shop at home,47420,Retail sale of audio and video equipment,Trade
i do trucking business,49231,Motorised road freight transport,Transport
i am doing we cultivate wheat crops for local market,1111,Growing of wheat,Agriculture
industry: cement manufacturing in my city,23941,Manufacture of clinkers and cement,Manufacturing
i own a cotton farming,1161,Growing of cotton,Agriculture
we do we assemble mobile phones as msme,26305,Manufacture of pagers cellular phones,Manufacturing
i run a stock broker for export,66120,Security and commodity contracts brokerage,Finance
canteen mess,56292,Operation of canteens,Hospitality
i run a i grow non basmati rice in my village,1122,Organic farming of non-basmati rice,Agriculture
we have a highway building for domestic market,42101,Construction of highways and roads,Construction
industry: battery manufacturing in my city,27201,Manufacture of primary cells and batteries,Manufacturing
we make jaggery gur in my village,10722,Manufacture of gur from sugarcane,Manufacturing
we deal in iron ore mining as msme,7100,Mining of iron ores,Mining
the company is engaged in travel agency for local market,52291,Activities of travel agents,Transport
we have a garment stitching for export,14101,Manufacture of textile garments,Manufacturing
the company is engaged in banana farming in india,1222,Growing of bananas,Agriculture
medicine manufacturing allopathic for export,21002,Manufacture of allopathic pharmaceutical preparations,Manufacturing
i run a tiffin catering service on small scale,56291,Activities of food service contractors,Hospitality
herbal medicine production for export,21003,Manufacture of ayurvedic pharmaceutical preparations,Manufacturing
i own a cattle feed manufacturing,10801,Manufacture of cattle feed,Manufacturing
our business is highway building,42101,Construction of highways and roads,Construction
i am doing web design for export,62012,Web page designing,IT Services
my work is plywood manufacturing for export,16211,Manufacture of plywood and veneer,Manufacturing
pickle making for domestic market,10306,Manufacture of pickles and chutney,Manufacturing
i own a driving school for domestic market,85223,Professional motor driving school,Education
i am doing jute farming on small scale,1162,Growing of jute,Agriculture
we make fruit juice,10304,Manufacture of fruit juices,Manufacturing
business activity: we make washing powder in my city,20233,Manufacture of detergent,Manufacturing
industry: cardboard box making in my city,17023,Manufacture of card board boxes,Manufacturing
we have a money lending for local market,64920,Other credit granting,Finance
we have a event management,82300,Organization of conventions and trade shows,Services
my work is paint manufacturing for domestic market,20221,Manufacture of paints and varnishes,Manufacturing
our business is sweet shop making mithai,10734,Manufacture of sweetmeats,Manufacturing
i run a we make fruit juice in my village,10304,Manufacture of fruit juices,Manufacturing
we deal in pump manufacturing,28132,Manufacture of pumps and compressors,Manufacturing
business activity: dhaba food stall in my village,56101,Restaurants,Hospitality
we grow onion,1133,Growing of onion,Agriculture
we have a i have a cow dairy in my city,1412,Production of milk from cows or buffaloes,Agriculture
our business is plywood manufacturing in india,16211,Manufacture of plywood and veneer,Manufacturing
i do ceramic tile manufacturing,23921,Manufacture of bricks,Manufacturing
we are into readymade garments for export,14101,Manufacture of textile garments,Manufacturing
industry: pest control in my village,81299,Other building and industrial cleaning,Services
we have a wholesale trader in my city,46209,Wholesale of agriculture raw materials,Trade
our business is soft drink manufacturing in india,11045,Manufacture of soft drinks,Manufacturing
our business is ice cream manufacturing,10505,Manufacture of ice cream,Manufacturing
i am doing fruit juice manufacturing,10304,Manufacture of fruit juices,Manufacturing
i am doing candle making for domestic market,20238,Manufacture of agarbatti and similar products,Manufacturing
we have a it consulting on small scale,62020,Computer consultancy,IT Services
we have a taxi cab service on small scale,49224,Taxi operation,Transport
the company is engaged in web design at home,62012,Web page designing,IT Services
banana farming,1222,Growing of bananas,Agriculture
the company is engaged in paddy cultivation,1121,Organic farming of basmati rice,Agriculture
i do bolt nut manufacturing for domestic market,25991,Manufacture of metal fasteners,Manufacturing
sewing machine manufacturing for domestic market,28265,Manufacture of sewing machines,Manufacturing
this unit is involved in toothpaste manufacturing for local market,20235,Manufacture of dental hygiene preparations,Manufacturing
trucking business on small scale,49231,Motorised road freight transport,Transport
we deal in aerated drinks manufacturing,11041,Manufacture of aerated drinks,Manufacturing
business activity: brick manufacturing on small scale,23921,Manufacture of bricks,Manufacturing
this unit is involved in mango farming in konkan on small scale,1221,Growing of mangoes,Agriculture
trucking business,49231,Motorised road freight transport,Transport
business activity: fish processing in india,10204,Processing and preserving of fish,Manufacturing
college,85301,Higher education,Education
our business is juice shop in india,56303,Fruit juice bars,Hospitality
apiary business,1492,Bee-keeping and production of honey,Agriculture
industry: aluminium product making in my village,24202,Manufacture of aluminium products,Manufacturing
travel agency in my village,52291,Activities of travel agents,Transport
our business is bicycle manufacturing at home,30921,Manufacture of bicycles,Manufacturing
my work is mineral water plant,11043,Manufacture of mineral water,Manufacturing
money lending,64920,Other credit granting,Finance
we have a copper wire making in my village,24201,Manufacture of copper products,Manufacturing
i grow ginger,1281,Growing of ginger,Agriculture
we have a paint manufacturing at home,20221,Manufacture of paints and varnishes,Manufacturing
i do we make indian sweets as msme,10734,Manufacture of sweetmeats,Manufacturing
we deal in event catering on small scale,56210,Event catering,Hospitality
our business is i make agarbatti for domestic market,20238,Manufacture of agarbatti,Manufacturing
i own a market research,73200,Market research and public opinion polling,Professional
wind energy farm for export,35106,Electric power generation non conventional,Energy
we are into interior design work,43303,Interior painting and decorating,Construction
this unit is involved in i make wooden furniture on small scale,31001,Manufacture of furniture of wood,Manufacturing
industry: dal mill for export,10613,Dal (pulses) milling,Manufacturing
ayurvedic clinic,86901,Activities of Ayurveda practitioners,Healthcare
car manufacturing for export,29101,Manufacture of passenger cars,Manufacturing
i do we grow sugarcane on small scale,1140,Growing of sugar cane,Agriculture
mobile phone shop,47414,Retail sale of telecommunication equipment,Trade
business activity: steel manufacturing,24103,Manufacture of steel,Manufacturing
i run a event management,82300,Organization of conventions and trade shows,Services
we have a architect firm,71100,Architectural and engineering activities,Professional
our business is plumbing work,43221,Installation of plumbing,Construction
i grow coconuts,1261,Growing of coconut,Agriculture
ayurvedic clinic for export,86901,Activities of Ayurveda practitioners,Healthcare
this unit is involved in i grow ginger in my city,1281,Growing of ginger,Agriculture
i run a medical device manufacturing,32504,Manufacture of medical instruments,Manufacturing
we are into mineral water plant as msme,11043,Manufacture of mineral water,Manufacturing
we have a real estate agent broker for local market,68200,Real estate activities on fee basis,Real Estate
business activity: vegetable farming on small scale,1131,Growing of vegetables,Agriculture
i keep bees and sell honey,1492,Bee-keeping and production of honey,Agriculture
we have a homeopathic medicine on small scale,21004,Manufacture of homoeopathic pharmaceutical preparations,Manufacturing
utensil making brass copper,25994,Manufacture of metal household articles,Manufacturing
i do gas agency cylinder as msme,35202,Distribution and sale of gaseous fuels,Energy
industry: paint manufacturing as msme,20221,Manufacture of paints and varnishes,Manufacturing
our business is brick manufacturing in my village,23921,Manufacture of bricks,Manufacturing
we have a i grow wheat on my farm,1111,Growing of wheat,Agriculture
i own a computer training centre as msme,85491,Academic tutoring services,Education
we are into fertilizer manufacturing at home,20121,Manufacture of urea and organic fertilizers,Manufacturing
the company is engaged in interior design work at home,43303,Interior painting and decorating,Construction
our business is footwear manufacturing on small scale,15201,Manufacture of leather footwear,Manufacturing
the company is engaged in noodles and pasta manufacturing in my village,10740,Manufacture of macaroni and noodles,Manufacturing
we have a iron ore mining for domestic market,7100,Mining of iron ores,Mining
event catering,56210,Event catering,Hospitality
plywood manufacturing,16211,Manufacture of plywood and veneer,Manufacturing
marble quarrying,8101,Quarrying of marble,Mining
we have a petrol pump as msme,47300,Retail sale of automotive fuel,Trade
i own a spice grinding and processing for local market,10795,Grinding and processing of spices,Manufacturing
chili farming,1282,Growing of chili,Agriculture
we do fireworks manufacturing at home,20292,Manufacture of explosives and fireworks,Manufacturing
business activity: cosmetics making as msme,20237,Manufacture of cosmetics and toileteries,Manufacturing
industry: poultry farming in my city,1461,Raising and breeding of poultry,Agriculture
i do tin box can making,25992,Manufacture of containers tins and cans,Manufacturing
i am doing vegetable farming as msme,1131,Growing of vegetables,Agriculture
cardboard box making for export,17023,Manufacture of card board boxes,Manufacturing
i am doing auto parts manufacturing on small scale,29301,Manufacture of motor vehicle parts,Manufacturing
our business is cosmetics making,20237,Manufacture of cosmetics and toileteries,Manufacturing
we have a tractor manufacturing,28211,Manufacture of tractors for agriculture,Manufacturing
vegetable fruit shop,47212,Retail sale of fresh fruit and vegetables,Trade
my work is rice mill in my city,10612,Rice milling,Manufacturing
i own a packaged water business for local market,11043,Manufacture of mineral water,Manufacturing
we deal in driving school,85223,Professional motor driving school,Education
we grow bananas as msme,1222,Growing of bananas,Agriculture
business activity: mobile phone shop,47414,Retail sale of telecommunication equipment,Trade
i do dairy product making ghee butter for export,10504,Manufacture of cream butter cheese ghee,Manufacturing
i am doing we dry and pack fish for local market,10201,Sun-drying of fish,Manufacturing
egg production farm,1462,Production of eggs,Agriculture
we have a tailoring unit for local market,14105,Custom tailoring,Manufacturing
vehicle repair garage,45200,Maintenance and repair of motor vehicles,Trade
the company is engaged in machine repair workshop as msme,33121,Repair of engines and turbines,Manufacturing
cardboard box making,17023,Manufacture of card board boxes,Manufacturing
i do aerated drinks manufacturing for domestic market,11041,Manufacture of aerated drinks,Manufacturing
my work is imitation artificial jewellery,32120,Manufacture of imitation jewellery,Manufacturing
we do jute bag making in india,13942,Manufacture of cordage or rope of jute,Manufacturing
my work is potato farming as msme,1135,Growing of potatoes and tubers,Agriculture
i do fishing in sea for export,3111,Fishing in ocean and coastal waters,Agriculture
this unit is involved in packaged water business as msme,11043,Manufacture of mineral water,Manufacturing
real estate agent broker at home,68200,Real estate activities on fee basis,Real Estate
this unit is involved in we export organic basmati rice in my city,1121,Organic farming of basmati rice,Agriculture
we are into clothing shop on small scale,47711,Retail sale of readymade garments,Trade
we are into we make jaggery gur in india,10722,Manufacture of gur from sugarcane,Manufacturing
phenyl disinfectant making,20212,Manufacture of disinfectants,Manufacturing
i do computer assembly in india,26201,Manufacture of desktop and laptop computers,Manufacturing
we do cement manufacturing for export,23941,Manufacture of clinkers and cement,Manufacturing
money lending for local market,64920,Other credit granting,Finance
we have a footwear manufacturing,15201,Manufacture of leather footwear,Manufacturing
we have a i make agarbatti,20238,Manufacture of agarbatti,Manufacturing
spice grinding and processing in my city,10795,Grinding and processing of spices,Manufacturing
our business is coffee plantation on small scale,1272,Growing of coffee,Agriculture
mobile bike repair shop at home,45403,Maintenance of motorcycles and scooters,Trade
this unit is involved in basmati rice farming,1121,Organic farming of basmati rice,Agriculture
industry: i keep bees and sell honey,1492,Bee-keeping and production of honey,Agriculture
we are into sand quarrying in my village,8106,Operation of sand or gravel pits,Mining
photocopying shop for export,82191,Photocopying and duplicating services,Services
we do rice cultivation in irrigated fields as msme,1121,Organic farming of basmati rice,Agriculture
internet service provider,61104,Activities providing internet access,IT Services
business activity: mutual fund agent for local market,66301,Management of mutual funds,Finance
i run a zari work business,13992,Zari work and ornamental trimmings,Manufacturing
industry: spice farming on small scale,1284,Growing of spices,Agriculture
we are into ayurvedic clinic,86901,Activities of Ayurveda practitioners,Healthcare
the company is engaged in marble quarrying for export,8101,Quarrying of marble,Mining
we do real estate developer,41001,Construction of buildings,Construction
i am doing dry cleaning laundry,96010,Washing and dry cleaning of textiles,Services
bicycle manufacturing,30921,Manufacture of bicycles,Manufacturing
we make electric vehicles,29101,Manufacture of passenger cars,Manufacturing
switch socket manufacturing,27331,Manufacture of switch and socket,Manufacturing
ayurvedic medicine making,21003,Manufacture of ayurvedic pharmaceutical preparations,Manufacturing
security guard agency in india,80100,Private security activities,Services
i do cotton yarn spinning,13111,Preparation and spinning of cotton fiber,Manufacturing
we are into fast food centre for domestic market,56102,Cafeterias and fast food restaurants,Hospitality
industry: solar energy plant in india,35105,Electric power generation using solar energy,Energy
i do led bulb making for local market,27400,Manufacture of electric lighting equipment,Manufacturing
this unit is involved in we grow bananas for export,1222,Growing of bananas,Agriculture
mango farming in konkan,1221,Growing of mangoes,Agriculture
this unit is involved in civil construction contractor at home,41001,Construction of buildings,Construction
jute farming,1162,Growing of jute,Agriculture
spice grinding and processing,10795,Grinding and processing of spices,Manufacturing
i own a painting contractor for export,43303,Interior and exterior painting,Construction
we do mango farming in konkan for export,1221,Growing of mangoes,Agriculture
we deal in handloom weaving in my village,13121,Weaving of cotton fabrics,Manufacturing
i run a accountant ca firm in my village,69201,Accounting and auditing activities,Finance
homeopathic medicine in my city,21004,Manufacture of homoeopathic pharmaceutical preparations,Manufacturing
business activity: cobbler shoe repair,95230,Repair of footwear and leather goods,Services
we are into medicine manufacturing allopathic in my village,21002,Manufacture of allopathic pharmaceutical preparations,Manufacturing
our business is jewellery shop for local market,47733,Retail sale of jewellery,Trade
this unit is involved in two wheeler manufacturing,30911,Manufacture of motorcycles and scooters,Manufacturing
juice shop,56303,Fruit juice bars,Hospitality
architect firm for domestic market,71100,Architectural and engineering activities,Professional
highway building in my village,42101,Construction of highways and roads,Construction
limestone mining for domestic market,8107,Mining of limestone,Mining
cold storage warehouse,52101,Warehousing of refrigerated goods,Transport
we do pharmacy medical shop in india,47721,Retail sale of pharmaceuticals,Healthcare
cosmetics making,20237,Manufacture of cosmetics and toileteries,Manufacturing
fast food centre for local market,56102,Cafeterias and fast food restaurants,Hospitality
we deal in insurance agent in my city,66220,Activities of insurance agents and brokers,Finance
i run a event management for export,82300,Organization of conventions and trade shows,Services
this unit is involved in i make shoes chappal on small scale,15201,Manufacture of leather footwear,Manufacturing
i make clothes,14101,Manufacture of textile garments,Manufacturing
this unit is involved in grocery shop for local market,47211,Retail sale of cereals and pulses,Trade
we are into toothpaste manufacturing as msme,20235,Manufacture of dental hygiene preparations,Manufacturing
i do tax consultant in my city,69202,Tax consultancy,Finance
we are into vegetable farming in my city,1131,Growing of vegetables,Agriculture
business activity: we make bread and biscuits,10712,Manufacture of biscuits and cakes,Manufacturing
i make wooden furniture,31001,Manufacture of furniture of wood,Manufacturing
gold jewellery making on small scale,32111,Manufacture of jewellery of gold silver,Manufacturing
we deal in i grow rice in my city,1121,Organic farming of basmati rice,Agriculture
i grow mangoes for local market,1221,Growing of mangoes,Agriculture
i grow mangoes in my village,1221,Growing of mangoes,Agriculture
business activity: masala powder making at home,10795,Grinding and processing of spices,Manufacturing
we deal in tractor manufacturing for domestic market,28211,Manufacture of tractors for agriculture,Manufacturing
fashion designer in my village,74101,Fashion design,Professional
ice cream manufacturing,10505,Manufacture of ice cream,Manufacturing
mango farming in konkan in my village,1221,Growing of mangoes,Agriculture
granite quarrying in my city,8102,Quarrying of granite,Mining
spice farming,1284,Growing of spices,Agriculture
brick manufacturing,23921,Manufacture of bricks,Manufacturing
i run a hospital clinic at home,86100,Hospital activities,Healthcare
we are into weighing machine manufacturing,28194,Manufacture of weighing machinery,Manufacturing
industry: we assemble mobile phones,26305,Manufacture of pagers cellular phones,Manufacturing
this unit is involved in hair oil shampoo manufacturing on small scale,20236,Manufacture of hair oil and shampoo,Manufacturing
the company is engaged in fireworks manufacturing for local market,20292,Manufacture of explosives and fireworks,Manufacturing
the company is engaged in cutting tool manufacturing for local market,25931,Manufacture of cutlery,Manufacturing
toy making as msme,32401,Manufacture of dolls and toy animals,Manufacturing
i own a garment stitching at home,14101,Manufacture of textile garments,Manufacturing
we deal in private school at home,85211,General school education first stage,Education
i run a we make washing powder,20233,Manufacture of detergent,Manufacturing
battery manufacturing,27201,Manufacture of primary cells and batteries,Manufacturing
i do i make papad,10796,Manufacture of papads and appalam,Manufacturing
this unit is involved in mobile recharge shop on small scale,61201,Activities of internet access wireless,IT Services
i own a cyber cafe in my city,63992,Activities of cyber cafe,IT Services
business activity: internet service provider,61104,Activities providing internet access,IT Services
imitation artificial jewellery,32120,Manufacture of imitation jewellery,Manufacturing
i am doing wire fencing making for export,25993,Manufacture of metal cable and wire,Manufacturing
we have a readymade garments for export,14101,Manufacture of textile garments,Manufacturing
i do fish farming in my city,3221,Fish farming in freshwater,Agriculture
web design,62012,Web page designing,IT Services
we have a cotton yarn spinning,13111,Preparation and spinning of cotton fiber,Manufacturing
wooden toy making,32401,Manufacture of dolls and toy animals,Manufacturing
ayurvedic medicine making for local market,21003,Manufacture of ayurvedic pharmaceutical preparations,Manufacturing
electronic component making,26101,Manufacture of electronic components,Manufacturing
i run a tax consultant for domestic market,69202,Tax consultancy,Finance
we have a i grow cotton as msme,1161,Growing of cotton,Agriculture
we have a pharmacy medical shop in india,47721,Retail sale of pharmaceuticals,Healthcare
we are into truck transport in my village,49231,Motorised road freight transport,Transport
i own a call centre bpo,82200,Activities of call centres,IT Services
i own a diamond cutting and polishing in my city,32112,Working of diamonds and precious stones,Manufacturing
our business is knitting hosiery unit,13913,Manufacture of knitted synthetic fabrics,Manufacturing
interior design work at home,43303,Interior painting and decorating,Construction
herbal medicine production,21003,Manufacture of ayurvedic pharmaceutical preparations,Manufacturing
industry: flour mill,10611,Flour milling,Manufacturing
i do photocopying shop for local market,82191,Photocopying and duplicating services,Services
industry: sewing machine manufacturing for domestic market,28265,Manufacture of sewing machines,Manufacturing
the company is engaged in cotton farming as msme,1161,Growing of cotton,Agriculture
we do packaging printing as msme,18119,Printing activities,Manufacturing
this unit is involved in electronic component making for domestic market,26101,Manufacture of electronic components,Manufacturing
phenyl disinfectant making on small scale,20212,Manufacture of disinfectants,Manufacturing
i do bolt nut manufacturing in my village,25991,Manufacture of metal fasteners,Manufacturing
jewellery shop,47733,Retail sale of jewellery,Trade
we are into tax consultant in india,69202,Tax consultancy,Finance
the company is engaged in rice milling unit for export,10612,Rice milling,Manufacturing
industry: cargo handling in india,52241,Cargo handling for land transport,Transport
i do bakery unit,10711,Manufacture of bread,Manufacturing
this unit is involved in event catering for domestic market,56210,Event catering,Hospitality
we deal in car manufacturing at home,29101,Manufacture of passenger cars,Manufacturing
we deal in i have a cow dairy for local market,1412,Production of milk from cows or buffaloes,Agriculture
the company is engaged in i make gold jewellery,32111,Manufacture of jewellery of gold silver,Manufacturing
i own a machine repair workshop,33121,Repair of engines and turbines,Manufacturing
i do we make bread and biscuits for domestic market,10712,Manufacture of biscuits and cakes,Manufacturing
we weave cotton fabric for domestic market,13121,Weaving of cotton fabrics,Manufacturing
we are into we make bread and biscuits for local market,10712,Manufacture of biscuits and cakes,Manufacturing
business activity: jam jelly making for local market,10305,Manufacture of sauces jams and jellies,Manufacturing
mobile bike repair shop,45403,Maintenance of motorcycles and scooters,Trade
photocopying shop at home,82191,Photocopying and duplicating services,Services
industry: i make shoes chappal,15201,Manufacture of leather footwear,Manufacturing
wheat farming at home,1111,Growing of wheat,Agriculture
business activity: i grow onions and tomatoes in my city,1132,Growing of fruit-bearing vegetables,Agriculture
our business is wooden toy making at home,32401,Manufacture of dolls and toy animals,Manufacturing
i have a cow dairy,1412,Production of milk from cows or buffaloes,Agriculture
my work is my business is wheat cultivation for export,1111,Growing of wheat,Agriculture
the company is engaged in data entry work for local market,63114,Providing data entry services,IT Services
we deal in software development for local market,62011,Writing and modifying computer programs,IT Services
milk production,1412,Production of milk from cows or buffaloes,Agriculture
travel agency for local market,52291,Activities of travel agents,Transport
i do shoe making at home,15201,Manufacture of leather footwear,Manufacturing
i am doing we produce eggs in my city,1462,Production of eggs,Agriculture
we are into pcb printed circuit board in my village,26104,Manufacture of printed circuit boards,Manufacturing
my work is mobile phone manufacturing,26305,Manufacture of pagers cellular phones,Manufacturing
we do vehicle repair garage on small scale,45200,Maintenance and repair of motor vehicles,Trade
dentist in my village,86202,Dental practice activities,Healthcare
this unit is involved in rice cultivation in irrigated fields,1121,Organic farming of basmati rice,Agriculture
footwear manufacturing as msme,15201,Manufacture of leather footwear,Manufacturing
we are into electric fan manufacturing on small scale,27503,Manufacture of electric fans,Manufacturing
industry: wholesale trader in my village,46209,Wholesale of agriculture raw materials,Trade
our business is ice cream manufacturing on small scale,10505,Manufacture of ice cream,Manufacturing
we grow bananas,1222,Growing of bananas,Agriculture
the company is engaged in we make fruit juice as msme,10304,Manufacture of fruit juices,Manufacturing
business activity: we dry and pack fish,10201,Sun-drying of fish,Manufacturing
industry: dry cleaning laundry for local market,96010,Washing and dry cleaning of textiles,Services
i own a plastic bag making for export,22203,Manufacture of plastic articles for packing,Manufacturing
we deal in furniture shop as msme,47591,Retail sale of household furniture,Trade
the company is engaged in jute farming as msme,1162,Growing of jute,Agriculture
stock broker,66120,Security and commodity contracts brokerage,Finance
my work is electronic goods shop,47420,Retail sale of audio and video equipment,Trade
we have a wheat farming in india,1111,Growing of wheat,Agriculture
tiffin catering service,56291,Activities of food service contractors,Hospitality
honey production,1492,Bee-keeping and production of honey,Agriculture
we do shoe making,15201,Manufacture of leather footwear,Manufacturing
we are into i grow rice on small scale,1121,Organic farming of basmati rice,Agriculture
this unit is involved in mobile phone repair,95120,Repair of communication equipment,Services
we are into sports goods manufacturing,32300,Manufacture of sports goods,Manufacturing
this unit is involved in graphic design,74103,Services of graphic designers,Professional
i do agarbatti incense sticks making in india,20238,Manufacture of agarbatti,Manufacturing
i own a i make leather bags on small scale,15121,Manufacture of travel goods and bags,Manufacturing
industry: i make wooden furniture in india,31001,Manufacture of furniture of wood,Manufacturing
we deal in advocate lawyer,69100,Legal activities,Professional
we deal in we make jaggery gur for domestic market,10722,Manufacture of gur from sugarcane,Manufacturing
i do jute farming in india,1162,Growing of jute,Agriculture
i am doing wire fencing making as msme,25993,Manufacture of metal cable and wire,Manufacturing
tea processing for export,10791,Processing and blending of tea,Manufacturing
i own a packaging printing,18119,Printing activities,Manufacturing
industry: civil construction contractor for domestic market,41001,Construction of buildings,Construction
i grow mangoes,1221,Growing of mangoes,Agriculture
we are into we grow bananas,1222,Growing of bananas,Agriculture
i do vehicle repair garage in my village,45200,Maintenance and repair of motor vehicles,Trade
we deal in switch socket manufacturing on small scale,27331,Manufacture of switch and socket,Manufacturing
i am doing photography studio for domestic market,74201,Commercial photograph production,Professional
industry: we export organic basmati rice,1121,Organic farming of basmati rice,Agriculture
my work is pcb printed circuit board,26104,Manufacture of printed circuit boards,Manufacturing
jute farming on small scale,1162,Growing of jute,Agriculture
our business is we make washing powder for export,20233,Manufacture of detergent,Manufacturing
i am doing photography studio for export,74201,Commercial photograph production,Professional
we do chakki flour mill for export,10611,Flour milling,Manufacturing
diamond cutting and polishing for domestic market,32112,Working of diamonds and precious stones,Manufacturing
i do soap making at home,20231,Manufacture of soap all forms,Manufacturing
i am doing photocopying shop for local market,82191,Photocopying and duplicating services,Services
i am doing we make bread and biscuits in india,10712,Manufacture of biscuits and cakes,Manufacturing
i am doing pest control for local market,81299,Other building and industrial cleaning,Services
business activity: driving school for domestic market,85223,Professional motor driving school,Education
steel manufacturing,24103,Manufacture of steel,Manufacturing
we do iron and steel plant for domestic market,24101,Manufacture of pig iron,Manufacturing
i run a event management as msme,82300,Organization of conventions and trade shows,Services
we deal in i grow coconuts for local market,1261,Growing of coconut,Agriculture
mango farming in konkan on small scale,1221,Growing of mangoes,Agriculture
we have a homeopathy clinic,86903,Activities of homeopaths,Healthcare
business activity: interior design work,43303,Interior painting and decorating,Construction
i run a tailoring alteration in my village,95292,Repair and alteration of clothing,Services
gas agency cylinder,35202,Distribution and sale of gaseous fuels,Energy
my work is we grow onion,1133,Growing of onion,Agriculture
i own a ayurvedic medicine making,21003,Manufacture of ayurvedic pharmaceutical preparations,Manufacturing
industry: driving school for export,85223,Professional motor driving school,Education
i run a wholesale trader for export,46209,Wholesale of agriculture raw materials,Trade
industry: tyre manufacturing in my city,22111,Manufacture of rubber tyres for motor vehicles,Manufacturing
we are into i am a tailor for export,14105,Custom tailoring,Manufacturing
we are into tyre manufacturing for domestic market,22111,Manufacture of rubber tyres for motor vehicles,Manufacturing
my work is gas agency cylinder on small scale,35202,Distribution and sale of gaseous fuels,Energy
industry: ice cream manufacturing in my village,10505,Manufacture of ice cream,Manufacturing
business activity: aluminium product making in my village,24202,Manufacture of aluminium products,Manufacturing
we deal in tea packing business for domestic market,10791,Processing and blending of tea,Manufacturing
i make leather bags in my city,15121,Manufacture of travel goods and bags,Manufacturing
this unit is involved in chili farming,1282,Growing of chili,Agriculture
we deal in bicycle manufacturing,30921,Manufacture of bicycles,Manufacturing
the company is engaged in mineral water plant at home,11043,Manufacture of mineral water,Manufacturing
industry: tractor manufacturing for domestic market,28211,Manufacture of tractors for agriculture,Manufacturing
i make papad,10796,Manufacture of papads and appalam,Manufacturing
business activity: market research in my village,73200,Market research and public opinion polling,Professional
our business is pesticide manufacturing in my village,20211,Manufacture of insecticides,Manufacturing
business activity: trucking business in india,49231,Motorised road freight transport,Transport
industry: chili farming for domestic market,1282,Growing of chili,Agriculture
the company is engaged in dentist,86202,Dental practice activities,Healthcare
industry: pump manufacturing for domestic market,28132,Manufacture of pumps and compressors,Manufacturing
we have a matchbox making,20291,Manufacture of matches,Manufacturing
we deal in sports goods manufacturing,32300,Manufacture of sports goods,Manufacturing
business activity: i make bread as msme,10711,Manufacture of bread,Manufacturing
we do nursing home for export,86100,Hospital activities,Healthcare
we do mobile phone repair as msme,95120,Repair of communication equipment,Services
accountant ca firm at home,69201,Accounting and auditing activities,Finance
i do civil construction contractor in india,41001,Construction of buildings,Construction
bakery products,10712,Manufacture of biscuits and cakes,Manufacturing
diagnostic lab pathology,86905,Activities of diagnostic laboratories,Healthcare
jute bag making,13942,Manufacture of cordage or rope of jute,Manufacturing
we do coconut farming,1261,Growing of coconut,Agriculture
we are into cargo handling at home,52241,Cargo handling for land transport,Transport
i am doing iron and steel plant for export,24101,Manufacture of pig iron,Manufacturing
the company is engaged in copper wire making in my city,24201,Manufacture of copper products,Manufacturing
industry: cardboard box making,17023,Manufacture of card board boxes,Manufacturing
my work is petrol pump for domestic market,47300,Retail sale of automotive fuel,Trade
our business is repair shop electronics in my village,95210,Repair of consumer electronics,Services
this unit is involved in i grow cotton,1161,Growing of cotton,Agriculture
computer training centre,85491,Academic tutoring services,Education
this unit is involved in sand quarrying,8106,Operation of sand or gravel pits,Mining
industry: bakery unit,10711,Manufacture of bread,Manufacturing
we do ceramic tile manufacturing in india,23921,Manufacture of bricks,Manufacturing
industry: soft drink manufacturing,11045,Manufacture of soft drinks,Manufacturing
business activity: jute farming on small scale,1162,Growing of jute,Agriculture
we have a diagnostic lab pathology at home,86905,Activities of diagnostic laboratories,Healthcare
our business is brassware manufacturing for export,25994,Manufacture of metal household articles,Manufacturing
we do mobile phone manufacturing on small scale,26305,Manufacture of pagers cellular phones,Manufacturing
homeopathic medicine,21004,Manufacture of homoeopathic pharmaceutical preparations,Manufacturing
we deal in travel agency as msme,52291,Activities of travel agents,Transport
business activity: potato farming on small scale,1135,Growing of potatoes and tubers,Agriculture
the company is engaged in computer assembly in my village,26201,Manufacture of desktop and laptop computers,Manufacturing
industry: hospital clinic,86100,Hospital activities,Healthcare
i own a fish farming,3221,Fish farming in freshwater,Agriculture
i grow onions and tomatoes for local market,1132,Growing of fruit-bearing vegetables,Agriculture
the company is engaged in aquaculture freshwater for export,3221,Fish farming in freshwater,Agriculture
industry: computer training centre on small scale,85491,Academic tutoring services,Education
we are into cotton yarn spinning in india,13111,Preparation and spinning of cotton fiber,Manufacturing
we deal in wheat farming for local market,1111,Growing of wheat,Agriculture
we do tea packing business for export,10791,Processing and blending of tea,Manufacturing
wire and cable manufacturing,27320,Manufacture of wires and cables,Manufacturing
book shop stationery in my village,47613,Retail sale of stationery,Trade
we have a i raise chickens in my city,1461,Raising and breeding of poultry,Agriculture
the company is engaged in we grind spices on small scale,10795,Grinding and processing of spices,Manufacturing
we have a wire fencing making in india,25993,Manufacture of metal cable and wire,Manufacturing
industry: milk powder making,10502,Manufacture of milk powder,Manufacturing
handmade soap business,20231,Manufacture of soap all forms,Manufacturing
i am doing i grow onions and tomatoes at home,1132,Growing of fruit-bearing vegetables,Agriculture
embroidery work in my village,13991,Embroidery work and making of laces,Manufacturing
we are into honey production in my village,1492,Bee-keeping and production of honey,Agriculture
tyre manufacturing,22111,Manufacture of rubber tyres for motor vehicles,Manufacturing
i am doing kirana store,47211,Retail sale of food products,Trade
rice mill,10612,Rice milling,Manufacturing
we deal in i grow mangoes for domestic market,1221,Growing of mangoes,Agriculture
we are into beauty parlour salon in india,96020,Hairdressing and other beauty treatment,Services
this unit is involved in agarbatti incense sticks making as msme,20238,Manufacture of agarbatti,Manufacturing
business activity: silver jewellery on small scale,32111,Manufacture of jewellery of gold silver,Manufacturing
rice milling unit,10612,Rice milling,Manufacturing
this unit is involved in placement agency hr,78100,Activities of employment placement agencies,Services
business activity: pcb printed circuit board,26104,Manufacture of printed circuit boards,Manufacturing
this unit is involved in utensil making brass copper in my city,25994,Manufacture of metal household articles,Manufacturing
business activity: wooden toy making in india,32401,Manufacture of dolls and toy animals,Manufacturing
my work is i make clothes,14101,Manufacture of textile garments,Manufacturing
my work is homeopathy clinic in india,86903,Activities of homeopaths,Healthcare
fertilizer manufacturing for domestic market,20121,Manufacture of urea and organic fertilizers,Manufacturing
i do we grind flour as msme,10611,Flour milling,Manufacturing
tea processing as msme,10791,Processing and blending of tea,Manufacturing
industry: highway building on small scale,42101,Construction of highways and roads,Construction
my work is beauty parlour salon in my village,96020,Hairdressing and other beauty treatment,Services
we do lock and key making at home,25934,Manufacture of padlocks and locks,Manufacturing
business activity: online selling ecommerce for local market,47912,Retail sale via e-commerce,Trade
industry: hotel restaurant in my village,55101,Hotels and motels providing lodging,Hospitality
we do veterinary doctor in my city,75000,Veterinary activities,Professional
our business is insurance agent on small scale,66220,Activities of insurance agents and brokers,Finance
i do onion farming in nashik,1133,Growing of onion,Agriculture
we deal in solar energy plant on small scale,35105,Electric power generation using solar energy,Energy
our business is rubber product manufacturing in my city,22191,Manufacture of rubber plates and tubes,Manufacturing
we are into we make indian sweets as msme,10734,Manufacture of sweetmeats,Manufacturing
the company is engaged in shoe making in india,15201,Manufacture of leather footwear,Manufacturing
we are into skill training institute iti at home,85221,Technical and vocational education,Education
tea stall,56302,Tea and coffee shops,Hospitality
my work is bolt nut manufacturing,25991,Manufacture of metal fasteners,Manufacturing
this unit is involved in tractor manufacturing at home,28211,Manufacture of tractors for agriculture,Manufacturing
industry: driving school on small scale,85223,Professional motor driving school,Education
i do electricity distribution in india,35109,Collection and distribution of electric energy,Energy
coaching class tuition on small scale,85491,Academic tutoring services,Education
i grow non basmati rice,1122,Organic farming of non-basmati rice,Agriculture
i am doing aluminium product making in my village,24202,Manufacture of aluminium products,Manufacturing
business activity: chakki flour mill in india,10611,Flour milling,Manufacturing
my work is courier service on small scale,53200,Courier activities,Transport
i own a sugarcane cultivation for local market,1140,Growing of sugar cane,Agriculture
milk production at home,1412,Production of milk from cows or buffaloes,Agriculture
i run a tea processing at home,10791,Processing and blending of tea,Manufacturing
fish processing in india,10204,Processing and preserving of fish,Manufacturing
i do fishing in sea in my village,3111,Fishing in ocean and coastal waters,Agriculture
we do we grind spices for local market,10795,Grinding and processing of spices,Manufacturing
business activity: parcel delivery for export,53200,Courier activities,Transport
this unit is involved in pest control in my city,81299,Other building and industrial cleaning,Services
we are into i grow potatoes in india,1135,Growing of potatoes and tubers,Agriculture
i am doing milk production for local market,1412,Production of milk from cows or buffaloes,Agriculture
our business is zari work business for local market,13992,Zari work and ornamental trimmings,Manufacturing
the company is engaged in we export organic basmati rice,1121,Organic farming of basmati rice,Agriculture
we have a i grow ginger in my village,1281,Growing of ginger,Agriculture
my work is pottery making for local market,23931,Manufacture of articles of porcelain and pottery,Manufacturing
this unit is involved in auto rickshaw in my city,49224,Taxi operation,Transport
we deal in cleaning services in india,81210,General cleaning of buildings,Services
fish processing in my village,10204,Processing and preserving of fish,Manufacturing
data entry work for local market,63114,Providing data entry services,IT Services
business activity: cardboard box making for domestic market,17023,Manufacture of card board boxes,Manufacturing
my work is knife scissors making for export,25931,Manufacture of cutlery,Manufacturing
business activity: electric fan manufacturing for local market,27503,Manufacture of electric fans,Manufacturing
fireworks manufacturing for export,20292,Manufacture of explosives and fireworks,Manufacturing
book shop stationery,47613,Retail sale of stationery,Trade
jute bag making for local market,13942,Manufacture of cordage or rope of jute,Manufacturing
i keep bees and sell honey for domestic market,1492,Bee-keeping and production of honey,Agriculture
the company is engaged in mineral water plant in my village,11043,Manufacture of mineral water,Manufacturing
business activity: agricultural equipment making for export,28212,Manufacture of agricultural machinery,Manufacturing
copper wire making,24201,Manufacture of copper products,Manufacturing
my work is plastic bag making in my village,22203,Manufacture of plastic articles for packing,Manufacturing
our business is marble quarrying as msme,8101,Quarrying of marble,Mining
we do book shop stationery on small scale,47613,Retail sale of stationery,Trade
we are into we weave cotton fabric in my city,13121,Weaving of cotton fabrics,Manufacturing
truck transport,49231,Motorised road freight transport,Transport
the company is engaged in pump manufacturing for local market,28132,Manufacture of pumps and compressors,Manufacturing
we make bread and biscuits,10712,Manufacture of biscuits and cakes,Manufacturing
we do bicycle repair for export,95291,Repair of bicycles,Services
i do i make bread,10711,Manufacture of bread,Manufacturing
my work is sewing machine manufacturing for local market,28265,Manufacture of sewing machines,Manufacturing
we have a sports goods manufacturing in my village,32300,Manufacture of sports goods,Manufacturing
aerated drinks manufacturing,11041,Manufacture of aerated drinks,Manufacturing
we do spectacle frame making,22206,Manufacture of spectacle frames of plastic,Manufacturing
business activity: gas agency cylinder on small scale,35202,Distribution and sale of gaseous fuels,Energy
rubber product manufacturing in my village,22191,Manufacture of rubber plates and tubes,Manufacturing
i run a pcb printed circuit board on small scale,26104,Manufacture of printed circuit boards,Manufacturing
i am doing paper manufacturing in my village,17013,Manufacture of paper,Manufacturing
industry: we produce eggs,1462,Production of eggs,Agriculture
we have a egg production farm in my village,1462,Production of eggs,Agriculture
business activity: i make agarbatti on small scale,20238,Manufacture of agarbatti,Manufacturing
i do tax consultant on small scale,69202,Tax consultancy,Finance
photography studio,74201,Commercial photograph production,Professional
i run a footwear manufacturing for local market,15201,Manufacture of leather footwear,Manufacturing
cable tv operator for export,61103,Activities of cable operators,IT Services
industry: papad making unit in my city,10796,Manufacture of papads and appalam,Manufacturing
cleaning services for export,81210,General cleaning of buildings,Services
i am doing warehouse storage for local market,52102,Warehousing non-refrigerated,Transport
industry: leather bag making in my village,15121,Manufacture of travel goods and bags,Manufacturing
toy making in india,32401,Manufacture of dolls and toy animals,Manufacturing
data entry work,63114,Providing data entry services,IT Services
the company is engaged in placement agency hr,78100,Activities of employment placement agencies,Services
i do electronic component making for export,26101,Manufacture of electronic components,Manufacturing
i am doing architect firm,71100,Architectural and engineering activities,Professional
we have a i make leather bags as msme,15121,Manufacture of travel goods and bags,Manufacturing
business activity: petrol pump as msme,47300,Retail sale of automotive fuel,Trade
advocate lawyer for domestic market,69100,Legal activities,Professional
we are into tailoring alteration for export,95292,Repair and alteration of clothing,Services
business activity: led bulb making in my village,27400,Manufacture of electric lighting equipment,Manufacturing
mobile recharge shop for local market,61201,Activities of internet access wireless,IT Services
we deal in road construction for export,42101,Construction of highways and roads,Construction
clothing shop in my city,47711,Retail sale of readymade garments,Trade
wire and cable manufacturing in my village,27320,Manufacture of wires and cables,Manufacturing
advocate lawyer,69100,Legal activities,Professional
we are into lock and key making for domestic market,25934,Manufacture of padlocks and locks,Manufacturing
business activity: dhaba food stall,56101,Restaurants,Hospitality
cement manufacturing,23941,Manufacture of clinkers and cement,Manufacturing
architect firm for local market,71100,Architectural and engineering activities,Professional
i am doing plastic product manufacturing at home,22201,Manufacture of semi-finished plastic products,Manufacturing
i own a egg production farm as msme,1462,Production of eggs,Agriculture
we make plastic bags,22203,Manufacture of plastic articles for packing,Manufacturing
industry: switch socket manufacturing on small scale,27331,Manufacture of switch and socket,Manufacturing
i am doing imitation artificial jewellery at home,32120,Manufacture of imitation jewellery,Manufacturing
the company is engaged in surgical instrument making,32504,Manufacture of bone plates and syringes,Manufacturing
this unit is involved in agarbatti incense sticks making for domestic market,20238,Manufacture of agarbatti,Manufacturing
i own a canteen mess in my village,56292,Operation of canteens,Hospitality
my work is web design at home,62012,Web page designing,IT Services
this unit is involved in sewing machine manufacturing,28265,Manufacture of sewing machines,Manufacturing
this unit is involved in onion farming in nashik in my village,1133,Growing of onion,Agriculture
i own a paper manufacturing in my city,17013,Manufacture of paper,Manufacturing
i am doing i grow ginger,1281,Growing of ginger,Agriculture
the company is engaged in general store at home,47190,Other retail sale in non-specialized stores,Trade
the company is engaged in it consulting in my city,62020,Computer consultancy,IT Services
we do candle making,20238,Manufacture of agarbatti and similar products,Manufacturing
our business is bakery products for domestic market,10712,Manufacture of biscuits and cakes,Manufacturing
we deal in i make shoes chappal for domestic market,15201,Manufacture of leather footwear,Manufacturing
we do honey production,1492,Bee-keeping and production of honey,Agriculture
industry: rice mill,10612,Rice milling,Manufacturing
i run a rice milling unit for export,10612,Rice milling,Manufacturing
business activity: medicine pharmacy in india,47721,Retail sale of pharmaceuticals,Trade
i own a tea packing business on small scale,10791,Processing and blending of tea,Manufacturing
our business is i grow ginger in india,1281,Growing of ginger,Agriculture
i own a stock broker in india,66120,Security and commodity contracts brokerage,Finance
this unit is involved in dairy farming as msme,1412,Production of milk from cows or buffaloes,Agriculture
industry: homeopathic medicine for domestic market,21004,Manufacture of homoeopathic pharmaceutical preparations,Manufacturing
this unit is involved in coal mining for domestic market,5101,Opencast mining of hard coal,Mining
our business is wholesale trader for domestic market,46209,Wholesale of agriculture raw materials,Trade
my work is cold storage warehouse as msme,52101,Warehousing of refrigerated goods,Transport
we are into security guard agency as msme,80100,Private security activities,Services
industry: pottery making in my city,23931,Manufacture of articles of porcelain and pottery,Manufacturing
i own a utensil making brass copper,25994,Manufacture of metal household articles,Manufacturing
my work is pickle making for export,10306,Manufacture of pickles and chutney,Manufacturing
call centre bpo,82200,Activities of call centres,IT Services
the company is engaged in property dealer in india,68200,Real estate activities on fee basis,Real Estate
we deal in handloom weaving,13121,Weaving of cotton fabrics,Manufacturing
we are into i grow wheat on my farm in my city,1111,Growing of wheat,Agriculture
sugar manufacturing,10721,Manufacture of sugar from sugarcane,Manufacturing
i run a imitation artificial jewellery at home,32120,Manufacture of imitation jewellery,Manufacturing
this unit is involved in advocate lawyer,69100,Legal activities,Professional
our business is hardware shop for domestic market,47522,Retail sale of hardware,Trade
i own a i make agarbatti as msme,20238,Manufacture of agarbatti,Manufacturing
i run a civil construction contractor as msme,41001,Construction of buildings,Construction
imitation artificial jewellery in my city,32120,Manufacture of imitation jewellery,Manufacturing
we do toothpaste manufacturing in my village,20235,Manufacture of dental hygiene preparations,Manufacturing
veterinary doctor on small scale,75000,Veterinary activities,Professional
business activity: we make electric vehicles as msme,29101,Manufacture of passenger cars,Manufacturing
tin box can making on small scale,25992,Manufacture of containers tins and cans,Manufacturing
i own a spinning mill cotton for export,13111,Preparation and spinning of cotton fiber,Manufacturing
we deal in i make agarbatti in my village,20238,Manufacture of agarbatti,Manufacturing
i do painting contractor,43303,Interior and exterior painting,Construction
my work is real estate developer on small scale,41001,Construction of buildings,Construction
we have a readymade garments for local market,14101,Manufacture of textile garments,Manufacturing
our business is handloom weaving in my village,13121,Weaving of cotton fabrics,Manufacturing
this unit is involved in hardware shop in my village,47522,Retail sale of hardware,Trade
our business is parcel delivery for export,53200,Courier activities,Transport
real estate agent broker,68200,Real estate activities on fee basis,Real Estate
homeopathy clinic on small scale,86903,Activities of homeopaths,Healthcare
bolt nut manufacturing for domestic market,25991,Manufacture of metal fasteners,Manufacturing
this unit is involved in plastic chair table making in my city,22202,Manufacture of plastic household articles,Manufacturing
my work is jam jelly making in my village,10305,Manufacture of sauces jams and jellies,Manufacturing
printing press,18112,Printing of books and magazines,Manufacturing
we make electric vehicles for domestic market,29101,Manufacture of passenger cars,Manufacturing
car manufacturing,29101,Manufacture of passenger cars,Manufacturing
i own a coconut farming at home,1261,Growing of coconut,Agriculture
i grow wheat on my farm,1111,Growing of wheat,Agriculture
i do brassware manufacturing as msme,25994,Manufacture of metal household articles,Manufacturing
industry: wire fencing making in india,25993,Manufacture of metal cable and wire,Manufacturing
vegetable farming,1131,Growing of vegetables,Agriculture
the company is engaged in paper manufacturing in india,17013,Manufacture of paper,Manufacturing
business activity: tea stall,56302,Tea and coffee shops,Hospitality
business activity: web design for domestic market,62012,Web page designing,IT Services
our business is it consulting in my village,62020,Computer consultancy,IT Services
dhaba food stall,56101,Restaurants,Hospitality
we have a fashion designer in india,74101,Fashion design,Professional
the company is engaged in honey production,1492,Bee-keeping and production of honey,Agriculture
our business is money lending as msme,64920,Other credit granting,Finance
i am doing pesticide manufacturing for local market,20211,Manufacture of insecticides,Manufacturing
we have a plastic product manufacturing in my village,22201,Manufacture of semi-finished plastic products,Manufacturing
we are into call centre bpo in my city,82200,Activities of call centres,IT Services
we have a pesticide manufacturing for export,20211,Manufacture of insecticides,Manufacturing
we do mobile phone manufacturing,26305,Manufacture of pagers cellular phones,Manufacturing
the company is engaged in solar energy plant in my city,35105,Electric power generation using solar energy,Energy
dance music class,85420,Cultural education,Education
mango orchard in my village,1221,Growing of mangoes,Agriculture
our business is sweet shop making mithai for domestic market,10734,Manufacture of sweetmeats,Manufacturing
i am doing wooden furniture unit in my village,31001,Manufacture of furniture of wood,Manufacturing
business activity: embroidery work for export,13991,Embroidery work and making of laces,Manufacturing
my work is real estate developer for domestic market,41001,Construction of buildings,Construction
industry: brassware manufacturing for local market,25994,Manufacture of metal household articles,Manufacturing
business activity: sugar manufacturing,10721,Manufacture of sugar from sugarcane,Manufacturing
we do civil engineer consultant at home,71100,Architectural and engineering activities,Professional
we deal in mobile phone repair,95120,Repair of communication equipment,Services
our business is milk powder making as msme,10502,Manufacture of milk powder,Manufacturing
this unit is involved in diagnostic lab pathology in my city,86905,Activities of diagnostic laboratories,Healthcare
noodles and pasta manufacturing on small scale,10740,Manufacture of macaroni and noodles,Manufacturing
mineral water plant,11043,Manufacture of mineral water,Manufacturing
we deal in homeopathic medicine for domestic market,21004,Manufacture of homoeopathic pharmaceutical preparations,Manufacturing
cable tv operator,61103,Activities of cable operators,IT Services
coal mining on small scale,5101,Opencast mining of hard coal,Mining
i do surgical cotton bandage making for export,21006,Manufacture of medical wadding gauze bandages,Manufacturing
this unit is involved in perfume making for domestic market,20234,Manufacture of perfumes,Manufacturing
we do we make plastic bags for local market,22203,Manufacture of plastic articles for packing,Manufacturing
our business is aquaculture freshwater for local market,3221,Fish farming in freshwater,Agriculture
our business is newspaper printing,18111,Printing of newspapers,Manufacturing
the company is engaged in my business is wheat cultivation,1111,Growing of wheat,Agriculture
this unit is involved in i grow potatoes in my village,1135,Growing of potatoes and tubers,Agriculture
our business is auto parts manufacturing,29301,Manufacture of motor vehicle parts,Manufacturing
business activity: dance music class for local market,85420,Cultural education,Education
we do goat farming at home,1441,Raising and breeding of sheep and goats,Agriculture
i make leather bags,15121,Manufacture of travel goods and bags,Manufacturing
i own a newspaper printing at home,18111,Printing of newspapers,Manufacturing
i run a it consulting as msme,62020,Computer consultancy,IT Services
my work is sports goods manufacturing,32300,Manufacture of sports goods,Manufacturing
we do mobile bike repair shop in my village,45403,Maintenance of motorcycles and scooters,Trade
i do college,85301,Higher education,Education
i run a gas agency cylinder,35202,Distribution and sale of gaseous fuels,Energy
shipping agent for local market,52292,Activities of shipping cargo agents,Transport
i run a detergent manufacturing for domestic market,20233,Manufacture of detergent,Manufacturing
business activity: i grow coconuts in my village,1261,Growing of coconut,Agriculture
business activity: we make electric vehicles,29101,Manufacture of passenger cars,Manufacturing
bridge construction,42101,Construction of bridges and tunnels,Construction
we have a bus transport service,49221,Long distance bus services,Transport
i do parcel delivery,53200,Courier activities,Transport
i do glass bangle making in india,23106,Manufacture of glass bangles,Manufacturing
i run a saree weaving for domestic market,13122,Weaving of silk fabrics,Manufacturing
we deal in toy making,32401,Manufacture of dolls and toy animals,Manufacturing
i run a doctor medical practice as msme,86201,Medical practice activities,Healthcare
my work is cutting tool manufacturing on small scale,25931,Manufacture of cutlery,Manufacturing
i do kirana store,47211,Retail sale of food products,Trade
our business is internet service provider in my city,61104,Activities providing internet access,IT Services
i am doing ceramic tile manufacturing for local market,23921,Manufacture of bricks,Manufacturing
industry: medical device manufacturing for local market,32504,Manufacture of medical instruments,Manufacturing
i do electrical installation as msme,43211,Installation of electrical wiring,Construction
we are into my business is wheat cultivation on small scale,1111,Growing of wheat,Agriculture
we have a aerated drinks manufacturing,11041,Manufacture of aerated drinks,Manufacturing
we have a silver jewellery for export,32111,Manufacture of jewellery of gold silver,Manufacturing
we have a masala powder making,10795,Grinding and processing of spices,Manufacturing
we are into sugarcane cultivation,1140,Growing of sugar cane,Agriculture
this unit is involved in onion farming in nashik,1133,Growing of onion,Agriculture
i am doing paint manufacturing in india,20221,Manufacture of paints and varnishes,Manufacturing
we are into plywood manufacturing,16211,Manufacture of plywood and veneer,Manufacturing
nursing home,86100,Hospital activities,Healthcare
herbal medicine production in india,21003,Manufacture of ayurvedic pharmaceutical preparations,Manufacturing
industry: medicine manufacturing allopathic in my city,21002,Manufacture of allopathic pharmaceutical preparations,Manufacturing
i run a i raise chickens in my city,1461,Raising and breeding of poultry,Agriculture
security guard agency,80100,Private security activities,Services
the company is engaged in college,85301,Higher education,Education
business activity: tailoring alteration for export,95292,Repair and alteration of clothing,Services
we are into auto parts manufacturing on small scale,29301,Manufacture of motor vehicle parts,Manufacturing
the company is engaged in civil engineer consultant,71100,Architectural and engineering activities,Professional
my work is zari work business,13992,Zari work and ornamental trimmings,Manufacturing
auto parts manufacturing,29301,Manufacture of motor vehicle parts,Manufacturing
business activity: limestone mining,8107,Mining of limestone,Mining
paint manufacturing,20221,Manufacture of paints and varnishes,Manufacturing
we have a medical device manufacturing on small scale,32504,Manufacture of medical instruments,Manufacturing
the company is engaged in knife scissors making in my village,25931,Manufacture of cutlery,Manufacturing
industry: medicine manufacturing allopathic,21002,Manufacture of allopathic pharmaceutical preparations,Manufacturing
we do switch socket manufacturing in my village,27331,Manufacture of switch and socket,Manufacturing
i own a cardboard box making,17023,Manufacture of card board boxes,Manufacturing
our business is coffee plantation,1272,Growing of coffee,Agriculture
i own a prawn farming on small scale,3221,Fish farming in freshwater,Agriculture
our business is we grow sugarcane for local market,1140,Growing of sugar cane,Agriculture
i own a advertising agency at home,73100,Advertising,Professional
i do road construction for export,42101,Construction of highways and roads,Construction
egg production farm for domestic market,1462,Production of eggs,Agriculture
business activity: chili farming in india,1282,Growing of chili,Agriculture
i am doing coal mining as msme,5101,Opencast mining of hard coal,Mining
gold jewellery making at home,32111,Manufacture of jewellery of gold silver,Manufacturing
soap making,20231,Manufacture of soap all forms,Manufacturing
fireworks manufacturing on small scale,20292,Manufacture of explosives and fireworks,Manufacturing
we are into hotel restaurant for export,55101,Hotels and motels providing lodging,Hospitality
business activity: mobile bike repair shop,45403,Maintenance of motorcycles and scooters,Trade
i own a dairy product making ghee butter at home,10504,Manufacture of cream butter cheese ghee,Manufacturing
bicycle repair,95291,Repair of bicycles,Services
we have a furniture making wood in my village,31001,Manufacture of furniture of wood,Manufacturing
i run a furniture making wood for local market,31001,Manufacture of furniture of wood,Manufacturing
i own a cold storage warehouse for export,52101,Warehousing of refrigerated goods,Transport
i run a real estate agent broker,68200,Real estate activities on fee basis,Real Estate
my work is fast food centre at home,56102,Cafeterias and fast food restaurants,Hospitality
we are into i am a tailor in my village,14105,Custom tailoring,Manufacturing
we are into coconut farming,1261,Growing of coconut,Agriculture
i run a electronic goods shop in my city,47420,Retail sale of audio and video equipment,Trade
the company is engaged in iodized salt processing on small scale,10798,Processing of salt into food grade salt,Manufacturing
placement agency hr for export,78100,Activities of employment placement agencies,Services
industry: we make washing powder,20233,Manufacture of detergent,Manufacturing
our business is knitting hosiery unit for domestic market,13913,Manufacture of knitted synthetic fabrics,Manufacturing
our business is cotton yarn spinning,13111,Preparation and spinning of cotton fiber,Manufacturing
i run a iron ore mining for export,7100,Mining of iron ores,Mining
skill training institute iti in my village,85221,Technical and vocational education,Education
sports goods manufacturing,32300,Manufacture of sports goods,Manufacturing
dairy farming,1412,Production of milk from cows or buffaloes,Agriculture
we have a travel agency on small scale,52291,Activities of travel agents,Transport
my work is software development for local market,62011,Writing and modifying computer programs,IT Services
i do furniture shop in my village,47591,Retail sale of household furniture,Trade
our business is i grow coconuts for domestic market,1261,Growing of coconut,Agriculture
i run a hotel restaurant in my village,55101,Hotels and motels providing lodging,Hospitality
the company is engaged in clothing shop as msme,47711,Retail sale of readymade garments,Trade
industry: i make soap at home for local market,20231,Manufacture of soap all forms,Manufacturing
our business is cattle feed manufacturing,10801,Manufacture of cattle feed,Manufacturing
we are into computer training centre,85491,Academic tutoring services,Education
we have a garment stitching,14101,Manufacture of textile garments,Manufacturing
we are into software development in india,62011,Writing and modifying computer programs,IT Services
we do courier service at home,53200,Courier activities,Transport
granite quarrying for export,8102,Quarrying of granite,Mining
the company is engaged in we grow tea,1271,Growing of tea,Agriculture
we have a potato farming in india,1135,Growing of potatoes and tubers,Agriculture
we deal in repair shop electronics as msme,95210,Repair of consumer electronics,Services
we grind spices,10795,Grinding and processing of spices,Manufacturing
our business is i make pickles in india,10306,Manufacture of pickles and chutney,Manufacturing
we are into candle making for local market,20238,Manufacture of agarbatti and similar products,Manufacturing
chocolate making,10732,Manufacture of chocolate,Manufacturing
industry: packaging printing at home,18119,Printing activities,Manufacturing
i own a tea packing business,10791,Processing and blending of tea,Manufacturing
we grow tea for local market,1271,Growing of tea,Agriculture
taxi cab service,49224,Taxi operation,Transport
i run a kirana store at home,47211,Retail sale of food products,Trade
this unit is involved in wind energy farm,35106,Electric power generation non conventional,Energy
industry: warehouse storage in my city,52102,Warehousing non-refrigerated,Transport
coconut farming,1261,Growing of coconut,Agriculture
industry: goat farming as msme,1441,Raising and breeding of sheep and goats,Agriculture
surgical cotton bandage making,21006,Manufacture of medical wadding gauze bandages,Manufacturing
i own a toy making in india,32401,Manufacture of dolls and toy animals,Manufacturing
we assemble mobile phones,26305,Manufacture of pagers cellular phones,Manufacturing
we are into spice farming on small scale,1284,Growing of spices,Agriculture
business activity: property dealer in my city,68200,Real estate activities on fee basis,Real Estate
mobile phone repair for export,95120,Repair of communication equipment,Services
farmer growing wheat in punjab,1111,Growing of wheat,Agriculture
i grow wheat on my farm in my village,1111,Growing of wheat,Agriculture
this unit is involved in sweet shop making mithai in my city,10734,Manufacture of sweetmeats,Manufacturing
spinning mill cotton,13111,Preparation and spinning of cotton fiber,Manufacturing
medicine manufacturing allopathic,21002,Manufacture of allopathic pharmaceutical preparations,Manufacturing
we deal in house construction as msme,41001,Construction of buildings,Construction
i own a dal mill for domestic market,10613,Dal (pulses) milling,Manufacturing
we do surgical cotton bandage making for domestic market,21006,Manufacture of medical wadding gauze bandages,Manufacturing
i own a utensil making brass copper on small scale,25994,Manufacture of metal household articles,Manufacturing
i grow onions and tomatoes,1132,Growing of fruit-bearing vegetables,Agriculture
i do fishing in sea,3111,Fishing in ocean and coastal waters,Agriculture
i run a i make pickles in my village,10306,Manufacture of pickles and chutney,Manufacturing
we do plywood manufacturing in india,16211,Manufacture of plywood and veneer,Manufacturing
i do bridge construction for local market,42101,Construction of bridges and tunnels,Construction
industry: knitting hosiery unit on small scale,13913,Manufacture of knitted synthetic fabrics,Manufacturing
we deal in electricity distribution,35109,Collection and distribution of electric energy,Energy
pottery making at home,23931,Manufacture of articles of porcelain and pottery,Manufacturing
our business is masala powder making as msme,10795,Grinding and processing of spices,Manufacturing
auto rickshaw for export,49224,Taxi operation,Transport
flour mill at home,10611,Flour milling,Manufacturing
my work is college as msme,85301,Higher education,Education
my work is flour mill for domestic market,10611,Flour milling,Manufacturing
we have a plastic product manufacturing,22201,Manufacture of semi-finished plastic products,Manufacturing
we are into i grow ginger for export,1281,Growing of ginger,Agriculture
advertising agency,73100,Advertising,Professional
we deal in chili farming on small scale,1282,Growing of chili,Agriculture
we do college on small scale,85301,Higher education,Education
we do tax consultant in india,69202,Tax consultancy,Finance
i do we make electric vehicles,29101,Manufacture of passenger cars,Manufacturing
i run a real estate developer,41001,Construction of buildings,Construction
driving school,85223,Professional motor driving school,Education
we deal in coffee plantation in my city,1272,Growing of coffee,Agriculture
i do graphic design for export,74103,Services of graphic designers,Professional
we produce eggs for domestic market,1462,Production of eggs,Agriculture
our business is bridge construction in india,42101,Construction of bridges and tunnels,Construction
the company is engaged in car manufacturing for local market,29101,Manufacture of passenger cars,Manufacturing
industry: bicycle manufacturing,30921,Manufacture of bicycles,Manufacturing
business activity: iodized salt processing for local market,10798,Processing of salt into food grade salt,Manufacturing
event catering as msme,56210,Event catering,Hospitality
our business is skill training institute iti in india,85221,Technical and vocational education,Education
we have a we grow tea at home,1271,Growing of tea,Agriculture
veterinary doctor as msme,75000,Veterinary activities,Professional
industry: accountant ca firm,69201,Accounting and auditing activities,Finance
we have a we make fruit juice for local market,10304,Manufacture of fruit juices,Manufacturing
my business is wheat cultivation,1111,Growing of wheat,Agriculture
i run a weighing machine manufacturing in india,28194,Manufacture of weighing machinery,Manufacturing
my work is building construction,41001,Construction of buildings,Construction
we do road construction as msme,42101,Construction of highways and roads,Construction
my work is chakki flour mill as msme,10611,Flour milling,Manufacturing
this unit is involved in fish farming for domestic market,3221,Fish farming in freshwater,Agriculture
i run a bridge construction in my village,42101,Construction of bridges and tunnels,Construction
i do beauty parlour salon at home,96020,Hairdressing and other beauty treatment,Services
we are into tea processing on small scale,10791,Processing and blending of tea,Manufacturing
i run a utensil making brass copper for domestic market,25994,Manufacture of metal household articles,Manufacturing
my work is dry cleaning laundry in my village,96010,Washing and dry cleaning of textiles,Services
i am doing zari work business,13992,Zari work and ornamental trimmings,Manufacturing
we do fertilizer manufacturing,20121,Manufacture of urea and organic fertilizers,Manufacturing
i do cardboard box making as msme,17023,Manufacture of card board boxes,Manufacturing
my work is i keep bees and sell honey in my city,1492,Bee-keeping and production of honey,Agriculture
we deal in house construction in india,41001,Construction of buildings,Construction
our business is dhaba food stall for export,56101,Restaurants,Hospitality
the company is engaged in basmati rice farming for local market,1121,Organic farming of basmati rice,Agriculture
i do silver jewellery,32111,Manufacture of jewellery of gold silver,Manufacturing
our business is college for local market,85301,Higher education,Education
we have a diamond cutting and polishing at home,32112,Working of diamonds and precious stones,Manufacturing
i do onion farming in nashik at home,1133,Growing of onion,Agriculture
skill training institute iti,85221,Technical and vocational education,Education
potato farming,1135,Growing of potatoes and tubers,Agriculture
i own a bicycle manufacturing in my city,30921,Manufacture of bicycles,Manufacturing
we have a steel manufacturing at home,24103,Manufacture of steel,Manufacturing
business activity: trucking business for local market,49231,Motorised road freight transport,Transport
i do tea packing business in my city,10791,Processing and blending of tea,Manufacturing
business activity: private school,85211,General school education first stage,Education
my work is i am a tailor,14105,Custom tailoring,Manufacturing
the company is engaged in vegetable farming in my city,1131,Growing of vegetables,Agriculture
warehouse storage,52102,Warehousing non-refrigerated,Transport
i make gold jewellery,32111,Manufacture of jewellery of gold silver,Manufacturing
coaching class tuition in india,85491,Academic tutoring services,Education
i do i make clothes,14101,Manufacture of textile garments,Manufacturing
we have a apiary business,1492,Bee-keeping and production of honey,Agriculture
i own a we mine coal,5102,Belowground mining of hard coal,Mining
we have a we make plastic bags for domestic market,22203,Manufacture of plastic articles for packing,Manufacturing
our business is switch socket manufacturing on small scale,27331,Manufacture of switch and socket,Manufacturing
i own a basmati rice farming on small scale,1121,Organic farming of basmati rice,Agriculture
our business is electronic goods shop for local market,47420,Retail sale of audio and video equipment,Trade
business activity: electricity distribution,35109,Collection and distribution of electric energy,Energy
i am doing i raise chickens in my village,1461,Raising and breeding of poultry,Agriculture
general store in india,47190,Other retail sale in non-specialized stores,Trade
this unit is involved in sugar manufacturing at home,10721,Manufacture of sugar from sugarcane,Manufacturing
jaggery making,10722,Manufacture of gur from sugarcane,Manufacturing
basmati rice farming,1121,Organic farming of basmati rice,Agriculture
i do cyber cafe for domestic market,63992,Activities of cyber cafe,IT Services
i am doing dhaba food stall for export,56101,Restaurants,Hospitality
we have a coal mining as msme,5101,Opencast mining of hard coal,Mining
my work is coaching class tuition in my village,85491,Academic tutoring services,Education
industry: book shop stationery on small scale,47613,Retail sale of stationery,Trade
garment stitching,14101,Manufacture of textile garments,Manufacturing
i do herbal medicine production for domestic market,21003,Manufacture of ayurvedic pharmaceutical preparations,Manufacturing
industry: chit fund for export,64910,Financial leasing,Finance
we are into machine repair workshop,33121,Repair of engines and turbines,Manufacturing
the company is engaged in building construction on small scale,41001,Construction of buildings,Construction
industry: call centre bpo at home,82200,Activities of call centres,IT Services
my work is saree weaving,13122,Weaving of silk fabrics,Manufacturing
cobbler shoe repair,95230,Repair of footwear and leather goods,Services
my work is computer assembly in my city,26201,Manufacture of desktop and laptop computers,Manufacturing
glass bangle making as msme,23106,Manufacture of glass bangles,Manufacturing
we deal in general store for local market,47190,Other retail sale in non-specialized stores,Trade
placement agency hr,78100,Activities of employment placement agencies,Services
pickle making,10306,Manufacture of pickles and chutney,Manufacturing
the company is engaged in fruit juice manufacturing in my city,10304,Manufacture of fruit juices,Manufacturing
onion farming in nashik,1133,Growing of onion,Agriculture
industry: cleaning services as msme,81210,General cleaning of buildings,Services
this unit is involved in cotton farming in india,1161,Growing of cotton,Agriculture
we mine coal,5102,Belowground mining of hard coal,Mining
i run a jam jelly making for domestic market,10305,Manufacture of sauces jams and jellies,Manufacturing
switch socket manufacturing as msme,27331,Manufacture of switch and socket,Manufacturing
i own a plastic bag making,22203,Manufacture of plastic articles for packing,Manufacturing
my work is cyber cafe,63992,Activities of cyber cafe,IT Services
coffee plantation for export,1272,Growing of coffee,Agriculture
business activity: i raise chickens at home,1461,Raising and breeding of poultry,Agriculture
my work is cattle feed manufacturing for local market,10801,Manufacture of cattle feed,Manufacturing
industry: nursing home in my village,86100,Hospital activities,Healthcare
road construction,42101,Construction of highways and roads,Construction
we have a we make jaggery gur for domestic market,10722,Manufacture of gur from sugarcane,Manufacturing
we are into papad making unit,10796,Manufacture of papads and appalam,Manufacturing
industry: electronic goods shop on small scale,47420,Retail sale of audio and video equipment,Trade
we do pump manufacturing for export,28132,Manufacture of pumps and compressors,Manufacturing
we deal in wheat farming in india,1111,Growing of wheat,Agriculture
my work is surgical instrument making in my city,32504,Manufacture of bone plates and syringes,Manufacturing
my work is i grow rice,1121,Organic farming of basmati rice,Agriculture
our business is i run a rice mill on small scale,10612,Rice milling,Manufacturing
we have a cement manufacturing on small scale,23941,Manufacture of clinkers and cement,Manufacturing
our business is software development in india,62011,Writing and modifying computer programs,IT Services
my work is furniture shop for domestic market,47591,Retail sale of household furniture,Trade
my work is mineral water plant in my city,11043,Manufacture of mineral water,Manufacturing
business activity: farmer growing wheat in punjab in my city,1111,Growing of wheat,Agriculture
we do i am a tailor in india,14105,Custom tailoring,Manufacturing
our business is mobile phone shop for local market,47414,Retail sale of telecommunication equipment,Trade
the company is engaged in flour mill at home,10611,Flour milling,Manufacturing
our business is steel manufacturing at home,24103,Manufacture of steel,Manufacturing
industry: vegetable farming,1131,Growing of vegetables,Agriculture
i run a cable tv operator in my city,61103,Activities of cable operators,IT Services
i am doing leather bag making for export,15121,Manufacture of travel goods and bags,Manufacturing
fireworks manufacturing,20292,Manufacture of explosives and fireworks,Manufacturing
we do handmade soap business at home,20231,Manufacture of soap all forms,Manufacturing
i am doing cobbler shoe repair on small scale,95230,Repair of footwear and leather goods,Services
i am doing handmade soap business for export,20231,Manufacture of soap all forms,Manufacturing
we are into sewing machine manufacturing as msme,28265,Manufacture of sewing machines,Manufacturing
our business is detergent manufacturing for export,20233,Manufacture of detergent,Manufacturing
tractor manufacturing,28211,Manufacture of tractors for agriculture,Manufacturing
our business is i raise chickens in india,1461,Raising and breeding of poultry,Agriculture
we deal in we grow bananas at home,1222,Growing of bananas,Agriculture
bus transport service,49221,Long distance bus services,Transport
we deal in online selling ecommerce as msme,47912,Retail sale via e-commerce,Trade
my work is courier service,53200,Courier activities,Transport
i run a herbal medicine production at home,21003,Manufacture of ayurvedic pharmaceutical preparations,Manufacturing
we have a prawn farming on small scale,3221,Fish farming in freshwater,Agriculture
i run a online selling ecommerce for export,47912,Retail sale via e-commerce,Trade
industry: we assemble mobile phones in my village,26305,Manufacture of pagers cellular phones,Manufacturing
we have a we mine coal,5102,Belowground mining of hard coal,Mining
the company is engaged in taxi cab service in my city,49224,Taxi operation,Transport
i own a wholesale trader for export,46209,Wholesale of agriculture raw materials,Trade
we deal in dal mill for export,10613,Dal (pulses) milling,Manufacturing
industry: dairy product making ghee butter in india,10504,Manufacture of cream butter cheese ghee,Manufacturing
i make agarbatti,20238,Manufacture of agarbatti,Manufacturing
we do wheat farming in my village,1111,Growing of wheat,Agriculture
our business is bicycle repair in my village,95291,Repair of bicycles,Services
mutual fund agent in my city,66301,Management of mutual funds,Finance
business activity: cattle feed manufacturing for export,10801,Manufacture of cattle feed,Manufacturing
marble quarrying in my village,8101,Quarrying of marble,Mining
i own a sewing machine manufacturing for domestic market,28265,Manufacture of sewing machines,Manufacturing
we are into spinning mill cotton as msme,13111,Preparation and spinning of cotton fiber,Manufacturing
business activity: herbal medicine production in india,21003,Manufacture of ayurvedic pharmaceutical preparations,Manufacturing
we are into mango farming in konkan in my village,1221,Growing of mangoes,Agriculture
my work is auto rickshaw,49224,Taxi operation,Transport
i am doing limestone mining in my village,8107,Mining of limestone,Mining
we have a interior design work,43303,Interior painting and decorating,Construction
this unit is involved in mobile recharge shop at home,61201,Activities of internet access wireless,IT Services
i am doing aerated drinks manufacturing for domestic market,11041,Manufacture of aerated drinks,Manufacturing
i run a i have a cow dairy in india,1412,Production of milk from cows or buffaloes,Agriculture
business activity: candle making,20238,Manufacture of agarbatti and similar products,Manufacturing
we are into knife scissors making,25931,Manufacture of cutlery,Manufacturing
homeopathy clinic,86903,Activities of homeopaths,Healthcare
we deal in handloom weaving in india,13121,Weaving of cotton fabrics,Manufacturing
i do electricity distribution,35109,Collection and distribution of electric energy,Energy
we do we produce eggs in my city,1462,Production of eggs,Agriculture
i do goat farming as msme,1441,Raising and breeding of sheep and goats,Agriculture
i own a internet service provider as msme,61104,Activities providing internet access,IT Services
industry: i grow potatoes,1135,Growing of potatoes and tubers,Agriculture
our business is paper manufacturing in my city,17013,Manufacture of paper,Manufacturing
i do coaching class tuition in india,85491,Academic tutoring services,Education
i do brick manufacturing at home,23921,Manufacture of bricks,Manufacturing
we do zari work business in india,13992,Zari work and ornamental trimmings,Manufacturing
cleaning services for domestic market,81210,General cleaning of buildings,Services
our business is security guard agency for export,80100,Private security activities,Services
we have a honey production for export,1492,Bee-keeping and production of honey,Agriculture
industry: plastic product manufacturing in my city,22201,Manufacture of semi-finished plastic products,Manufacturing
this unit is involved in rice milling unit,10612,Rice milling,Manufacturing
toothpaste manufacturing in my city,20235,Manufacture of dental hygiene preparations,Manufacturing
i run a jute farming,1162,Growing of jute,Agriculture
we do bicycle manufacturing as msme,30921,Manufacture of bicycles,Manufacturing
business activity: led bulb making as msme,27400,Manufacture of electric lighting equipment,Manufacturing
i do electric fan manufacturing for domestic market,27503,Manufacture of electric fans,Manufacturing
business activity: agricultural equipment making,28212,Manufacture of agricultural machinery,Manufacturing
chit fund,64910,Financial leasing,Finance
this unit is involved in i grow potatoes,1135,Growing of potatoes and tubers,Agriculture
this unit is involved in perfume making on small scale,20234,Manufacture of perfumes,Manufacturing
i am doing i keep bees and sell honey in my village,1492,Bee-keeping and production of honey,Agriculture
i do cobbler shoe repair in my city,95230,Repair of footwear and leather goods,Services
this unit is involved in hair oil shampoo manufacturing,20236,Manufacture of hair oil and shampoo,Manufacturing
i make pickles,10306,Manufacture of pickles and chutney,Manufacturing
i do wire and cable manufacturing,27320,Manufacture of wires and cables,Manufacturing
masala powder making,10795,Grinding and processing of spices,Manufacturing
business activity: tailoring unit for export,14105,Custom tailoring,Manufacturing
our business is spinning mill cotton on small scale,13111,Preparation and spinning of cotton fiber,Manufacturing
i own a parcel delivery in india,53200,Courier activities,Transport
business activity: paper bag making,17024,Manufacture of sacks and bags of paper,Manufacturing
poultry meat processing,10104,Poultry slaughtering and preparation,Manufacturing
my work is insurance agent for local market,66220,Activities of insurance agents and brokers,Finance
i run a jewellery shop for export,47733,Retail sale of jewellery,Trade
this unit is involved in sugar manufacturing,10721,Manufacture of sugar from sugarcane,Manufacturing
we are into carpet making as msme,13931,Manufacture of carpets of cotton,Manufacturing
advertising agency for domestic market,73100,Advertising,Professional
my work is we grow bananas,1222,Growing of bananas,Agriculture
i am doing silver jewellery,32111,Manufacture of jewellery of gold silver,Manufacturing
this unit is involved in silk weaving for export,13122,Weaving of silk fabrics,Manufacturing
i do medical device manufacturing in india,32504,Manufacture of medical instruments,Manufacturing
we deal in limestone mining,8107,Mining of limestone,Mining
online selling ecommerce,47912,Retail sale via e-commerce,Trade
we do tin box can making as msme,25992,Manufacture of containers tins and cans,Manufacturing
i am doing hotel restaurant in my city,55101,Hotels and motels providing lodging,Hospitality
i do kirana store on small scale,47211,Retail sale of food products,Trade
i do nursing home for export,86100,Hospital activities,Healthcare
security guard agency for local market,80100,Private security activities,Services
i raise chickens,1461,Raising and breeding of poultry,Agriculture
toothpaste manufacturing,20235,Manufacture of dental hygiene preparations,Manufacturing
the company is engaged in tea plantation at home,1271,Growing of tea,Agriculture
i am doing pickle making,10306,Manufacture of pickles and chutney,Manufacturing
we are into limestone mining,8107,Mining of limestone,Mining
tin box can making,25992,Manufacture of containers tins and cans,Manufacturing
mutual fund agent in india,66301,Management of mutual funds,Finance
our business is imitation artificial jewellery in my city,32120,Manufacture of imitation jewellery,Manufacturing
it consulting,62020,Computer consultancy,IT Services
iron ore mining,7100,Mining of iron ores,Mining
my work is data entry work as msme,63114,Providing data entry services,IT Services
i own a fruit juice manufacturing for export,10304,Manufacture of fruit juices,Manufacturing
plastic chair table making,22202,Manufacture of plastic household articles,Manufacturing
we do knitting hosiery unit for domestic market,13913,Manufacture of knitted synthetic fabrics,Manufacturing
industry: wooden toy making in my village,32401,Manufacture of dolls and toy animals,Manufacturing
matchbox making at home,20291,Manufacture of matches,Manufacturing
we do courier service,53200,Courier activities,Transport
our business is printing press as msme,18112,Printing of books and magazines,Manufacturing
i am doing steel manufacturing,24103,Manufacture of steel,Manufacturing
we deal in building construction,41001,Construction of buildings,Construction
our business is sugar manufacturing in my village,10721,Manufacture of sugar from sugarcane,Manufacturing
interior design work,43303,Interior painting and decorating,Construction
general store,47190,Other retail sale in non-specialized stores,Trade
industry: handloom weaving,13121,Weaving of cotton fabrics,Manufacturing
i own a rice mill for local market,10612,Rice milling,Manufacturing
business activity: canteen mess,56292,Operation of canteens,Hospitality
i do wind energy farm,35106,Electric power generation non conventional,Energy
this unit is involved in plumbing work,43221,Installation of plumbing,Construction
electric fan manufacturing in my village,27503,Manufacture of electric fans,Manufacturing
the company is engaged in i grow non basmati rice at home,1122,Organic farming of non-basmati rice,Agriculture
this unit is involved in clothing shop,47711,Retail sale of readymade garments,Trade
shoe making,15201,Manufacture of leather footwear,Manufacturing
we have a wooden furniture unit,31001,Manufacture of furniture of wood,Manufacturing
we do paper bag making,17024,Manufacture of sacks and bags of paper,Manufacturing
we are into photography studio in india,74201,Commercial photograph production,Professional
this unit is involved in spice grinding and processing for local market,10795,Grinding and processing of spices,Manufacturing
we have a vehicle repair garage in my village,45200,Maintenance and repair of motor vehicles,Trade
plastic product manufacturing,22201,Manufacture of semi-finished plastic products,Manufacturing
i run a silver jewellery as msme,32111,Manufacture of jewellery of gold silver,Manufacturing
we deal in we export organic basmati rice in my village,1121,Organic farming of basmati rice,Agriculture
this unit is involved in grocery shop for domestic market,47211,Retail sale of cereals and pulses,Trade
we deal in dairy farming,1412,Production of milk from cows or buffaloes,Agriculture
this unit is involved in spectacle frame making for domestic market,22206,Manufacture of spectacle frames of plastic,Manufacturing
my work is soft drink manufacturing,11045,Manufacture of soft drinks,Manufacturing
this unit is involved in diamond cutting and polishing,32112,Working of diamonds and precious stones,Manufacturing
this unit is involved in vehicle repair garage at home,45200,Maintenance and repair of motor vehicles,Trade
we deal in electronic component making for local market,26101,Manufacture of electronic components,Manufacturing
dhaba food stall in my city,56101,Restaurants,Hospitality
cargo handling,52241,Cargo handling for land transport,Transport
the company is engaged in diagnostic lab pathology as msme,86905,Activities of diagnostic laboratories,Healthcare
i do cargo handling at home,52241,Cargo handling for land transport,Transport
we do sugarcane farming in india,1140,Growing of sugar cane,Agriculture
my work is civil engineer consultant,71100,Architectural and engineering activities,Professional
noodles and pasta manufacturing,10740,Manufacture of macaroni and noodles,Manufacturing
i do online selling ecommerce in my village,47912,Retail sale via e-commerce,Trade
glass bangle making,23106,Manufacture of glass bangles,Manufacturing
i own a goat farming,1441,Raising and breeding of sheep and goats,Agriculture
we have a rice mill as msme,10612,Rice milling,Manufacturing
college in india,85301,Higher education,Education
we have a homeopathy clinic for local market,86903,Activities of homeopaths,Healthcare
industry: advocate lawyer on small scale,69100,Legal activities,Professional
i do painting contractor in my city,43303,Interior and exterior painting,Construction
i run a silver jewellery on small scale,32111,Manufacture of jewellery of gold silver,Manufacturing
masala powder making at home,10795,Grinding and processing of spices,Manufacturing
i run a i make ghee on small scale,10504,Manufacture of cream butter cheese ghee,Manufacturing
we are into mobile recharge shop,61201,Activities of internet access wireless,IT Services
packaged water business in my village,11043,Manufacture of mineral water,Manufacturing
newspaper printing,18111,Printing of newspapers,Manufacturing
i do i make ghee for local market,10504,Manufacture of cream butter cheese ghee,Manufacturing
we are into silk weaving in my city,13122,Weaving of silk fabrics,Manufacturing
i run a sugarcane cultivation for local market,1140,Growing of sugar cane,Agriculture
this unit is involved in medicine manufacturing allopathic for local market,21002,Manufacture of allopathic pharmaceutical preparations,Manufacturing
we have a i grow ginger,1281,Growing of ginger,Agriculture
the company is engaged in building construction in india,41001,Construction of buildings,Construction
fruit juice manufacturing as msme,10304,Manufacture of fruit juices,Manufacturing
i do ice cream manufacturing for domestic market,10505,Manufacture of ice cream,Manufacturing
this unit is involved in two wheeler manufacturing in india,30911,Manufacture of motorcycles and scooters,Manufacturing
dry cleaning laundry,96010,Washing and dry cleaning of textiles,Services
this unit is involved in dentist,86202,Dental practice activities,Healthcare
bolt nut manufacturing,25991,Manufacture of metal fasteners,Manufacturing
i do i am a tailor in india,14105,Custom tailoring,Manufacturing
our business is mobile app development in india,62011,Writing computer programs,IT Services
it consulting on small scale,62020,Computer consultancy,IT Services
i run a diamond cutting and polishing in india,32112,Working of diamonds and precious stones,Manufacturing
i own a rubber product manufacturing for export,22191,Manufacture of rubber plates and tubes,Manufacturing
the company is engaged in we cultivate wheat crops,1111,Growing of wheat,Agriculture
coffee plantation,1272,Growing of coffee,Agriculture
this unit is involved in wire and cable manufacturing for local market,27320,Manufacture of wires and cables,Manufacturing
my work is footwear manufacturing,15201,Manufacture of leather footwear,Manufacturing
pump manufacturing,28132,Manufacture of pumps and compressors,Manufacturing
fast food centre,56102,Cafeterias and fast food restaurants,Hospitality
pottery making,23931,Manufacture of articles of porcelain and pottery,Manufacturing
medical device manufacturing,32504,Manufacture of medical instruments,Manufacturing
business activity: we make fruit juice in india,10304,Manufacture of fruit juices,Manufacturing
i do cosmetics making as msme,20237,Manufacture of cosmetics and toileteries,Manufacturing
i make bread in my village,10711,Manufacture of bread,Manufacturing
i am doing doctor medical practice,86201,Medical practice activities,Healthcare
i own a phenyl disinfectant making at home,20212,Manufacture of disinfectants,Manufacturing
we are into power loom for local market,13121,Weaving of cotton fabrics,Manufacturing
i do call centre bpo for export,82200,Activities of call centres,IT Services
this unit is involved in embroidery work on small scale,13991,Embroidery work and making of laces,Manufacturing
i own a architect firm in my village,71100,Architectural and engineering activities,Professional
i run a mobile bike repair shop for local market,45403,Maintenance of motorcycles and scooters,Trade
i run a i make ghee in india,10504,Manufacture of cream butter cheese ghee,Manufacturing
we do newspaper printing in india,18111,Printing of newspapers,Manufacturing
we deal in plumbing work at home,43221,Installation of plumbing,Construction
we have a painting contractor,43303,Interior and exterior painting,Construction
business activity: jam jelly making,10305,Manufacture of sauces jams and jellies,Manufacturing
hospital clinic,86100,Hospital activities,Healthcare
the company is engaged in cargo handling in my city,52241,Cargo handling for land transport,Transport
the company is engaged in two wheeler manufacturing,30911,Manufacture of motorcycles and scooters,Manufacturing
this unit is involved in mobile bike repair shop as msme,45403,Maintenance of motorcycles and scooters,Trade
we have a sugar manufacturing in my village,10721,Manufacture of sugar from sugarcane,Manufacturing
we have a we cultivate wheat crops for export,1111,Growing of wheat,Agriculture
we deal in travel agency in india,52291,Activities of travel agents,Transport
the company is engaged in pcb printed circuit board for domestic market,26104,Manufacture of printed circuit boards,Manufacturing
iron ore mining as msme,7100,Mining of iron ores,Mining
i am doing homeopathy clinic for domestic market,86903,Activities of homeopaths,Healthcare
business activity: egg production farm on small scale,1462,Production of eggs,Agriculture
industry: fashion designer in india,74101,Fashion design,Professional
our business is toothpaste manufacturing for domestic market,20235,Manufacture of dental hygiene preparations,Manufacturing
we deal in we cultivate wheat crops for export,1111,Growing of wheat,Agriculture
we have a spectacle frame making on small scale,22206,Manufacture of spectacle frames of plastic,Manufacturing
i run a truck transport for export,49231,Motorised road freight transport,Transport
industry: cobbler shoe repair,95230,Repair of footwear and leather goods,Services
industry: money lending,64920,Other credit granting,Finance
basmati rice farming in my village,1121,Organic farming of basmati rice,Agriculture
my work is rubber product manufacturing on small scale,22191,Manufacture of rubber plates and tubes,Manufacturing
we are into plywood manufacturing at home,16211,Manufacture of plywood and veneer,Manufacturing
we deal in i make gold jewellery in my village,32111,Manufacture of jewellery of gold silver,Manufacturing
the company is engaged in iodized salt processing,10798,Processing of salt into food grade salt,Manufacturing
we have a dal mill for local market,10613,Dal (pulses) milling,Manufacturing
i run a medical device manufacturing at home,32504,Manufacture of medical instruments,Manufacturing
we make jaggery gur,10722,Manufacture of gur from sugarcane,Manufacturing
gold jewellery making,32111,Manufacture of jewellery of gold silver,Manufacturing
bakery unit on small scale,10711,Manufacture of bread,Manufacturing
the company is engaged in cable tv operator,61103,Activities of cable operators,IT Services
this unit is involved in bakery products for export,10712,Manufacture of biscuits and cakes,Manufacturing
bus transport service in my village,49221,Long distance bus services,Transport
we are into electricity distribution,35109,Collection and distribution of electric energy,Energy
we are into internet service provider,61104,Activities providing internet access,IT Services
we have a i do fishing in sea at home,3111,Fishing in ocean and coastal waters,Agriculture
we do potato farming in my village,1135,Growing of potatoes and tubers,Agriculture
i make leather bags for domestic market,15121,Manufacture of travel goods and bags,Manufacturing
i own a paddy cultivation,1121,Organic farming of basmati rice,Agriculture
i run a fish processing for export,10204,Processing and preserving of fish,Manufacturing
business activity: coconut farming,1261,Growing of coconut,Agriculture
we deal in house construction for export,41001,Construction of buildings,Construction
software development,62011,Writing and modifying computer programs,IT Services
we are into book shop stationery,47613,Retail sale of stationery,Trade
i do spice grinding and processing,10795,Grinding and processing of spices,Manufacturing
architect firm,71100,Architectural and engineering activities,Professional
mobile app development,62011,Writing computer programs,IT Services
this unit is involved in i do fishing in sea as msme,3111,Fishing in ocean and coastal waters,Agriculture
business activity: wind energy farm for domestic market,35106,Electric power generation non conventional,Energy
jute bag making as msme,13942,Manufacture of cordage or rope of jute,Manufacturing
lock and key making,25934,Manufacture of padlocks and locks,Manufacturing
i run a wire and cable manufacturing,27320,Manufacture of wires and cables,Manufacturing
matchbox making,20291,Manufacture of matches,Manufacturing
insurance agent in my village,66220,Activities of insurance agents and brokers,Finance
business activity: diagnostic lab pathology as msme,86905,Activities of diagnostic laboratories,Healthcare
our business is marble quarrying in india,8101,Quarrying of marble,Mining
i run a pesticide manufacturing,20211,Manufacture of insecticides,Manufacturing
i do battery manufacturing at home,27201,Manufacture of primary cells and batteries,Manufacturing
business activity: herbal medicine production at home,21003,Manufacture of ayurvedic pharmaceutical preparations,Manufacturing
i am a tailor,14105,Custom tailoring,Manufacturing
the company is engaged in noodles and pasta manufacturing,10740,Manufacture of macaroni and noodles,Manufacturing
i run a rice cultivation in irrigated fields for export,1121,Organic farming of basmati rice,Agriculture
our business is spectacle frame making as msme,22206,Manufacture of spectacle frames of plastic,Manufacturing
we do apiary business at home,1492,Bee-keeping and production of honey,Agriculture
my work is coaching class tuition in my city,85491,Academic tutoring services,Education
we do agricultural equipment making for local market,28212,Manufacture of agricultural machinery,Manufacturing
this unit is involved in footwear manufacturing at home,15201,Manufacture of leather footwear,Manufacturing
i run a we make plastic bags for export,22203,Manufacture of plastic articles for packing,Manufacturing
industry: hair oil shampoo manufacturing,20236,Manufacture of hair oil and shampoo,Manufacturing
the company is engaged in tea stall in india,56302,Tea and coffee shops,Hospitality
i make clothes in my village,14101,Manufacture of textile garments,Manufacturing
i make ghee,10504,Manufacture of cream butter cheese ghee,Manufacturing
industry: flour mill for domestic market,10611,Flour milling,Manufacturing
i am doing electrical installation for local market,43211,Installation of electrical wiring,Construction
we are into garment stitching in my city,14101,Manufacture of textile garments,Manufacturing
my work is market research in india,73200,Market research and public opinion polling,Professional
we deal in potato farming for local market,1135,Growing of potatoes and tubers,Agriculture
i do candle making for export,20238,Manufacture of agarbatti and similar products,Manufacturing
i am doing i grow non basmati rice in my city,1122,Organic farming of non-basmati rice,Agriculture
industry: papad making unit on small scale,10796,Manufacture of papads and appalam,Manufacturing
we grow sugarcane,1140,Growing of sugar cane,Agriculture
we are into web design,62012,Web page designing,IT Services
we deal in we grind flour,10611,Flour milling,Manufacturing
we have a software development,62011,Writing and modifying computer programs,IT Services
our business is stock broker in india,66120,Security and commodity contracts brokerage,Finance
i do i run a rice mill as msme,10612,Rice milling,Manufacturing
granite quarrying,8102,Quarrying of granite,Mining
the company is engaged in paddy cultivation for local market,1121,Organic farming of basmati rice,Agriculture
i own a knife scissors making at home,25931,Manufacture of cutlery,Manufacturing
tax consultant,69202,Tax consultancy,Finance
ceramic tile manufacturing,23921,Manufacture of bricks,Manufacturing
our business is call centre bpo in my village,82200,Activities of call centres,IT Services
i run a bus transport service for export,49221,Long distance bus services,Transport
we deal in we produce eggs at home,1462,Production of eggs,Agriculture
i own a wooden furniture unit for local market,31001,Manufacture of furniture of wood,Manufacturing
our business is we make plastic bags in my village,22203,Manufacture of plastic articles for packing,Manufacturing
painting contractor,43303,Interior and exterior painting,Construction
cattle feed manufacturing for domestic market,10801,Manufacture of cattle feed,Manufacturing
we deal in cotton farming at home,1161,Growing of cotton,Agriculture
industry: prawn farming at home,3221,Fish farming in freshwater,Agriculture
cold storage warehouse for domestic market,52101,Warehousing of refrigerated goods,Transport
we are into tyre manufacturing,22111,Manufacture of rubber tyres for motor vehicles,Manufacturing
industry: sugarcane farming,1140,Growing of sugar cane,Agriculture
i own a juice shop as msme,56303,Fruit juice bars,Hospitality
our business is i am a tailor in my city,14105,Custom tailoring,Manufacturing
we are into chit fund,64910,Financial leasing,Finance
we do tyre manufacturing on small scale,22111,Manufacture of rubber tyres for motor vehicles,Manufacturing
business activity: furniture shop,47591,Retail sale of household furniture,Trade
i own a ayurvedic medicine making for local market,21003,Manufacture of ayurvedic pharmaceutical preparations,Manufacturing
i am doing medicine pharmacy in my city,47721,Retail sale of pharmaceuticals,Trade
business activity: i make wooden furniture for local market,31001,Manufacture of furniture of wood,Manufacturing
i own a tea stall in my village,56302,Tea and coffee shops,Hospitality
my work is fashion designer,74101,Fashion design,Professional
i own a soap making in my village,20231,Manufacture of soap all forms,Manufacturing
accountant ca firm for export,69201,Accounting and auditing activities,Finance
embroidery work,13991,Embroidery work and making of laces,Manufacturing
we are into marble quarrying in my village,8101,Quarrying of marble,Mining
we deal in software development,62011,Writing and modifying computer programs,IT Services
we deal in iron and steel plant in my city,24101,Manufacture of pig iron,Manufacturing
my work is newspaper printing,18111,Printing of newspapers,Manufacturing
property dealer,68200,Real estate activities on fee basis,Real Estate
pcb printed circuit board,26104,Manufacture of printed circuit boards,Manufacturing
industry: iodized salt processing at home,10798,Processing of salt into food grade salt,Manufacturing
candle making in my city,20238,Manufacture of agarbatti and similar products,Manufacturing
rice milling unit as msme,10612,Rice milling,Manufacturing
i am doing bicycle repair for export,95291,Repair of bicycles,Services
this unit is involved in tin box can making in india,25992,Manufacture of containers tins and cans,Manufacturing
i own a bicycle manufacturing for domestic market,30921,Manufacture of bicycles,Manufacturing
i do car manufacturing in india,29101,Manufacture of passenger cars,Manufacturing
we have a surgical instrument making at home,32504,Manufacture of bone plates and syringes,Manufacturing
the company is engaged in i grow onions and tomatoes at home,1132,Growing of fruit-bearing vegetables,Agriculture
my work is jewellery shop,47733,Retail sale of jewellery,Trade
this unit is involved in iron and steel plant for export,24101,Manufacture of pig iron,Manufacturing
we deal in dentist on small scale,86202,Dental practice activities,Healthcare
we have a tea plantation for domestic market,1271,Growing of tea,Agriculture
my work is matchbox making in india,20291,Manufacture of matches,Manufacturing
this unit is involved in diamond cutting and polishing as msme,32112,Working of diamonds and precious stones,Manufacturing
cold storage warehouse for local market,52101,Warehousing of refrigerated goods,Transport
i do mango orchard at home,1221,Growing of mangoes,Agriculture
i am doing cargo handling for export,52241,Cargo handling for land transport,Transport
we dry and pack fish on small scale,10201,Sun-drying of fish,Manufacturing
hotel restaurant,55101,Hotels and motels providing lodging,Hospitality
my work is brassware manufacturing on small scale,25994,Manufacture of metal household articles,Manufacturing
our business is we weave cotton fabric,13121,Weaving of cotton fabrics,Manufacturing
we deal in i grow mangoes,1221,Growing of mangoes,Agriculture
business activity: hospital clinic for domestic market,86100,Hospital activities,Healthcare
this unit is involved in beauty parlour salon,96020,Hairdressing and other beauty treatment,Services
this unit is involved in online selling ecommerce for export,47912,Retail sale via e-commerce,Trade
my work is brick manufacturing at home,23921,Manufacture of bricks,Manufacturing
i am doing tea stall,56302,Tea and coffee shops,Hospitality
we deal in house construction in my village,41001,Construction of buildings,Construction
we deal in mobile phone manufacturing in my village,26305,Manufacture of pagers cellular phones,Manufacturing
we have a we grind flour as msme,10611,Flour milling,Manufacturing
we deal in we make bread and biscuits for local market,10712,Manufacture of biscuits and cakes,Manufacturing
we grind flour,10611,Flour milling,Manufacturing
i own a i make pickles in my city,10306,Manufacture of pickles and chutney,Manufacturing
business activity: fruit juice manufacturing in my city,10304,Manufacture of fruit juices,Manufacturing
we are into event catering for local market,56210,Event catering,Hospitality
i run a sugar manufacturing as msme,10721,Manufacture of sugar from sugarcane,Manufacturing
our business is mobile app development for local market,62011,Writing computer programs,IT Services
industry: we export organic basmati rice on small scale,1121,Organic farming of basmati rice,Agriculture
business activity: veterinary doctor for domestic market,75000,Veterinary activities,Professional
we are into lock and key making for export,25934,Manufacture of padlocks and locks,Manufacturing
we have a i make gold jewellery for export,32111,Manufacture of jewellery of gold silver,Manufacturing
this unit is involved in warehouse storage at home,52102,Warehousing non-refrigerated,Transport
i run a taxi cab service at home,49224,Taxi operation,Transport
granite quarrying for local market,8102,Quarrying of granite,Mining
industry: egg production farm as msme,1462,Production of eggs,Agriculture
i do printing press at home,18112,Printing of books and magazines,Manufacturing
i am doing tyre manufacturing as msme,22111,Manufacture of rubber tyres for motor vehicles,Manufacturing
this unit is involved in i make pickles as msme,10306,Manufacture of pickles and chutney,Manufacturing
my work is wooden furniture unit,31001,Manufacture of furniture of wood,Manufacturing
i am doing insurance agent as msme,66220,Activities of insurance agents and brokers,Finance
i run a aquaculture freshwater for local market,3221,Fish farming in freshwater,Agriculture
cyber cafe,63992,Activities of cyber cafe,IT Services
our business is banana farming in my city,1222,Growing of bananas,Agriculture
the company is engaged in tea processing for export,10791,Processing and blending of tea,Manufacturing
our business is i make leather bags,15121,Manufacture of travel goods and bags,Manufacturing
we deal in soap making for export,20231,Manufacture of soap all forms,Manufacturing
silk weaving for local market,13122,Weaving of silk fabrics,Manufacturing
we weave cotton fabric for export,13121,Weaving of cotton fabrics,Manufacturing
i do civil engineer consultant for export,71100,Architectural and engineering activities,Professional
