S.No.,Description,Sub Class,Class,Group,Division,Section
1,Growing of wheat,1111,111,11,"Crop and animal production, hunting and related service activities","Agriculture, forestry and fishing"
1,Wheat related business activity,1111,111,11,"Crop and animal production, hunting and related service activities","Agriculture, forestry and fishing"
1,Services related to wheat,1111,111,11,"Crop and animal production, hunting and related service activities","Agriculture, forestry and fishing"
2,"Growing of jowar, bajra and millets",1112,111,11,"Crop and animal production, hunting and related service activities","Agriculture, forestry and fishing"
2,"Jowar, bajra and millets related business activity",1112,111,11,"Crop and animal production, hunting and related service activities","Agriculture, forestry and fishing"
2,"Services related to jowar, bajra and millets",1112,111,11,"Crop and animal production, hunting and related service activities","Agriculture, forestry and fishing"
3,Growing of other cereals,1113,111,11,"Crop and animal production, hunting and related service activities","Agriculture, forestry and fishing"
3,Other cereals related business activity,1113,111,11,"Crop and animal production, hunting and related service activities","Agriculture, forestry and fishing"
3,Services related to other cereals,1113,111,11,"Crop and animal production, hunting and related service activities","Agriculture, forestry and fishing"
4,"Growing of pulses (dal) and other leguminous crops such as peas and beans, not used as oilseeds",1114,111,11,"Crop and animal production, hunting and related service activities","Agriculture, forestry and fishing"
4,"Pulses (dal) and other leguminous crops such as peas and beans, not used as oilseeds related business activity",1114,111,11,"Crop and animal production, hunting and related service activities","Agriculture, forestry and fishing"
4,"Services related to pulses (dal) and other leguminous crops such as peas and beans, not used as oilseeds",1114,111,11,"Crop and animal production, hunting and related service activities","Agriculture, forestry and fishing"
5,Growing of mustard oil seed,1115,111,11,"Crop and animal production, hunting and related service activities","Agriculture, forestry and fishing"
5,Mustard oil seed related business activity,1115,111,11,"Crop and animal production, hunting and related service activities","Agriculture, forestry and fishing"
5,Services related to mustard oil seed,1115,111,11,"Crop and animal production, hunting and related service activities","Agriculture, forestry and fishing"
6,Growing of groundnut oil seed,1116,111,11,"Crop and animal production, hunting and related service activities","Agriculture, forestry and fishing"
6,Groundnut oil seed related business activity,1116,111,11,"Crop and animal production, hunting and related service activities","Agriculture, forestry and fishing"
6,Services related to groundnut oil seed,1116,111,11,"Crop and animal production, hunting and related service activities","Agriculture, forestry and fishing"
7,Growing of sunflower oil seed,1117,111,11,"Crop and animal production, hunting and related service activities","Agriculture, forestry and fishing"
7,Sunflower oil seed related business activity,1117,111,11,"Crop and animal production, hunting and related service activities","Agriculture, forestry and fishing"
7,Services related to sunflower oil seed,1117,111,11,"Crop and animal production, hunting and related service activities","Agriculture, forestry and fishing"
8,Growing of soya bean oil seed,1118,111,11,"Crop and animal production, hunting and related service activities","Agriculture, forestry and fishing"
8,Soya bean oil seed related business activity,1118,111,11,"Crop and animal production, hunting and related service activities","Agriculture, forestry and fishing"
8,Services related to soya bean oil seed,1118,111,11,"Crop and animal production, hunting and related service activities","Agriculture, forestry and fishing"
9,Growing of other oil seeds,1119,111,11,"Crop and animal production, hunting and related service activities","Agriculture, forestry and fishing"
9,Other oil seeds related business activity,1119,111,11,"Crop and animal production, hunting and related service activities","Agriculture, forestry and fishing"
9,Services related to other oil seeds,1119,111,11,"Crop and animal production, hunting and related service activities","Agriculture, forestry and fishing"
10,Organic farming of basmati rice,1121,112,11,"Crop and animal production, hunting and related service activities","Agriculture, forestry and fishing"
10,Organic farming basmati rice related business activity,1121,112,11,"Crop and animal production, hunting and related service activities","Agriculture, forestry and fishing"
10,Services related to organic farming basmati rice,1121,112,11,"Crop and animal production, hunting and related service activities","Agriculture, forestry and fishing"
11,Organic farming of non-basmati rice,1122,112,11,"Crop and animal production, hunting and related service activities","Agriculture, forestry and fishing"
11,Organic farming non-basmati rice related business activity,1122,112,11,"Crop and animal production, hunting and related service activities","Agriculture, forestry and fishing"
11,Services related to organic farming non-basmati rice,1122,112,11,"Crop and animal production, hunting and related service activities","Agriculture, forestry and fishing"
12,Inorganic farming of basmati rice,1123,112,11,"Crop and animal production, hunting and related service activities","Agriculture, forestry and fishing"
12,Inorganic farming basmati rice related business activity,1123,112,11,"Crop and animal production, hunting and related service activities","Agriculture, forestry and fishing"
12,Services related to inorganic farming basmati rice,1123,112,11,"Crop and animal production, hunting and related service activities","Agriculture, forestry and fishing"
13,Inorganic farming of non-basmati rice,1124,112,11,"Crop and animal production, hunting and related service activities","Agriculture, forestry and fishing"
13,Inorganic farming non-basmati rice related business activity,1124,112,11,"Crop and animal production, hunting and related service activities","Agriculture, forestry and fishing"
13,Services related to inorganic farming non-basmati rice,1124,112,11,"Crop and animal production, hunting and related service activities","Agriculture, forestry and fishing"
14,"Growing of asparagus, cabbages, cauliflower, broccoli, lettuce, chicory, spinach and other leafy or stem vegetables",1131,113,11,"Crop and animal production, hunting and related service activities","Agriculture, forestry and fishing"
14,"Asparagus, cabbages, cauliflower, broccoli, lettuce, chicory, spinach and other leafy or stem vegetables related business activity",1131,113,11,"Crop and animal production, hunting and related service activities","Agriculture, forestry and fishing"
14,"Services related to asparagus, cabbages, cauliflower, broccoli, lettuce, chicory, spinach and other leafy or stem vegetables",1131,113,11,"Crop and animal production, hunting and related service activities","Agriculture, forestry and fishing"
15,"Growing of cucumbers, gherkins, aubergines, tomatoes, watermelons, cantaloupes , melons and other fruit-bearing vegetables",1132,113,11,"Crop and animal production, hunting and related service activities","Agriculture, forestry and fishing"
15,"Cucumbers, gherkins, aubergines, tomatoes, watermelons, cantaloupes , melons and other fruit-bearing vegetables related business activity",1132,113,11,"Crop and animal production, hunting and related service activities","Agriculture, forestry and fishing"
15,"Services related to cucumbers, gherkins, aubergines, tomatoes, watermelons, cantaloupes , melons and other fruit-bearing vegetables",1132,113,11,"Crop and animal production, hunting and related service activities","Agriculture, forestry and fishing"
16,Growing of onion,1133,113,11,"Crop and animal production, hunting and related service activities","Agriculture, forestry and fishing"
16,Onion related business activity,1133,113,11,"Crop and animal production, hunting and related service activities","Agriculture, forestry and fishing"
16,Services related to onion,1133,113,11,"Crop and animal production, hunting and related service activities","Agriculture, forestry and fishing"
17,"Growing of carrots, beets,turnips, garlic, leeks and other root, bulb vegetables(onion excluded)",1134,113,11,"Crop and animal production, hunting and related service activities","Agriculture, forestry and fishing"
17,"Carrots, beets,turnips, garlic, leeks and other root, bulb vegetables(onion excluded) related business activity",1134,113,11,"Crop and animal production, hunting and related service activities","Agriculture, forestry and fishing"
17,"Services related to carrots, beets,turnips, garlic, leeks and other root, bulb vegetables(onion excluded)",1134,113,11,"Crop and animal production, hunting and related service activities","Agriculture, forestry and fishing"
18,"Growing of potatoes and other tubers such as sweet potatoes, cassava, yams",1135,113,11,"Crop and animal production, hunting and related service activities","Agriculture, forestry and fishing"
18,"Potatoes and other tubers such as sweet potatoes, cassava, yams related business activity",1135,113,11,"Crop and animal production, hunting and related service activities","Agriculture, forestry and fishing"
18,"Services related to potatoes and other tubers such as sweet potatoes, cassava, yams",1135,113,11,"Crop and animal production, hunting and related service activities","Agriculture, forestry and fishing"
19,Growing of mushrooms and truffles,1136,113,11,"Crop and animal production, hunting and related service activities","Agriculture, forestry and fishing"
19,Mushrooms and truffles related business activity,1136,113,11,"Crop and animal production, hunting and related service activities","Agriculture, forestry and fishing"
19,Services related to mushrooms and truffles,1136,113,11,"Crop and animal production, hunting and related service activities","Agriculture, forestry and fishing"
20,Growing of vegetable seeds (except beet seed),1137,113,11,"Crop and animal production, hunting and related service activities","Agriculture, forestry and fishing"
20,Vegetable seeds (except beet seed) related business activity,1137,113,11,"Crop and animal production, hunting and related service activities","Agriculture, forestry and fishing"
20,Services related to vegetable seeds (except beet seed),1137,113,11,"Crop and animal production, hunting and related service activities","Agriculture, forestry and fishing"
21,"Growing of vegetables, n.e.c.",1139,113,11,"Crop and animal production, hunting and related service activities","Agriculture, forestry and fishing"
21,"Vegetables, n.e.c. related business activity",1139,113,11,"Crop and animal production, hunting and related service activities","Agriculture, forestry and fishing"
21,"Services related to vegetables, n.e.c.",1139,113,11,"Crop and animal production, hunting and related service activities","Agriculture, forestry and fishing"
22,Growing of sugar cane,1140,114,11,"Crop and animal production, hunting and related service activities","Agriculture, forestry and fishing"
22,Sugar cane related business activity,1140,114,11,"Crop and animal production, hunting and related service activities","Agriculture, forestry and fishing"
22,Services related to sugar cane,1140,114,11,"Crop and animal production, hunting and related service activities","Agriculture, forestry and fishing"
23,Growing of tobacco,1150,115,11,"Crop and animal production, hunting and related service activities","Agriculture, forestry and fishing"
23,Tobacco related business activity,1150,115,11,"Crop and animal production, hunting and related service activities","Agriculture, forestry and fishing"
23,Services related to tobacco,1150,115,11,"Crop and animal production, hunting and related service activities","Agriculture, forestry and fishing"
24,Growing of cotton,1161,116,11,"Crop and animal production, hunting and related service activities","Agriculture, forestry and fishing"
24,Cotton related business activity,1161,116,11,"Crop and animal production, hunting and related service activities","Agriculture, forestry and fishing"
24,Services related to cotton,1161,116,11,"Crop and animal production, hunting and related service activities","Agriculture, forestry and fishing"
25,Growing of jute,1162,116,11,"Crop and animal production, hunting and related service activities","Agriculture, forestry and fishing"
25,Jute related business activity,1162,116,11,"Crop and animal production, hunting and related service activities","Agriculture, forestry and fishing"
25,Services related to jute,1162,116,11,"Crop and animal production, hunting and related service activities","Agriculture, forestry and fishing"
26,Growing of other fibre crops,1169,116,11,"Crop and animal production, hunting and related service activities","Agriculture, forestry and fishing"
26,Other fibre crops related business activity,1169,116,11,"Crop and animal production, hunting and related service activities","Agriculture, forestry and fishing"
26,Services related to other fibre crops,1169,116,11,"Crop and animal production, hunting and related service activities","Agriculture, forestry and fishing"
27,Growing of rose,1191,119,11,"Crop and animal production, hunting and related service activities","Agriculture, forestry and fishing"
27,Rose related business activity,1191,119,11,"Crop and animal production, hunting and related service activities","Agriculture, forestry and fishing"
27,Services related to rose,1191,119,11,"Crop and animal production, hunting and related service activities","Agriculture, forestry and fishing"
28,Growing of gladiolus,1192,119,11,"Crop and animal production, hunting and related service activities","Agriculture, forestry and fishing"
28,Gladiolus related business activity,1192,119,11,"Crop and animal production, hunting and related service activities","Agriculture, forestry and fishing"
28,Services related to gladiolus,1192,119,11,"Crop and animal production, hunting and related service activities","Agriculture, forestry and fishing"
29,"Growing of other flowers, including production of cut flowers, flower buds and flower seeds",1193,119,11,"Crop and animal production, hunting and related service activities","Agriculture, forestry and fishing"
29,"Other flowers, including cut flowers, flower buds and flower seeds related business activity",1193,119,11,"Crop and animal production, hunting and related service activities","Agriculture, forestry and fishing"
29,"Services related to other flowers, including cut flowers, flower buds and flower seeds",1193,119,11,"Crop and animal production, hunting and related service activities","Agriculture, forestry and fishing"
30,"Growing of other non-perennial crops including beet seed and padding materials, n.e.c.",1199,119,11,"Crop and animal production, hunting and related service activities","Agriculture, forestry and fishing"
30,"Other non-perennial crops including beet seed and padding materials, n.e.c. related business activity",1199,119,11,"Crop and animal production, hunting and related service activities","Agriculture, forestry and fishing"
30,"Services related to other non-perennial crops including beet seed and padding materials, n.e.c.",1199,119,11,"Crop and animal production, hunting and related service activities","Agriculture, forestry and fishing"
31,Growing of grapes,1210,121,12,"Crop and animal production, hunting and related service activities","Agriculture, forestry and fishing"
31,Grapes related business activity,1210,121,12,"Crop and animal production, hunting and related service activities","Agriculture, forestry and fishing"
31,Services related to grapes,1210,121,12,"Crop and animal production, hunting and related service activities","Agriculture, forestry and fishing"
32,Growing of mangoes,1221,122,12,"Crop and animal production, hunting and related service activities","Agriculture, forestry and fishing"
32,Mangoes related business activity,1221,122,12,"Crop and animal production, hunting and related service activities","Agriculture, forestry and fishing"
32,Services related to mangoes,1221,122,12,"Crop and animal production, hunting and related service activities","Agriculture, forestry and fishing"
33,Growing of bananas,1222,122,12,"Crop and animal production, hunting and related service activities","Agriculture, forestry and fishing"
33,Bananas related business activity,1222,122,12,"Crop and animal production, hunting and related service activities","Agriculture, forestry and fishing"
33,Services related to bananas,1222,122,12,"Crop and animal production, hunting and related service activities","Agriculture, forestry and fishing"
34,Growing of pineapples,1223,122,12,"Crop and animal production, hunting and related service activities","Agriculture, forestry and fishing"
34,Pineapples related business activity,1223,122,12,"Crop and animal production, hunting and related service activities","Agriculture, forestry and fishing"
34,Services related to pineapples,1223,122,12,"Crop and animal production, hunting and related service activities","Agriculture, forestry and fishing"
35,Growing of lichchis,1224,122,12,"Crop and animal production, hunting and related service activities","Agriculture, forestry and fishing"
35,Lichchis related business activity,1224,122,12,"Crop and animal production, hunting and related service activities","Agriculture, forestry and fishing"
35,Services related to lichchis,1224,122,12,"Crop and animal production, hunting and related service activities","Agriculture, forestry and fishing"
36,Growing of guava,1225,122,12,"Crop and animal production, hunting and related service activities","Agriculture, forestry and fishing"
36,Guava related business activity,1225,122,12,"Crop and animal production, hunting and related service activities","Agriculture, forestry and fishing"
36,Services related to guava,1225,122,12,"Crop and animal production, hunting and related service activities","Agriculture, forestry and fishing"
37,Growing of other tropical and sub tropical fruits,1229,122,12,"Crop and animal production, hunting and related service activities","Agriculture, forestry and fishing"
37,Other tropical and sub tropical fruits related business activity,1229,122,12,"Crop and animal production, hunting and related service activities","Agriculture, forestry and fishing"
37,Services related to other tropical and sub tropical fruits,1229,122,12,"Crop and animal production, hunting and related service activities","Agriculture, forestry and fishing"
38,Growing of oranges,1231,123,12,"Crop and animal production, hunting and related service activities","Agriculture, forestry and fishing"
38,Oranges related business activity,1231,123,12,"Crop and animal production, hunting and related service activities","Agriculture, forestry and fishing"
38,Services related to oranges,1231,123,12,"Crop and animal production, hunting and related service activities","Agriculture, forestry and fishing"
39,Growing of mousambi (grape fruit),1232,123,12,"Crop and animal production, hunting and related service activities","Agriculture, forestry and fishing"
39,Mousambi (grape fruit) related business activity,1232,123,12,"Crop and animal production, hunting and related service activities","Agriculture, forestry and fishing"
39,Services related to mousambi (grape fruit),1232,123,12,"Crop and animal production, hunting and related service activities","Agriculture, forestry and fishing"
40,Growing of lemons and lime,1233,123,12,"Crop and animal production, hunting and related service activities","Agriculture, forestry and fishing"
40,Lemons and lime related business activity,1233,123,12,"Crop and animal production, hunting and related service activities","Agriculture, forestry and fishing"
40,Services related to lemons and lime,1233,123,12,"Crop and animal production, hunting and related service activities","Agriculture, forestry and fishing"
41,Growing of other citrus fruits,1239,123,12,"Crop and animal production, hunting and related service activities","Agriculture, forestry and fishing"
41,Other citrus fruits related business activity,1239,123,12,"Crop and animal production, hunting and related service activities","Agriculture, forestry and fishing"
41,Services related to other citrus fruits,1239,123,12,"Crop and animal production, hunting and related service activities","Agriculture, forestry and fishing"
42,Growing of apples,1241,124,12,"Crop and animal production, hunting and related service activities","Agriculture, forestry and fishing"
42,Apples related business activity,1241,124,12,"Crop and animal production, hunting and related service activities","Agriculture, forestry and fishing"
42,Services related to apples,1241,124,12,"Crop and animal production, hunting and related service activities","Agriculture, forestry and fishing"
43,"Growing of appricots, peaches and nectarines",1242,124,12,"Crop and animal production, hunting and related service activities","Agriculture, forestry and fishing"
43,"Appricots, peaches and nectarines related business activity",1242,124,12,"Crop and animal production, hunting and related service activities","Agriculture, forestry and fishing"
43,"Services related to appricots, peaches and nectarines",1242,124,12,"Crop and animal production, hunting and related service activities","Agriculture, forestry and fishing"
44,Growing of cherries and sour cherries,1243,124,12,"Crop and animal production, hunting and related service activities","Agriculture, forestry and fishing"
44,Cherries and sour cherries related business activity,1243,124,12,"Crop and animal production, hunting and related service activities","Agriculture, forestry and fishing"
44,Services related to cherries and sour cherries,1243,124,12,"Crop and animal production, hunting and related service activities","Agriculture, forestry and fishing"
45,Growing of other pome fruits and stone fruits,1249,124,12,"Crop and animal production, hunting and related service activities","Agriculture, forestry and fishing"
45,Other pome fruits and stone fruits related business activity,1249,124,12,"Crop and animal production, hunting and related service activities","Agriculture, forestry and fishing"
45,Services related to other pome fruits and stone fruits,1249,124,12,"Crop and animal production, hunting and related service activities","Agriculture, forestry and fishing"
46,Growing of strawberries and other berries,1251,125,12,"Crop and animal production, hunting and related service activities","Agriculture, forestry and fishing"
46,Strawberries and other berries related business activity,1251,125,12,"Crop and animal production, hunting and related service activities","Agriculture, forestry and fishing"
46,Services related to strawberries and other berries,1251,125,12,"Crop and animal production, hunting and related service activities","Agriculture, forestry and fishing"
47,"Growing of edible nuts (almonds, cashew nuts, chestnuts, hazelnuts pistachios, walnuts and other nuts)",1252,125,12,"Crop and animal production, hunting and related service activities","Agriculture, forestry and fishing"
47,"Edible nuts (almonds, cashew nuts, chestnuts, hazelnuts pistachios, walnuts and other nuts) related business activity",1252,125,12,"Crop and animal production, hunting and related service activities","Agriculture, forestry and fishing"
47,"Services related to edible nuts (almonds, cashew nuts, chestnuts, hazelnuts pistachios, walnuts and other nuts)",1252,125,12,"Crop and animal production, hunting and related service activities","Agriculture, forestry and fishing"
48,"Growing of other tree and bush fruits, n.e.c.",1259,125,12,"Crop and animal production, hunting and related service activities","Agriculture, forestry and fishing"
48,"Other tree and bush fruits, n.e.c. related business activity",1259,125,12,"Crop and animal production, hunting and related service activities","Agriculture, forestry and fishing"
48,"Services related to other tree and bush fruits, n.e.c.",1259,125,12,"Crop and animal production, hunting and related service activities","Agriculture, forestry and fishing"
49,Growing of coconut,1261,126,12,"Crop and animal production, hunting and related service activities","Agriculture, forestry and fishing"
49,Coconut related business activity,1261,126,12,"Crop and animal production, hunting and related service activities","Agriculture, forestry and fishing"
49,Services related to coconut,1261,126,12,"Crop and animal production, hunting and related service activities","Agriculture, forestry and fishing"
50,Growing of olives and oil palms,1262,126,12,"Crop and animal production, hunting and related service activities","Agriculture, forestry and fishing"
50,Olives and oil palms related business activity,1262,126,12,"Crop and animal production, hunting and related service activities","Agriculture, forestry and fishing"
50,Services related to olives and oil palms,1262,126,12,"Crop and animal production, hunting and related service activities","Agriculture, forestry and fishing"
51,Growing of other oleaginous fruits,1269,126,12,"Crop and animal production, hunting and related service activities","Agriculture, forestry and fishing"
51,Other oleaginous fruits related business activity,1269,126,12,"Crop and animal production, hunting and related service activities","Agriculture, forestry and fishing"
51,Services related to other oleaginous fruits,1269,126,12,"Crop and animal production, hunting and related service activities","Agriculture, forestry and fishing"
52,Growing of tea,1271,127,12,"Crop and animal production, hunting and related service activities","Agriculture, forestry and fishing"
52,Tea related business activity,1271,127,12,"Crop and animal production, hunting and related service activities","Agriculture, forestry and fishing"
52,Services related to tea,1271,127,12,"Crop and animal production, hunting and related service activities","Agriculture, forestry and fishing"
53,Growing of coffee,1272,127,12,"Crop and animal production, hunting and related service activities","Agriculture, forestry and fishing"
53,Coffee related business activity,1272,127,12,"Crop and animal production, hunting and related service activities","Agriculture, forestry and fishing"
53,Services related to coffee,1272,127,12,"Crop and animal production, hunting and related service activities","Agriculture, forestry and fishing"
54,Growing of cocoa,1273,127,12,"Crop and animal production, hunting and related service activities","Agriculture, forestry and fishing"
54,Cocoa related business activity,1273,127,12,"Crop and animal production, hunting and related service activities","Agriculture, forestry and fishing"
54,Services related to cocoa,1273,127,12,"Crop and animal production, hunting and related service activities","Agriculture, forestry and fishing"
55,Growing of other beverage crops,1279,127,12,"Crop and animal production, hunting and related service activities","Agriculture, forestry and fishing"
55,Other beverage crops related business activity,1279,127,12,"Crop and animal production, hunting and related service activities","Agriculture, forestry and fishing"
55,Services related to other beverage crops,1279,127,12,"Crop and animal production, hunting and related service activities","Agriculture, forestry and fishing"
56,Growing of ginger,1281,128,12,"Crop and animal production, hunting and related service activities","Agriculture, forestry and fishing"
56,Ginger related business activity,1281,128,12,"Crop and animal production, hunting and related service activities","Agriculture, forestry and fishing"
56,Services related to ginger,1281,128,12,"Crop and animal production, hunting and related service activities","Agriculture, forestry and fishing"
57,Growing of chili,1282,128,12,"Crop and animal production, hunting and related service activities","Agriculture, forestry and fishing"
57,Chili related business activity,1282,128,12,"Crop and animal production, hunting and related service activities","Agriculture, forestry and fishing"
57,Services related to chili,1282,128,12,"Crop and animal production, hunting and related service activities","Agriculture, forestry and fishing"
58,Growing of cardamoms,1283,128,12,"Crop and animal production, hunting and related service activities","Agriculture, forestry and fishing"
58,Cardamoms related business activity,1283,128,12,"Crop and animal production, hunting and related service activities","Agriculture, forestry and fishing"
58,Services related to cardamoms,1283,128,12,"Crop and animal production, hunting and related service activities","Agriculture, forestry and fishing"
59,"Growing of perennial and non-perennial spices and aromatic crops (pepper, capsicum, nutmeg, mace, anise, badian and fennel, cinnamon (canella), cloves, vanilla and other spices and aromatic crops)",1284,128,12,"Crop and animal production, hunting and related service activities","Agriculture, forestry and fishing"
59,"Perennial and non-perennial spices and aromatic crops (pepper, capsicum, nutmeg, mace, anise, badian and fennel, cinnamon (canella), cloves, vanilla and other spices and aromatic crops) related business activity",1284,128,12,"Crop and animal production, hunting and related service activities","Agriculture, forestry and fishing"
59,"Services related to perennial and non-perennial spices and aromatic crops (pepper, capsicum, nutmeg, mace, anise, badian and fennel, cinnamon (canella), cloves, vanilla and other spices and aromatic crops)",1284,128,12,"Crop and animal production, hunting and related service activities","Agriculture, forestry and fishing"
60,Growing of drug and narcotic crops,1285,128,12,"Crop and animal production, hunting and related service activities","Agriculture, forestry and fishing"
60,Drug and narcotic crops related business activity,1285,128,12,"Crop and animal production, hunting and related service activities","Agriculture, forestry and fishing"
60,Services related to drug and narcotic crops,1285,128,12,"Crop and animal production, hunting and related service activities","Agriculture, forestry and fishing"
61,"Growing of plants used primarily in perfumery, in pharmacy or for insecticidal, fungicidal or similar purposes",1286,128,12,"Crop and animal production, hunting and related service activities","Agriculture, forestry and fishing"
61,"Plants used primarily in perfumery, in pharmacy or for insecticidal, fungicidal or similar purposes related business activity",1286,128,12,"Crop and animal production, hunting and related service activities","Agriculture, forestry and fishing"
61,"Services related to plants used primarily in perfumery, in pharmacy or for insecticidal, fungicidal or similar purposes",1286,128,12,"Crop and animal production, hunting and related service activities","Agriculture, forestry and fishing"
62,Growing of heena leaves (mehendi),1287,128,12,"Crop and animal production, hunting and related service activities","Agriculture, forestry and fishing"
62,Heena leaves (mehendi) related business activity,1287,128,12,"Crop and animal production, hunting and related service activities","Agriculture, forestry and fishing"
62,Services related to heena leaves (mehendi),1287,128,12,"Crop and animal production, hunting and related service activities","Agriculture, forestry and fishing"
63,Growing of rubber trees,1291,129,12,"Crop and animal production, hunting and related service activities","Agriculture, forestry and fishing"
63,Rubber trees related business activity,1291,129,12,"Crop and animal production, hunting and related service activities","Agriculture, forestry and fishing"
63,Services related to rubber trees,1291,129,12,"Crop and animal production, hunting and related service activities","Agriculture, forestry and fishing"
64,Growing of trees for extraction of sap,1292,129,12,"Crop and animal production, hunting and related service activities","Agriculture, forestry and fishing"
64,Trees for sap related business activity,1292,129,12,"Crop and animal production, hunting and related service activities","Agriculture, forestry and fishing"
64,Services related to trees for sap,1292,129,12,"Crop and animal production, hunting and related service activities","Agriculture, forestry and fishing"
65,Growing of bamboo and cane,1293,129,12,"Crop and animal production, hunting and related service activities","Agriculture, forestry and fishing"
65,Bamboo and cane related business activity,1293,129,12,"Crop and animal production, hunting and related service activities","Agriculture, forestry and fishing"
65,Services related to bamboo and cane,1293,129,12,"Crop and animal production, hunting and related service activities","Agriculture, forestry and fishing"
66,"Growing of other perennial crops, n.e.c.",1299,129,12,"Crop and animal production, hunting and related service activities","Agriculture, forestry and fishing"
66,"Other perennial crops, n.e.c. related business activity",1299,129,12,"Crop and animal production, hunting and related service activities","Agriculture, forestry and fishing"
66,"Services related to other perennial crops, n.e.c.",1299,129,12,"Crop and animal production, hunting and related service activities","Agriculture, forestry and fishing"
67,Growing of plants for planting,1301,130,13,"Crop and animal production, hunting and related service activities","Agriculture, forestry and fishing"
67,Plants for planting related business activity,1301,130,13,"Crop and animal production, hunting and related service activities","Agriculture, forestry and fishing"
67,Services related to plants for planting,1301,130,13,"Crop and animal production, hunting and related service activities","Agriculture, forestry and fishing"
68,Raising and breeding of cattle and buffaloes,1411,141,14,"Crop and animal production, hunting and related service activities","Agriculture, forestry and fishing"
68,Raising and breeding cattle and buffaloes related business activity,1411,141,14,"Crop and animal production, hunting and related service activities","Agriculture, forestry and fishing"
68,Services related to raising and breeding cattle and buffaloes,1411,141,14,"Crop and animal production, hunting and related service activities","Agriculture, forestry and fishing"
69,Production of milk from cows or buffaloes,1412,141,14,"Crop and animal production, hunting and related service activities","Agriculture, forestry and fishing"
69,Milk from cows or buffaloes related business activity,1412,141,14,"Crop and animal production, hunting and related service activities","Agriculture, forestry and fishing"
69,Services related to milk from cows or buffaloes,1412,141,14,"Crop and animal production, hunting and related service activities","Agriculture, forestry and fishing"
70,Production of bovine semen,1413,141,14,"Crop and animal production, hunting and related service activities","Agriculture, forestry and fishing"
70,Bovine semen related business activity,1413,141,14,"Crop and animal production, hunting and related service activities","Agriculture, forestry and fishing"
70,Services related to bovine semen,1413,141,14,"Crop and animal production, hunting and related service activities","Agriculture, forestry and fishing"
71,Raising and breeding of camels and camelids,1430,143,14,"Crop and animal production, hunting and related service activities","Agriculture, forestry and fishing"
71,Raising and breeding camels and camelids related business activity,1430,143,14,"Crop and animal production, hunting and related service activities","Agriculture, forestry and fishing"
71,Services related to raising and breeding camels and camelids,1430,143,14,"Crop and animal production, hunting and related service activities","Agriculture, forestry and fishing"
72,Raising and breeding of sheep and goats,1441,144,14,"Crop and animal production, hunting and related service activities","Agriculture, forestry and fishing"
72,Raising and breeding sheep and goats related business activity,1441,144,14,"Crop and animal production, hunting and related service activities","Agriculture, forestry and fishing"
72,Services related to raising and breeding sheep and goats,1441,144,14,"Crop and animal production, hunting and related service activities","Agriculture, forestry and fishing"
73,Production of milk from sheep or goat,1442,144,14,"Crop and animal production, hunting and related service activities","Agriculture, forestry and fishing"
73,Milk from sheep or goat related business activity,1442,144,14,"Crop and animal production, hunting and related service activities","Agriculture, forestry and fishing"
73,Services related to milk from sheep or goat,1442,144,14,"Crop and animal production, hunting and related service activities","Agriculture, forestry and fishing"
74,Production of raw wool,1443,144,14,"Crop and animal production, hunting and related service activities","Agriculture, forestry and fishing"
74,Raw wool related business activity,1443,144,14,"Crop and animal production, hunting and related service activities","Agriculture, forestry and fishing"
74,Services related to raw wool,1443,144,14,"Crop and animal production, hunting and related service activities","Agriculture, forestry and fishing"
75,Raising of swine/pigs (including breeding of swine/pigs),1450,145,14,"Crop and animal production, hunting and related service activities","Agriculture, forestry and fishing"
75,Raising swine/pigs (including breeding swine/pigs) related business activity,1450,145,14,"Crop and animal production, hunting and related service activities","Agriculture, forestry and fishing"
75,Services related to raising swine/pigs (including breeding swine/pigs),1450,145,14,"Crop and animal production, hunting and related service activities","Agriculture, forestry and fishing"
76,"Raising and breeding of chickens and capons, ducks, geese, turkeys and guinea fowls chickens and capons, ducks, geese, turkeys and guinea fowls",1461,146,14,"Crop and animal production, hunting and related service activities","Agriculture, forestry and fishing"
76,"Raising and breeding chickens and capons, ducks, geese, turkeys and guinea fowls chickens and capons, ducks, geese, turkeys and guinea fowls related business activity",1461,146,14,"Crop and animal production, hunting and related service activities","Agriculture, forestry and fishing"
76,"Services related to raising and breeding chickens and capons, ducks, geese, turkeys and guinea fowls chickens and capons, ducks, geese, turkeys and guinea fowls",1461,146,14,"Crop and animal production, hunting and related service activities","Agriculture, forestry and fishing"
77,Production of eggs,1462,146,14,"Crop and animal production, hunting and related service activities","Agriculture, forestry and fishing"
77,Eggs related business activity,1462,146,14,"Crop and animal production, hunting and related service activities","Agriculture, forestry and fishing"
77,Services related to eggs,1462,146,14,"Crop and animal production, hunting and related service activities","Agriculture, forestry and fishing"
78,Operation of poultry hatcheries,1463,146,14,"Crop and animal production, hunting and related service activities","Agriculture, forestry and fishing"
78,Operation poultry hatcheries related business activity,1463,146,14,"Crop and animal production, hunting and related service activities","Agriculture, forestry and fishing"
78,Services related to operation poultry hatcheries,1463,146,14,"Crop and animal production, hunting and related service activities","Agriculture, forestry and fishing"
79,"Raising and breeding of pet animals (cats, dogs, birds, hamsters etc.)",1491,149,14,"Crop and animal production, hunting and related service activities","Agriculture, forestry and fishing"
79,"Raising and breeding pet animals (cats, dogs, birds, hamsters etc.) related business activity",1491,149,14,"Crop and animal production, hunting and related service activities","Agriculture, forestry and fishing"
79,"Services related to raising and breeding pet animals (cats, dogs, birds, hamsters etc.)",1491,149,14,"Crop and animal production, hunting and related service activities","Agriculture, forestry and fishing"
80,Bee-keeping and production of honey and beeswax,1492,149,14,"Crop and animal production, hunting and related service activities","Agriculture, forestry and fishing"
80,Bee-keeping and honey and beeswax related business activity,1492,149,14,"Crop and animal production, hunting and related service activities","Agriculture, forestry and fishing"
80,Services related to bee-keeping and honey and beeswax,1492,149,14,"Crop and animal production, hunting and related service activities","Agriculture, forestry and fishing"
81,"Raising of silk worms, production of silk worm cocoons",1493,149,14,"Crop and animal production, hunting and related service activities","Agriculture, forestry and fishing"
81,"Raising silk worms, silk worm cocoons related business activity",1493,149,14,"Crop and animal production, hunting and related service activities","Agriculture, forestry and fishing"
81,"Services related to raising silk worms, silk worm cocoons",1493,149,14,"Crop and animal production, hunting and related service activities","Agriculture, forestry and fishing"
82,"Raising of other animals, n.e.c.",1499,149,14,"Crop and animal production, hunting and related service activities","Agriculture, forestry and fishing"
82,"Raising other animals, n.e.c. related business activity",1499,149,14,"Crop and animal production, hunting and related service activities","Agriculture, forestry and fishing"
82,"Services related to raising other animals, n.e.c.",1499,149,14,"Crop and animal production, hunting and related service activities","Agriculture, forestry and fishing"
83,Mixed farming,1500,150,15,"Crop and animal production, hunting and related service activities","Agriculture, forestry and fishing"
83,Mixed farming related business activity,1500,150,15,"Crop and animal production, hunting and related service activities","Agriculture, forestry and fishing"
83,Services related to mixed farming,1500,150,15,"Crop and animal production, hunting and related service activities","Agriculture, forestry and fishing"
84,"Agricultural activities on a fee or contract basis (preparation of fields, establishing a crop, treatment of crops, crop spraying, trimming of fruit trees and vines, transplanting of rice, thinning of beets, harvesting, pest control in connection with agr",1611,161,16,"Crop and animal production, hunting and related service activities","Agriculture, forestry and fishing"
84,"Agricultural on a fee or contract basis (preparation fields, establishing a crop, treatment crops, crop spraying, trimming fruit trees and vines, transplanting rice, thinning beets, harvesting, pest control in connection with agr related business activity",1611,161,16,"Crop and animal production, hunting and related service activities","Agriculture, forestry and fishing"
84,"Services related to agricultural on a fee or contract basis (preparation fields, establishing a crop, treatment crops, crop spraying, trimming fruit trees and vines, transplanting rice, thinning beets, harvesting, pest control in connection with agr",1611,161,16,"Crop and animal production, hunting and related service activities","Agriculture, forestry and fishing"
85,Operation of agricultural irrigation equipment,1612,161,16,"Crop and animal production, hunting and related service activities","Agriculture, forestry and fishing"
85,Operation agricultural irrigation equipment related business activity,1612,161,16,"Crop and animal production, hunting and related service activities","Agriculture, forestry and fishing"
85,Services related to operation agricultural irrigation equipment,1612,161,16,"Crop and animal production, hunting and related service activities","Agriculture, forestry and fishing"
86,"Other supporting activities including agricultural gardening (excluding parks and gardening activities),n.e.c.",1619,161,16,"Crop and animal production, hunting and related service activities","Agriculture, forestry and fishing"
86,"Other supporting including agricultural gardening (excluding parks and gardening activities),n.e.c. related business activity",1619,161,16,"Crop and animal production, hunting and related service activities","Agriculture, forestry and fishing"
86,"Services related to other supporting including agricultural gardening (excluding parks and gardening activities),n.e.c.",1619,161,16,"Crop and animal production, hunting and related service activities","Agriculture, forestry and fishing"
87,Support activities for animal production,1620,162,16,"Crop and animal production, hunting and related service activities","Agriculture, forestry and fishing"
87,Support for animal production related business activity,1620,162,16,"Crop and animal production, hunting and related service activities","Agriculture, forestry and fishing"
87,Services related to support for animal production,1620,162,16,"Crop and animal production, hunting and related service activities","Agriculture, forestry and fishing"
88,"Preparation of crops for primary markets, i.e. cleaning, trimming, grading, disinfecting",1631,163,16,"Crop and animal production, hunting and related service activities","Agriculture, forestry and fishing"
88,"Preparation crops for primary markets, i.e. cleaning, trimming, grading, disinfecting related business activity",1631,163,16,"Crop and animal production, hunting and related service activities","Agriculture, forestry and fishing"
88,"Services related to preparation crops for primary markets, i.e. cleaning, trimming, grading, disinfecting",1631,163,16,"Crop and animal production, hunting and related service activities","Agriculture, forestry and fishing"
89,"Cotton ginning, cleaning and bailing",1632,163,16,"Crop and animal production, hunting and related service activities","Agriculture, forestry and fishing"
89,"Cotton ginning, cleaning and bailing related business activity",1632,163,16,"Crop and animal production, hunting and related service activities","Agriculture, forestry and fishing"
89,"Services related to cotton ginning, cleaning and bailing",1632,163,16,"Crop and animal production, hunting and related service activities","Agriculture, forestry and fishing"
90,Preparation of tobacco leaves,1633,163,16,"Crop and animal production, hunting and related service activities","Agriculture, forestry and fishing"
90,Preparation tobacco leaves related business activity,1633,163,16,"Crop and animal production, hunting and related service activities","Agriculture, forestry and fishing"
90,Services related to preparation tobacco leaves,1633,163,16,"Crop and animal production, hunting and related service activities","Agriculture, forestry and fishing"
91,"Other post harvest crop activities, n.e.c.",1639,163,16,"Crop and animal production, hunting and related service activities","Agriculture, forestry and fishing"
91,"Other post harvest crop activities, n.e.c. related business activity",1639,163,16,"Crop and animal production, hunting and related service activities","Agriculture, forestry and fishing"
91,"Services related to other post harvest crop activities, n.e.c.",1639,163,16,"Crop and animal production, hunting and related service activities","Agriculture, forestry and fishing"
92,Seed processing for propagation,1640,164,16,"Crop and animal production, hunting and related service activities","Agriculture, forestry and fishing"
92,Seed for propagation related business activity,1640,164,16,"Crop and animal production, hunting and related service activities","Agriculture, forestry and fishing"
92,Services related to seed for propagation,1640,164,16,"Crop and animal production, hunting and related service activities","Agriculture, forestry and fishing"
93,"Hunting, trapping and related service activities",1700,170,17,"Crop and animal production, hunting and related service activities","Agriculture, forestry and fishing"
93,"Hunting, trapping and related service activities related business activity",1700,170,17,"Crop and animal production, hunting and related service activities","Agriculture, forestry and fishing"
93,"Services related to hunting, trapping and related service activities",1700,170,17,"Crop and animal production, hunting and related service activities","Agriculture, forestry and fishing"
94,"Growing of standing timber (planting, replanting, transplanting, thinning and conserving of forests and timber tracts)",2101,210,21,Forestry and logging,"Agriculture, forestry and fishing"
94,"Standing timber (planting, replanting, transplanting, thinning and conserving forests and timber tracts) related business activity",2101,210,21,Forestry and logging,"Agriculture, forestry and fishing"
94,"Services related to standing timber (planting, replanting, transplanting, thinning and conserving forests and timber tracts)",2101,210,21,Forestry and logging,"Agriculture, forestry and fishing"
95,Operation of forest tree nurseries,2102,210,21,Forestry and logging,"Agriculture, forestry and fishing"
95,Operation forest tree nurseries related business activity,2102,210,21,Forestry and logging,"Agriculture, forestry and fishing"
95,Services related to operation forest tree nurseries,2102,210,21,Forestry and logging,"Agriculture, forestry and fishing"
96,"Other foresty activities including growing of pulpwood,firewood etc",2109,210,21,Forestry and logging,"Agriculture, forestry and fishing"
96,"Other foresty including pulpwood,firewood etc related business activity",2109,210,21,Forestry and logging,"Agriculture, forestry and fishing"
96,"Services related to other foresty including pulpwood,firewood etc",2109,210,21,Forestry and logging,"Agriculture, forestry and fishing"
97,Gathering and preparation of fire wood,2201,220,22,Forestry and logging,"Agriculture, forestry and fishing"
97,Gathering and preparation fire wood related business activity,2201,220,22,Forestry and logging,"Agriculture, forestry and fishing"
97,Services related to gathering and preparation fire wood,2201,220,22,Forestry and logging,"Agriculture, forestry and fishing"
98,"Logging camps and loggers primarily engaged in felling timber and producing wood in the rough such as pitprops, split poles, pickets, hewn railway ties",2202,220,22,Forestry and logging,"Agriculture, forestry and fishing"
98,"Logging camps and loggers primarily engaged in felling timber and producing wood in the rough such as pitprops, split poles, pickets, hewn railway ties related business activity",2202,220,22,Forestry and logging,"Agriculture, forestry and fishing"
98,"Services related to logging camps and loggers primarily engaged in felling timber and producing wood in the rough such as pitprops, split poles, pickets, hewn railway ties",2202,220,22,Forestry and logging,"Agriculture, forestry and fishing"
99,Production of charcoal in the forest (using traditional methods),2203,220,22,Forestry and logging,"Agriculture, forestry and fishing"
99,Charcoal in the forest (using traditional methods) related business activity,2203,220,22,Forestry and logging,"Agriculture, forestry and fishing"
99,Services related to charcoal in the forest (using traditional methods),2203,220,22,Forestry and logging,"Agriculture, forestry and fishing"
100,"Other logging activities, n.e.c.",2209,220,22,Forestry and logging,"Agriculture, forestry and fishing"
100,"Other logging activities, n.e.c. related business activity",2209,220,22,Forestry and logging,"Agriculture, forestry and fishing"
100,"Services related to other logging activities, n.e.c.",2209,220,22,Forestry and logging,"Agriculture, forestry and fishing"
101,Gathering of tendu leaves,2301,230,23,Forestry and logging,"Agriculture, forestry and fishing"
101,Gathering tendu leaves related business activity,2301,230,23,Forestry and logging,"Agriculture, forestry and fishing"
101,Services related to gathering tendu leaves,2301,230,23,Forestry and logging,"Agriculture, forestry and fishing"
102,"Gathering of lac, resins and rubber-like gums",2302,230,23,Forestry and logging,"Agriculture, forestry and fishing"
102,"Gathering lac, resins and rubber-like gums related business activity",2302,230,23,Forestry and logging,"Agriculture, forestry and fishing"
102,"Services related to gathering lac, resins and rubber-like gums",2302,230,23,Forestry and logging,"Agriculture, forestry and fishing"
103,"Gathering of wild growing mushrooms, truffles, berries, nuts, cork, balsams, vegetable hair, eelgrass, mosses, lichens",2303,230,23,Forestry and logging,"Agriculture, forestry and fishing"
103,"Gathering wild mushrooms, truffles, berries, nuts, cork, balsams, vegetable hair, eelgrass, mosses, lichens related business activity",2303,230,23,Forestry and logging,"Agriculture, forestry and fishing"
103,"Services related to gathering wild mushrooms, truffles, berries, nuts, cork, balsams, vegetable hair, eelgrass, mosses, lichens",2303,230,23,Forestry and logging,"Agriculture, forestry and fishing"
104,"Gathering of non-wood forest products, n.e.c.",2309,230,23,Forestry and logging,"Agriculture, forestry and fishing"
104,"Gathering non-wood forest products, n.e.c. related business activity",2309,230,23,Forestry and logging,"Agriculture, forestry and fishing"
104,"Services related to gathering non-wood forest products, n.e.c.",2309,230,23,Forestry and logging,"Agriculture, forestry and fishing"
105,"Forestry service activities (forest management consulting services, forestry inventories, timber evaluation, forest pest control)",2401,240,24,Forestry and logging,"Agriculture, forestry and fishing"
105,"Forestry service (forest management consulting services, forestry inventories, timber evaluation, forest pest control) related business activity",2401,240,24,Forestry and logging,"Agriculture, forestry and fishing"
105,"Services related to forestry service (forest management consulting services, forestry inventories, timber evaluation, forest pest control)",2401,240,24,Forestry and logging,"Agriculture, forestry and fishing"
106,Logging service activities such as transport of logs within the forest,2402,240,24,Forestry and logging,"Agriculture, forestry and fishing"
106,Logging service such as transport logs within the forest related business activity,2402,240,24,Forestry and logging,"Agriculture, forestry and fishing"
106,Services related to logging service such as transport logs within the forest,2402,240,24,Forestry and logging,"Agriculture, forestry and fishing"
107,Fishing on a commercial basis including taking of marine crustaceans and molluscs in ocean and coastal waters,3111,311,31,Fishing and aquaculture,"Agriculture, forestry and fishing"
107,Fishing on a commercial basis including taking marine crustaceans and molluscs in ocean and coastal waters related business activity,3111,311,31,Fishing and aquaculture,"Agriculture, forestry and fishing"
107,Services related to fishing on a commercial basis including taking marine crustaceans and molluscs in ocean and coastal waters,3111,311,31,Fishing and aquaculture,"Agriculture, forestry and fishing"
108,"Gathering of other marine organisms and materials such as natural pearls, sponges, coral and algae",3112,311,31,Fishing and aquaculture,"Agriculture, forestry and fishing"
108,"Gathering other marine organisms and materials such as natural pearls, sponges, coral and algae related business activity",3112,311,31,Fishing and aquaculture,"Agriculture, forestry and fishing"
108,"Services related to gathering other marine organisms and materials such as natural pearls, sponges, coral and algae",3112,311,31,Fishing and aquaculture,"Agriculture, forestry and fishing"
109,Activities of vessels engaged in fishing and in processing and preserving of fish,3113,311,31,Fishing and aquaculture,"Agriculture, forestry and fishing"
109,Vessels engaged in fishing and in and preserving fish related business activity,3113,311,31,Fishing and aquaculture,"Agriculture, forestry and fishing"
109,Services related to vessels engaged in fishing and in and preserving fish,3113,311,31,Fishing and aquaculture,"Agriculture, forestry and fishing"
110,Fishing and taking of freshwater crustaceans and molluscs on a commercial basis in inland waters,3121,312,31,Fishing and aquaculture,"Agriculture, forestry and fishing"
110,Fishing and taking freshwater crustaceans and molluscs on a commercial basis in inland waters related business activity,3121,312,31,Fishing and aquaculture,"Agriculture, forestry and fishing"
110,Services related to fishing and taking freshwater crustaceans and molluscs on a commercial basis in inland waters,3121,312,31,Fishing and aquaculture,"Agriculture, forestry and fishing"
111,Taking and gathering of freshwater aquatic animals,3122,312,31,Fishing and aquaculture,"Agriculture, forestry and fishing"
111,Taking and gathering freshwater aquatic animals related business activity,3122,312,31,Fishing and aquaculture,"Agriculture, forestry and fishing"
111,Services related to taking and gathering freshwater aquatic animals,3122,312,31,Fishing and aquaculture,"Agriculture, forestry and fishing"
112,Fish farming in sea water including farming of marine ornamental fish,3211,321,32,Fishing and aquaculture,"Agriculture, forestry and fishing"
112,Fish farming in sea water including farming marine ornamental fish related business activity,3211,321,32,Fishing and aquaculture,"Agriculture, forestry and fishing"
112,Services related to fish farming in sea water including farming marine ornamental fish,3211,321,32,Fishing and aquaculture,"Agriculture, forestry and fishing"
113,"Culture of crustaceans, bivalves, other mollusks and other aquatic animals in sea water",3212,321,32,Fishing and aquaculture,"Agriculture, forestry and fishing"
113,"Culture crustaceans, bivalves, other mollusks and other aquatic animals in sea water related business activity",3212,321,32,Fishing and aquaculture,"Agriculture, forestry and fishing"
113,"Services related to culture crustaceans, bivalves, other mollusks and other aquatic animals in sea water",3212,321,32,Fishing and aquaculture,"Agriculture, forestry and fishing"
114,Growing of edible seaweeds,3213,321,32,Fishing and aquaculture,"Agriculture, forestry and fishing"
114,Edible seaweeds related business activity,3213,321,32,Fishing and aquaculture,"Agriculture, forestry and fishing"
114,Services related to edible seaweeds,3213,321,32,Fishing and aquaculture,"Agriculture, forestry and fishing"
115,Aquaculture activities in brackish waters and in salt water filled tanks or reservoirs,3214,321,32,Fishing and aquaculture,"Agriculture, forestry and fishing"
115,Aquaculture in brackish waters and in salt water filled tanks or reservoirs related business activity,3214,321,32,Fishing and aquaculture,"Agriculture, forestry and fishing"
115,Services related to aquaculture in brackish waters and in salt water filled tanks or reservoirs,3214,321,32,Fishing and aquaculture,"Agriculture, forestry and fishing"
116,Operation of fish hatcheries (marine),3215,321,32,Fishing and aquaculture,"Agriculture, forestry and fishing"
116,Operation fish hatcheries (marine) related business activity,3215,321,32,Fishing and aquaculture,"Agriculture, forestry and fishing"
116,Services related to operation fish hatcheries (marine),3215,321,32,Fishing and aquaculture,"Agriculture, forestry and fishing"
117,"Other marine aquaculture, n.e.c.",3219,321,32,Fishing and aquaculture,"Agriculture, forestry and fishing"
117,"Other marine aquaculture, n.e.c. related business activity",3219,321,32,Fishing and aquaculture,"Agriculture, forestry and fishing"
117,"Services related to other marine aquaculture, n.e.c.",3219,321,32,Fishing and aquaculture,"Agriculture, forestry and fishing"
118,Fish farming in freshwater including farming of freshwater ornamental fish,3221,322,32,Fishing and aquaculture,"Agriculture, forestry and fishing"
118,Fish farming in freshwater including farming freshwater ornamental fish related business activity,3221,322,32,Fishing and aquaculture,"Agriculture, forestry and fishing"
118,Services related to fish farming in freshwater including farming freshwater ornamental fish,3221,322,32,Fishing and aquaculture,"Agriculture, forestry and fishing"
119,"Culture of freshwater crustaceans, bivalves, other mollusks and other aquatic animals",3222,322,32,Fishing and aquaculture,"Agriculture, forestry and fishing"
119,"Culture freshwater crustaceans, bivalves, other mollusks and other aquatic animals related business activity",3222,322,32,Fishing and aquaculture,"Agriculture, forestry and fishing"
119,"Services related to culture freshwater crustaceans, bivalves, other mollusks and other aquatic animals",3222,322,32,Fishing and aquaculture,"Agriculture, forestry and fishing"
120,Operation of fish hatcheries (fresh-water),3223,322,32,Fishing and aquaculture,"Agriculture, forestry and fishing"
120,Operation fish hatcheries (fresh-water) related business activity,3223,322,32,Fishing and aquaculture,"Agriculture, forestry and fishing"
120,Services related to operation fish hatcheries (fresh-water),3223,322,32,Fishing and aquaculture,"Agriculture, forestry and fishing"
121,"Other freshwater aquaculture ctivities, n.e.c.",3229,322,32,Fishing and aquaculture,"Agriculture, forestry and fishing"
121,"Other freshwater aquaculture ctivities, n.e.c. related business activity",3229,322,32,Fishing and aquaculture,"Agriculture, forestry and fishing"
121,"Services related to other freshwater aquaculture ctivities, n.e.c.",3229,322,32,Fishing and aquaculture,"Agriculture, forestry and fishing"
122,Opencast mining of hard coal,5101,510,51,Mining of coal and lignite,Mining and quarrying
122,Opencast hard coal related business activity,5101,510,51,Mining of coal and lignite,Mining and quarrying
122,Services related to opencast hard coal,5101,510,51,Mining of coal and lignite,Mining and quarrying
123,Belowground mining of hard coal,5102,510,51,Mining of coal and lignite,Mining and quarrying
123,Belowground hard coal related business activity,5102,510,51,Mining of coal and lignite,Mining and quarrying
123,Services related to belowground hard coal,5102,510,51,Mining of coal and lignite,Mining and quarrying
124,"Cleaning, sizing, grading, pulverizing, compressing etc. of coal",5103,510,51,Mining of coal and lignite,Mining and quarrying
124,"Cleaning, sizing, grading, pulverizing, compressing etc. coal related business activity",5103,510,51,Mining of coal and lignite,Mining and quarrying
124,"Services related to cleaning, sizing, grading, pulverizing, compressing etc. coal",5103,510,51,Mining of coal and lignite,Mining and quarrying
125,Other operations relating to mining and agglomeration of hard coal,5109,510,51,Mining of coal and lignite,Mining and quarrying
125,Other operations relating to and agglomeration hard coal related business activity,5109,510,51,Mining of coal and lignite,Mining and quarrying
125,Services related to other operations relating to and agglomeration hard coal,5109,510,51,Mining of coal and lignite,Mining and quarrying
126,Opencast mining of lignite (brown coal),5201,520,52,Mining of coal and lignite,Mining and quarrying
126,Opencast lignite (brown coal) related business activity,5201,520,52,Mining of coal and lignite,Mining and quarrying
126,Services related to opencast lignite (brown coal),5201,520,52,Mining of coal and lignite,Mining and quarrying
127,Belowground mining of lignite (brown coal),5202,520,52,Mining of coal and lignite,Mining and quarrying
127,Belowground lignite (brown coal) related business activity,5202,520,52,Mining of coal and lignite,Mining and quarrying
127,Services related to belowground lignite (brown coal),5202,520,52,Mining of coal and lignite,Mining and quarrying
128,"Washing, dehydrating, pulverizing, compressing of lignite",5203,520,52,Mining of coal and lignite,Mining and quarrying
128,"Washing, dehydrating, pulverizing, compressing lignite related business activity",5203,520,52,Mining of coal and lignite,Mining and quarrying
128,"Services related to washing, dehydrating, pulverizing, compressing lignite",5203,520,52,Mining of coal and lignite,Mining and quarrying
129,Other operations relating to mining and agglomeration of lignite,5209,520,52,Mining of coal and lignite,Mining and quarrying
129,Other operations relating to and agglomeration lignite related business activity,5209,520,52,Mining of coal and lignite,Mining and quarrying
129,Services related to other operations relating to and agglomeration lignite,5209,520,52,Mining of coal and lignite,Mining and quarrying
130,Off shore extraction of crude petroleum,6101,610,61,Extraction of crude petroleum and natural gas,Mining and quarrying
130,Off shore crude petroleum related business activity,6101,610,61,Extraction of crude petroleum and natural gas,Mining and quarrying
130,Services related to off shore crude petroleum,6101,610,61,Extraction of crude petroleum and natural gas,Mining and quarrying
131,On shore extraction of crude petroleum,6102,610,61,Extraction of crude petroleum and natural gas,Mining and quarrying
131,On shore crude petroleum related business activity,6102,610,61,Extraction of crude petroleum and natural gas,Mining and quarrying
131,Services related to on shore crude petroleum,6102,610,61,Extraction of crude petroleum and natural gas,Mining and quarrying
132,Offshore Extraction of natural gas,6201,620,62,Extraction of crude petroleum and natural gas,Mining and quarrying
132,Offshore natural gas related business activity,6201,620,62,Extraction of crude petroleum and natural gas,Mining and quarrying
132,Services related to offshore natural gas,6201,620,62,Extraction of crude petroleum and natural gas,Mining and quarrying
133,On shore Extraction of natural gas,6202,620,62,Extraction of crude petroleum and natural gas,Mining and quarrying
133,On shore natural gas related business activity,6202,620,62,Extraction of crude petroleum and natural gas,Mining and quarrying
133,Services related to on shore natural gas,6202,620,62,Extraction of crude petroleum and natural gas,Mining and quarrying
134,Mining of iron ores,7100,710,71,Mining of metal ores,Mining and quarrying
134,Iron ores related business activity,7100,710,71,Mining of metal ores,Mining and quarrying
134,Services related to iron ores,7100,710,71,Mining of metal ores,Mining and quarrying
135,Mining of uranium and thorium ores,7210,721,72,Mining of metal ores,Mining and quarrying
135,Uranium and thorium ores related business activity,7210,721,72,Mining of metal ores,Mining and quarrying
135,Services related to uranium and thorium ores,7210,721,72,Mining of metal ores,Mining and quarrying
136,Mining of copper ore,7291,729,72,Mining of metal ores,Mining and quarrying
136,Copper ore related business activity,7291,729,72,Mining of metal ores,Mining and quarrying
136,Services related to copper ore,7291,729,72,Mining of metal ores,Mining and quarrying
137,Mining of aluminium ore (bauxite),7292,729,72,Mining of metal ores,Mining and quarrying
137,Aluminium ore (bauxite) related business activity,7292,729,72,Mining of metal ores,Mining and quarrying
137,Services related to aluminium ore (bauxite),7292,729,72,Mining of metal ores,Mining and quarrying
138,Mining of manganese ore,7293,729,72,Mining of metal ores,Mining and quarrying
138,Manganese ore related business activity,7293,729,72,Mining of metal ores,Mining and quarrying
138,Services related to manganese ore,7293,729,72,Mining of metal ores,Mining and quarrying
139,Mining of chromium ore,7294,729,72,Mining of metal ores,Mining and quarrying
139,Chromium ore related business activity,7294,729,72,Mining of metal ores,Mining and quarrying
139,Services related to chromium ore,7294,729,72,Mining of metal ores,Mining and quarrying
140,"Mining of precious metal ore (gold, silver)",7295,729,72,Mining of metal ores,Mining and quarrying
140,"Precious metal ore (gold, silver) related business activity",7295,729,72,Mining of metal ores,Mining and quarrying
140,"Services related to precious metal ore (gold, silver)",7295,729,72,Mining of metal ores,Mining and quarrying
141,Mining of lead and znic ore,7296,729,72,Mining of metal ores,Mining and quarrying
141,Lead and znic ore related business activity,7296,729,72,Mining of metal ores,Mining and quarrying
141,Services related to lead and znic ore,7296,729,72,Mining of metal ores,Mining and quarrying
142,"Mining of other non-ferrous metal ores, n.e.c. [titanium ( ilmenite and rutile) ,niobium, tantalum, vanadium or zirconium ores; tin bearing ores; and, nickel, cobalt, tungsten, molybdenum, antimony and other non-ferrous metal ores]",7299,729,72,Mining of metal ores,Mining and quarrying
142,"Other non-ferrous metal ores, n.e.c. [titanium ( ilmenite and rutile) ,niobium, tantalum, vanadium or zirconium ores; tin bearing ores; and, nickel, cobalt, tungsten, molybdenum, antimony and other non-ferrous metal ores] related business activity",7299,729,72,Mining of metal ores,Mining and quarrying
142,"Services related to other non-ferrous metal ores, n.e.c. [titanium ( ilmenite and rutile) ,niobium, tantalum, vanadium or zirconium ores; tin bearing ores; and, nickel, cobalt, tungsten, molybdenum, antimony and other non-ferrous metal ores]",7299,729,72,Mining of metal ores,Mining and quarrying
143,Quarrying of marble,8101,810,81,Other mining and quarrying,Mining and quarrying
143,Quarrying marble related business activity,8101,810,81,Other mining and quarrying,Mining and quarrying
143,Services related to quarrying marble,8101,810,81,Other mining and quarrying,Mining and quarrying
144,Quarrying of granite,8102,810,81,Other mining and quarrying,Mining and quarrying
144,Quarrying granite related business activity,8102,810,81,Other mining and quarrying,Mining and quarrying
144,Services related to quarrying granite,8102,810,81,Other mining and quarrying,Mining and quarrying
145,Quarrying of slate and building and monumental stone other than marble and granite,8103,810,81,Other mining and quarrying,Mining and quarrying
145,Quarrying slate and building and monumental stone other than marble and granite related business activity,8103,810,81,Other mining and quarrying,Mining and quarrying
145,Services related to quarrying slate and building and monumental stone other than marble and granite,8103,810,81,Other mining and quarrying,Mining and quarrying
146,Mining of dolomite,8104,810,81,Other mining and quarrying,Mining and quarrying
146,Dolomite related business activity,8104,810,81,Other mining and quarrying,Mining and quarrying
146,Services related to dolomite,8104,810,81,Other mining and quarrying,Mining and quarrying
147,Mining of gypsum including selenite,8105,810,81,Other mining and quarrying,Mining and quarrying
147,Gypsum including selenite related business activity,8105,810,81,Other mining and quarrying,Mining and quarrying
147,Services related to gypsum including selenite,8105,810,81,Other mining and quarrying,Mining and quarrying
148,"Operation of sand or gravel pits, basalt / porphyry, clay (ordinary), crushing and breaking of stone for use as a flux or raw material in lime or cement, manufacture or as building material, road metal or ballast and other materials for construction",8106,810,81,Other mining and quarrying,Mining and quarrying
148,"Operation sand or gravel pits, basalt / porphyry, clay (ordinary), crushing and breaking stone for use as a flux or raw material in lime or cement, or as building material, road metal or ballast and other materials for construction related business activity",8106,810,81,Other mining and quarrying,Mining and quarrying
148,"Services related to operation sand or gravel pits, basalt / porphyry, clay (ordinary), crushing and breaking stone for use as a flux or raw material in lime or cement, or as building material, road metal or ballast and other materials for construction",8106,810,81,Other mining and quarrying,Mining and quarrying
149,"Mining/quarrying of limestone, limeshell, Ã¢â¬ËkankarÃ¢â¬â¢ and other calcareous minerals including calcite, chalk and shale",8107,810,81,Other mining and quarrying,Mining and quarrying
149,"Mining/quarrying limestone, limeshell, ã¢â¬ëkankarã¢â¬â¢ and other calcareous minerals including calcite, chalk and shale related business activity",8107,810,81,Other mining and quarrying,Mining and quarrying
149,"Services related to mining/quarrying limestone, limeshell, ã¢â¬ëkankarã¢â¬â¢ and other calcareous minerals including calcite, chalk and shale",8107,810,81,Other mining and quarrying,Mining and quarrying
150,"Mining of clays (kaolin, ball clay, wollastonite, bentonite, fullerÃ¢â¬â¢s earth, fire clay etc. )",8108,810,81,Other mining and quarrying,Mining and quarrying
150,"Clays (kaolin, ball clay, wollastonite, bentonite, fullerã¢â¬â¢s earth, fire clay etc. ) related business activity",8108,810,81,Other mining and quarrying,Mining and quarrying
150,"Services related to clays (kaolin, ball clay, wollastonite, bentonite, fullerã¢â¬â¢s earth, fire clay etc. )",8108,810,81,Other mining and quarrying,Mining and quarrying
151,"Mining of refractory non-clay minerals (andalusite, kyanite, sillimanite, dunite, diaspore magnesite, diaspore, magnesite)",8109,810,81,Other mining and quarrying,Mining and quarrying
151,"Refractory non-clay minerals (andalusite, kyanite, sillimanite, dunite, diaspore magnesite, diaspore, magnesite) related business activity",8109,810,81,Other mining and quarrying,Mining and quarrying
151,"Services related to refractory non-clay minerals (andalusite, kyanite, sillimanite, dunite, diaspore magnesite, diaspore, magnesite)",8109,810,81,Other mining and quarrying,Mining and quarrying
152,Mining of native sulphur or pyrites and pyrrhotites valued chiefly for sulphur,8911,891,89,Other mining and quarrying,Mining and quarrying
152,Native sulphur or pyrites and pyrrhotites valued chiefly for sulphur related business activity,8911,891,89,Other mining and quarrying,Mining and quarrying
152,Services related to native sulphur or pyrites and pyrrhotites valued chiefly for sulphur,8911,891,89,Other mining and quarrying,Mining and quarrying
153,Mining of natural phosphates including apatite minerals,8912,891,89,Other mining and quarrying,Mining and quarrying
153,Natural phosphates including apatite minerals related business activity,8912,891,89,Other mining and quarrying,Mining and quarrying
153,Services related to natural phosphates including apatite minerals,8912,891,89,Other mining and quarrying,Mining and quarrying
154,Mining of earth colours (ochre including red oxide).,8913,891,89,Other mining and quarrying,Mining and quarrying
154,Earth colours (ochre including red oxide). related business activity,8913,891,89,Other mining and quarrying,Mining and quarrying
154,Services related to earth colours (ochre including red oxide).,8913,891,89,Other mining and quarrying,Mining and quarrying
155,Mining of fluorspar,8914,891,89,Other mining and quarrying,Mining and quarrying
155,Fluorspar related business activity,8914,891,89,Other mining and quarrying,Mining and quarrying
155,Services related to fluorspar,8914,891,89,Other mining and quarrying,Mining and quarrying
156,Mining of barytes,8915,891,89,Other mining and quarrying,Mining and quarrying
156,Barytes related business activity,8915,891,89,Other mining and quarrying,Mining and quarrying
156,Services related to barytes,8915,891,89,Other mining and quarrying,Mining and quarrying
157,Mining of potash bearing salts/minerals; borate minerals and other fertiliser and chemical minerals n.e.c.,8919,891,89,Other mining and quarrying,Mining and quarrying
157,Potash bearing salts/minerals; borate minerals and other fertiliser and chemical minerals n.e.c. related business activity,8919,891,89,Other mining and quarrying,Mining and quarrying
157,Services related to potash bearing salts/minerals; borate minerals and other fertiliser and chemical minerals n.e.c.,8919,891,89,Other mining and quarrying,Mining and quarrying
158,Extraction and agglomeration of peat,8920,892,89,Other mining and quarrying,Mining and quarrying
158,And agglomeration peat related business activity,8920,892,89,Other mining and quarrying,Mining and quarrying
158,Services related to and agglomeration peat,8920,892,89,Other mining and quarrying,Mining and quarrying
159,"Salt mining, quarrying, screening etc.",8931,893,89,Other mining and quarrying,Mining and quarrying
159,"Salt mining, quarrying, screening etc. related business activity",8931,893,89,Other mining and quarrying,Mining and quarrying
159,"Services related to salt mining, quarrying, screening etc.",8931,893,89,Other mining and quarrying,Mining and quarrying
160,Salt production by evaporation of sea water or other saline waters,8932,893,89,Other mining and quarrying,Mining and quarrying
160,Salt by evaporation sea water or other saline waters related business activity,8932,893,89,Other mining and quarrying,Mining and quarrying
160,Services related to salt by evaporation sea water or other saline waters,8932,893,89,Other mining and quarrying,Mining and quarrying
161,"Mining of gemstones (agate, diamond, emerald, garnet (gem), jasper, rubby/ saphire etc.",8991,899,89,Other mining and quarrying,Mining and quarrying
161,"Gemstones (agate, diamond, emerald, garnet (gem), jasper, rubby/ saphire etc. related business activity",8991,899,89,Other mining and quarrying,Mining and quarrying
161,"Services related to gemstones (agate, diamond, emerald, garnet (gem), jasper, rubby/ saphire etc.",8991,899,89,Other mining and quarrying,Mining and quarrying
162,"Mining and quarrying of abrasive materials (pumice stone, emery, corundum, garnet and other natural abrasives)",8992,899,89,Other mining and quarrying,Mining and quarrying
162,"And quarrying abrasive materials (pumice stone, emery, corundum, garnet and other natural abrasives) related business activity",8992,899,89,Other mining and quarrying,Mining and quarrying
162,"Services related to and quarrying abrasive materials (pumice stone, emery, corundum, garnet and other natural abrasives)",8992,899,89,Other mining and quarrying,Mining and quarrying
163,Mining of mica,8993,899,89,Other mining and quarrying,Mining and quarrying
163,Mica related business activity,8993,899,89,Other mining and quarrying,Mining and quarrying
163,Services related to mica,8993,899,89,Other mining and quarrying,Mining and quarrying
164,Mining of natural graphite,8994,899,89,Other mining and quarrying,Mining and quarrying
164,Natural graphite related business activity,8994,899,89,Other mining and quarrying,Mining and quarrying
164,Services related to natural graphite,8994,899,89,Other mining and quarrying,Mining and quarrying
165,Mining of asbestos,8995,899,89,Other mining and quarrying,Mining and quarrying
165,Asbestos related business activity,8995,899,89,Other mining and quarrying,Mining and quarrying
165,Services related to asbestos,8995,899,89,Other mining and quarrying,Mining and quarrying
166,"Mining of vermiculite, perlite and chlorites",8996,899,89,Other mining and quarrying,Mining and quarrying
166,"Vermiculite, perlite and chlorites related business activity",8996,899,89,Other mining and quarrying,Mining and quarrying
166,"Services related to vermiculite, perlite and chlorites",8996,899,89,Other mining and quarrying,Mining and quarrying
167,"Mining of felspar and silica minerals including quartz, quartzite and fuch. Quartzite",8997,899,89,Other mining and quarrying,Mining and quarrying
167,"Felspar and silica minerals including quartz, quartzite and fuch. quartzite related business activity",8997,899,89,Other mining and quarrying,Mining and quarrying
167,"Services related to felspar and silica minerals including quartz, quartzite and fuch. quartzite",8997,899,89,Other mining and quarrying,Mining and quarrying
168,Mining of talc/ steatite,8998,899,89,Other mining and quarrying,Mining and quarrying
168,Talc/ steatite related business activity,8998,899,89,Other mining and quarrying,Mining and quarrying
168,Services related to talc/ steatite,8998,899,89,Other mining and quarrying,Mining and quarrying
169,"Mining of laterite, diatomite and silicious fossil meals (e.g. diatomite); and other natural fluxes; natural asphalt or bitumen and other mining n.e.c.",8999,899,89,Other mining and quarrying,Mining and quarrying
169,"Laterite, diatomite and silicious fossil meals (e.g. diatomite); and other natural fluxes; natural asphalt or bitumen and other n.e.c. related business activity",8999,899,89,Other mining and quarrying,Mining and quarrying
169,"Services related to laterite, diatomite and silicious fossil meals (e.g. diatomite); and other natural fluxes; natural asphalt or bitumen and other n.e.c.",8999,899,89,Other mining and quarrying,Mining and quarrying
170,Services incidental to off shore oil extraction,9101,910,91,Mining support service activities,Mining and quarrying
170,Incidental to off shore oil extraction related business activity,9101,910,91,Mining support service activities,Mining and quarrying
170,Services related to incidental to off shore oil extraction,9101,910,91,Mining support service activities,Mining and quarrying
171,Services incidental to on shore oil extraction,9102,910,91,Mining support service activities,Mining and quarrying
171,Incidental to on shore oil extraction related business activity,9102,910,91,Mining support service activities,Mining and quarrying
171,Services related to incidental to on shore oil extraction,9102,910,91,Mining support service activities,Mining and quarrying
172,Services incidental to off shore gas extraction,9103,910,91,Mining support service activities,Mining and quarrying
172,Incidental to off shore gas extraction related business activity,9103,910,91,Mining support service activities,Mining and quarrying
172,Services related to incidental to off shore gas extraction,9103,910,91,Mining support service activities,Mining and quarrying
173,Services incidental to on shore gas extraction,9104,910,91,Mining support service activities,Mining and quarrying
173,Incidental to on shore gas extraction related business activity,9104,910,91,Mining support service activities,Mining and quarrying
173,Services related to incidental to on shore gas extraction,9104,910,91,Mining support service activities,Mining and quarrying
174,Support activities for other mining and quarrying,9900,990,99,Mining support service activities,Mining and quarrying
174,Support for other and quarrying related business activity,9900,990,99,Mining support service activities,Mining and quarrying
174,Services related to support for other and quarrying,9900,990,99,Mining support service activities,Mining and quarrying
175,"Mutton-slaughtering, preparation",10101,1010,101,Manufacture of food products,Manufacturing
175,"Mutton-slaughtering, preparation related business activity",10101,1010,101,Manufacture of food products,Manufacturing
175,"Services related to mutton-slaughtering, preparation",10101,1010,101,Manufacture of food products,Manufacturing
176,"Beef-slaughtering, preparation",10102,1010,101,Manufacture of food products,Manufacturing
176,"Beef-slaughtering, preparation related business activity",10102,1010,101,Manufacture of food products,Manufacturing
176,"Services related to beef-slaughtering, preparation",10102,1010,101,Manufacture of food products,Manufacturing
177,"Pork-slaughtering, preparation",10103,1010,101,Manufacture of food products,Manufacturing
177,"Pork-slaughtering, preparation related business activity",10103,1010,101,Manufacture of food products,Manufacturing
177,"Services related to pork-slaughtering, preparation",10103,1010,101,Manufacture of food products,Manufacturing
178,"Poultry and other slaughtering, preparation",10104,1010,101,Manufacture of food products,Manufacturing
178,"Poultry and other slaughtering, preparation related business activity",10104,1010,101,Manufacture of food products,Manufacturing
178,"Services related to poultry and other slaughtering, preparation",10104,1010,101,Manufacture of food products,Manufacturing
179,"Preservation, Processing and canning of meat",10105,1010,101,Manufacture of food products,Manufacturing
179,"Preservation, and canning meat related business activity",10105,1010,101,Manufacture of food products,Manufacturing
179,"Services related to preservation, and canning meat",10105,1010,101,Manufacture of food products,Manufacturing
180,Production of hides and skins originating from slaughterhouses,10106,1010,101,Manufacture of food products,Manufacturing
180,Hides and skins originating from slaughterhouses related business activity,10106,1010,101,Manufacture of food products,Manufacturing
180,Services related to hides and skins originating from slaughterhouses,10106,1010,101,Manufacture of food products,Manufacturing
181,Rendering of lard and other edible fats of animal origin,10107,1010,101,Manufacture of food products,Manufacturing
181,Rendering lard and other edible fats animal origin related business activity,10107,1010,101,Manufacture of food products,Manufacturing
181,Services related to rendering lard and other edible fats animal origin,10107,1010,101,Manufacture of food products,Manufacturing
182,Production and processing of animal offal,10108,1010,101,Manufacture of food products,Manufacturing
182,And animal offal related business activity,10108,1010,101,Manufacture of food products,Manufacturing
182,Services related to and animal offal,10108,1010,101,Manufacture of food products,Manufacturing
183,"Production, processing and preserving of other meat and meat products n.e.c.",10109,1010,101,Manufacture of food products,Manufacturing
183,"Production, and preserving other meat and meat products n.e.c. related business activity",10109,1010,101,Manufacture of food products,Manufacturing
183,"Services related to production, and preserving other meat and meat products n.e.c.",10109,1010,101,Manufacture of food products,Manufacturing
184,Sun-drying of fish,10201,1020,102,Manufacture of food products,Manufacturing
184,Sun-drying fish related business activity,10201,1020,102,Manufacture of food products,Manufacturing
184,Services related to sun-drying fish,10201,1020,102,Manufacture of food products,Manufacturing
185,Artificial dehydration of fish and sea food,10202,1020,102,Manufacture of food products,Manufacturing
185,Artificial dehydration fish and sea food related business activity,10202,1020,102,Manufacture of food products,Manufacturing
185,Services related to artificial dehydration fish and sea food,10202,1020,102,Manufacture of food products,Manufacturing
186,Radiation preservation of fish and similar food,10203,1020,102,Manufacture of food products,Manufacturing
186,Radiation preservation fish and similar food related business activity,10203,1020,102,Manufacture of food products,Manufacturing
186,Services related to radiation preservation fish and similar food,10203,1020,102,Manufacture of food products,Manufacturing
187,Processing and preserving of fish crustacean and similar foods,10204,1020,102,Manufacture of food products,Manufacturing
187,And preserving fish crustacean and similar foods related business activity,10204,1020,102,Manufacture of food products,Manufacturing
187,Services related to and preserving fish crustacean and similar foods,10204,1020,102,Manufacture of food products,Manufacturing
188,Processing and canning of fish,10205,1020,102,Manufacture of food products,Manufacturing
188,And canning fish related business activity,10205,1020,102,Manufacture of food products,Manufacturing
188,Services related to and canning fish,10205,1020,102,Manufacture of food products,Manufacturing
189,Processing and canning of frog legs,10206,1020,102,Manufacture of food products,Manufacturing
189,And canning frog legs related business activity,10206,1020,102,Manufacture of food products,Manufacturing
189,Services related to and canning frog legs,10206,1020,102,Manufacture of food products,Manufacturing
190,Production of fishmeal for human consumption or animal feed,10207,1020,102,Manufacture of food products,Manufacturing
190,Fishmeal for human consumption or animal feed related business activity,10207,1020,102,Manufacture of food products,Manufacturing
190,Services related to fishmeal for human consumption or animal feed,10207,1020,102,Manufacture of food products,Manufacturing
191,"Production, processing and preservation of other fish products n.e.c.",10209,1020,102,Manufacture of food products,Manufacturing
191,"Production, and preservation other fish products n.e.c. related business activity",10209,1020,102,Manufacture of food products,Manufacturing
191,"Services related to production, and preservation other fish products n.e.c.",10209,1020,102,Manufacture of food products,Manufacturing
192,Sun-drying of fruit and vegetables,10301,1030,103,Manufacture of food products,Manufacturing
192,Sun-drying fruit and vegetables related business activity,10301,1030,103,Manufacture of food products,Manufacturing
192,Services related to sun-drying fruit and vegetables,10301,1030,103,Manufacture of food products,Manufacturing
193,Artificial dehydration of fruit and vegetables,10302,1030,103,Manufacture of food products,Manufacturing
193,Artificial dehydration fruit and vegetables related business activity,10302,1030,103,Manufacture of food products,Manufacturing
193,Services related to artificial dehydration fruit and vegetables,10302,1030,103,Manufacture of food products,Manufacturing
194,Radiation preservation of fruit and vegetables,10303,1030,103,Manufacture of food products,Manufacturing
194,Radiation preservation fruit and vegetables related business activity,10303,1030,103,Manufacture of food products,Manufacturing
194,Services related to radiation preservation fruit and vegetables,10303,1030,103,Manufacture of food products,Manufacturing
195,"Manufacture of fruit or vegetable juices and their concentrates, squashes and powder",10304,1030,103,Manufacture of food products,Manufacturing
195,"Fruit or vegetable juices and their concentrates, squashes and powder related business activity",10304,1030,103,Manufacture of food products,Manufacturing
195,"Services related to fruit or vegetable juices and their concentrates, squashes and powder",10304,1030,103,Manufacture of food products,Manufacturing
196,"Manufacture of sauces, jams, jellies and marmalades",10305,1030,103,Manufacture of food products,Manufacturing
196,"Sauces, jams, jellies and marmalades related business activity",10305,1030,103,Manufacture of food products,Manufacturing
196,"Services related to sauces, jams, jellies and marmalades",10305,1030,103,Manufacture of food products,Manufacturing
197,"Manufacture of pickles, chutney etc.",10306,1030,103,Manufacture of food products,Manufacturing
197,"Pickles, chutney etc. related business activity",10306,1030,103,Manufacture of food products,Manufacturing
197,"Services related to pickles, chutney etc.",10306,1030,103,Manufacture of food products,Manufacturing
198,Canning of fruits and vegetables,10307,1030,103,Manufacture of food products,Manufacturing
198,Canning fruits and vegetables related business activity,10307,1030,103,Manufacture of food products,Manufacturing
198,Services related to canning fruits and vegetables,10307,1030,103,Manufacture of food products,Manufacturing
199,Manufacture of potato flour & meals and prepared meals of vegetables,10308,1030,103,Manufacture of food products,Manufacturing
199,Potato flour & meals and prepared meals vegetables related business activity,10308,1030,103,Manufacture of food products,Manufacturing
199,Services related to potato flour & meals and prepared meals vegetables,10308,1030,103,Manufacture of food products,Manufacturing
200,Preservation of fruit and vegetables n.e.c.,10309,1030,103,Manufacture of food products,Manufacturing
200,Preservation fruit and vegetables n.e.c. related business activity,10309,1030,103,Manufacture of food products,Manufacturing
200,Services related to preservation fruit and vegetables n.e.c.,10309,1030,103,Manufacture of food products,Manufacturing
201,Manufacture of hydrogenated oil and vanaspati ghee,10401,1040,104,Manufacture of food products,Manufacturing
201,Hydrogenated oil and vanaspati ghee related business activity,10401,1040,104,Manufacture of food products,Manufacturing
201,Services related to hydrogenated oil and vanaspati ghee,10401,1040,104,Manufacture of food products,Manufacturing
202,Manufacture of vegetable oils and fats excluding corn oil,10402,1040,104,Manufacture of food products,Manufacturing
202,Vegetable oils and fats excluding corn oil related business activity,10402,1040,104,Manufacture of food products,Manufacturing
202,Services related to vegetable oils and fats excluding corn oil,10402,1040,104,Manufacture of food products,Manufacturing
203,Manufacture of edible animal oils and fats,10403,1040,104,Manufacture of food products,Manufacturing
203,Edible animal oils and fats related business activity,10403,1040,104,Manufacture of food products,Manufacturing
203,Services related to edible animal oils and fats,10403,1040,104,Manufacture of food products,Manufacturing
204,Manufacture of fish oil,10404,1040,104,Manufacture of food products,Manufacturing
204,Fish oil related business activity,10404,1040,104,Manufacture of food products,Manufacturing
204,Services related to fish oil,10404,1040,104,Manufacture of food products,Manufacturing
205,Manufacture of non-edible animal oil and fats,10405,1040,104,Manufacture of food products,Manufacturing
205,Non-edible animal oil and fats related business activity,10405,1040,104,Manufacture of food products,Manufacturing
205,Services related to non-edible animal oil and fats,10405,1040,104,Manufacture of food products,Manufacturing
206,"Manufacture of oil cakes & meals incl. residual products, e.g. Oleostearin,Palmstearin",10406,1040,104,Manufacture of food products,Manufacturing
206,"Oil cakes & meals incl. residual products, e.g. oleostearin,palmstearin related business activity",10406,1040,104,Manufacture of food products,Manufacturing
206,"Services related to oil cakes & meals incl. residual products, e.g. oleostearin,palmstearin",10406,1040,104,Manufacture of food products,Manufacturing
207,"Manufacture of non-defatted flour or meals of oilseeds, oilnuts or kernels",10407,1040,104,Manufacture of food products,Manufacturing
207,"Non-defatted flour or meals oilseeds, oilnuts or kernels related business activity",10407,1040,104,Manufacture of food products,Manufacturing
207,"Services related to non-defatted flour or meals oilseeds, oilnuts or kernels",10407,1040,104,Manufacture of food products,Manufacturing
208,"Manufacture of other vegetable oil, animal oil and fats n.e.c",10409,1040,104,Manufacture of food products,Manufacturing
208,"Other vegetable oil, animal oil and fats n.e.c related business activity",10409,1040,104,Manufacture of food products,Manufacturing
208,"Services related to other vegetable oil, animal oil and fats n.e.c",10409,1040,104,Manufacture of food products,Manufacturing
209,Manufacture of pasteurised milk whether or not in bottles/ polythene packs etc. (plain or flavoured),10501,1050,105,Manufacture of food products,Manufacturing
209,Pasteurised milk whether or not in bottles/ polythene packs etc. (plain or flavoured) related business activity,10501,1050,105,Manufacture of food products,Manufacturing
209,Services related to pasteurised milk whether or not in bottles/ polythene packs etc. (plain or flavoured),10501,1050,105,Manufacture of food products,Manufacturing
210,"Manufacture of milk-powder, ice-cream powder and condensed milk except baby milk food",10502,1050,105,Manufacture of food products,Manufacturing
210,"Milk-powder, ice-cream powder and condensed milk except baby milk food related business activity",10502,1050,105,Manufacture of food products,Manufacturing
210,"Services related to milk-powder, ice-cream powder and condensed milk except baby milk food",10502,1050,105,Manufacture of food products,Manufacturing
211,Manufacture of baby milk foods,10503,1050,105,Manufacture of food products,Manufacturing
211,Baby milk foods related business activity,10503,1050,105,Manufacture of food products,Manufacturing
211,Services related to baby milk foods,10503,1050,105,Manufacture of food products,Manufacturing
212,"Manufacture of cream, butter, cheese, curd, ghee, khoya etc.",10504,1050,105,Manufacture of food products,Manufacturing
212,"Cream, butter, cheese, curd, ghee, khoya etc. related business activity",10504,1050,105,Manufacture of food products,Manufacturing
212,"Services related to cream, butter, cheese, curd, ghee, khoya etc.",10504,1050,105,Manufacture of food products,Manufacturing
213,"Manufacture of ice-cream, kulfi etc.",10505,1050,105,Manufacture of food products,Manufacturing
213,"Ice-cream, kulfi etc. related business activity",10505,1050,105,Manufacture of food products,Manufacturing
213,"Services related to ice-cream, kulfi etc.",10505,1050,105,Manufacture of food products,Manufacturing
214,Manufacture of other dairy products n.e.c.,10509,1050,105,Manufacture of food products,Manufacturing
214,Other dairy products n.e.c. related business activity,10509,1050,105,Manufacture of food products,Manufacturing
214,Services related to other dairy products n.e.c.,10509,1050,105,Manufacture of food products,Manufacturing
215,Flour milling,10611,1061,106,Manufacture of food products,Manufacturing
215,Flour milling related business activity,10611,1061,106,Manufacture of food products,Manufacturing
215,Services related to flour milling,10611,1061,106,Manufacture of food products,Manufacturing
216,Rice milling,10612,1061,106,Manufacture of food products,Manufacturing
216,Rice milling related business activity,10612,1061,106,Manufacture of food products,Manufacturing
216,Services related to rice milling,10612,1061,106,Manufacture of food products,Manufacturing
217,Dal (pulses) milling,10613,1061,106,Manufacture of food products,Manufacturing
217,Dal (pulses) milling related business activity,10613,1061,106,Manufacture of food products,Manufacturing
217,Services related to dal (pulses) milling,10613,1061,106,Manufacture of food products,Manufacturing
218,"Grain milling other than wheat, rice and dal",10614,1061,106,Manufacture of food products,Manufacturing
218,"Grain milling other than wheat, rice and dal related business activity",10614,1061,106,Manufacture of food products,Manufacturing
218,"Services related to grain milling other than wheat, rice and dal",10614,1061,106,Manufacture of food products,Manufacturing
219,"Vegetable milling (production of flour or meal of dried leguminous vegetables(except dal), of roots or tubers, or of edible nuts)",10615,1061,106,Manufacture of food products,Manufacturing
219,"Vegetable milling (flour or meal dried leguminous vegetables(except dal), roots or tubers, or edible nuts) related business activity",10615,1061,106,Manufacture of food products,Manufacturing
219,"Services related to vegetable milling (flour or meal dried leguminous vegetables(except dal), roots or tubers, or edible nuts)",10615,1061,106,Manufacture of food products,Manufacturing
220,Manufacture of cereal breakfast foods obtained by roasting or swelling cereal grains,10616,1061,106,Manufacture of food products,Manufacturing
220,Cereal breakfast foods obtained by roasting or swelling cereal grains related business activity,10616,1061,106,Manufacture of food products,Manufacturing
220,Services related to cereal breakfast foods obtained by roasting or swelling cereal grains,10616,1061,106,Manufacture of food products,Manufacturing
221,"Manufacture of flour mixes and prepared blended flour and dough for bread, cakes, biscuits",10617,1061,106,Manufacture of food products,Manufacturing
221,"Flour mixes and prepared blended flour and dough for bread, cakes, biscuits related business activity",10617,1061,106,Manufacture of food products,Manufacturing
221,"Services related to flour mixes and prepared blended flour and dough for bread, cakes, biscuits",10617,1061,106,Manufacture of food products,Manufacturing
222,"Manufacture of other readymade mixed powders like idli, gulabjamun etc.",10618,1061,106,Manufacture of food products,Manufacturing
222,"Other readymade mixed powders like idli, gulabjamun etc. related business activity",10618,1061,106,Manufacture of food products,Manufacturing
222,"Services related to other readymade mixed powders like idli, gulabjamun etc.",10618,1061,106,Manufacture of food products,Manufacturing
223,Other grain milling and processing n.e.c.,10619,1061,106,Manufacture of food products,Manufacturing
223,Other grain milling and n.e.c. related business activity,10619,1061,106,Manufacture of food products,Manufacturing
223,Services related to other grain milling and n.e.c.,10619,1061,106,Manufacture of food products,Manufacturing
224,"Manufacture of starches from rice, potatoes, maize etc.",10621,1062,106,Manufacture of food products,Manufacturing
224,"Starches from rice, potatoes, maize etc. related business activity",10621,1062,106,Manufacture of food products,Manufacturing
224,"Services related to starches from rice, potatoes, maize etc.",10621,1062,106,Manufacture of food products,Manufacturing
225,Manufacture of sago and sago products,10622,1062,106,Manufacture of food products,Manufacturing
225,Sago and sago products related business activity,10622,1062,106,Manufacture of food products,Manufacturing
225,Services related to sago and sago products,10622,1062,106,Manufacture of food products,Manufacturing
226,"Manufacture of glucose, glucose syrup, maltose etc.",10623,1062,106,Manufacture of food products,Manufacturing
226,"Glucose, glucose syrup, maltose etc. related business activity",10623,1062,106,Manufacture of food products,Manufacturing
226,"Services related to glucose, glucose syrup, maltose etc.",10623,1062,106,Manufacture of food products,Manufacturing
227,Manufacture of gluten,10624,1062,106,Manufacture of food products,Manufacturing
227,Gluten related business activity,10624,1062,106,Manufacture of food products,Manufacturing
227,Services related to gluten,10624,1062,106,Manufacture of food products,Manufacturing
228,Manufacture of tapioca and tapioca substitutes prepared from starch,10625,1062,106,Manufacture of food products,Manufacturing
228,Tapioca and tapioca substitutes prepared from starch related business activity,10625,1062,106,Manufacture of food products,Manufacturing
228,Services related to tapioca and tapioca substitutes prepared from starch,10625,1062,106,Manufacture of food products,Manufacturing
229,Manufacture of corn oil,10626,1062,106,Manufacture of food products,Manufacturing
229,Corn oil related business activity,10626,1062,106,Manufacture of food products,Manufacturing
229,Services related to corn oil,10626,1062,106,Manufacture of food products,Manufacturing
230,Manufacture of other starch products n.e.c.,10629,1062,106,Manufacture of food products,Manufacturing
230,Other starch products n.e.c. related business activity,10629,1062,106,Manufacture of food products,Manufacturing
230,Services related to other starch products n.e.c.,10629,1062,106,Manufacture of food products,Manufacturing
231,Manufacture of bread,10711,1071,107,Manufacture of food products,Manufacturing
231,Bread related business activity,10711,1071,107,Manufacture of food products,Manufacturing
231,Services related to bread,10711,1071,107,Manufacture of food products,Manufacturing
232,"Manufacture of biscuits, cakes, pastries, rusks etc.",10712,1071,107,Manufacture of food products,Manufacturing
232,"Biscuits, cakes, pastries, rusks etc. related business activity",10712,1071,107,Manufacture of food products,Manufacturing
232,"Services related to biscuits, cakes, pastries, rusks etc.",10712,1071,107,Manufacture of food products,Manufacturing
233,Manufacture of other bakery products n.e.c.,10719,1071,107,Manufacture of food products,Manufacturing
233,Other bakery products n.e.c. related business activity,10719,1071,107,Manufacture of food products,Manufacturing
233,Services related to other bakery products n.e.c.,10719,1071,107,Manufacture of food products,Manufacturing
234,Manufacture or refining of sugar (sucrose) from sugercane,10721,1072,107,Manufacture of food products,Manufacturing
234,Or refining sugar (sucrose) from sugercane related business activity,10721,1072,107,Manufacture of food products,Manufacturing
234,Services related to or refining sugar (sucrose) from sugercane,10721,1072,107,Manufacture of food products,Manufacturing
235,Manufacture of `gur'  from sugarcane,10722,1072,107,Manufacture of food products,Manufacturing
235,`gur' from sugarcane related business activity,10722,1072,107,Manufacture of food products,Manufacturing
235,Services related to `gur' from sugarcane,10722,1072,107,Manufacture of food products,Manufacturing
236,Manufacture of `gur' from other than sugarcane,10723,1072,107,Manufacture of food products,Manufacturing
236,`gur' from other than sugarcane related business activity,10723,1072,107,Manufacture of food products,Manufacturing
236,Services related to `gur' from other than sugarcane,10723,1072,107,Manufacture of food products,Manufacturing
237,Manufacture of `khandsari' sugar from sugarcane,10724,1072,107,Manufacture of food products,Manufacturing
237,`khandsari' sugar from sugarcane related business activity,10724,1072,107,Manufacture of food products,Manufacturing
237,Services related to `khandsari' sugar from sugarcane,10724,1072,107,Manufacture of food products,Manufacturing
238,Manufacture of `khandsari' suger from other than sugarcane,10725,1072,107,Manufacture of food products,Manufacturing
238,`khandsari' suger from other than sugarcane related business activity,10725,1072,107,Manufacture of food products,Manufacturing
238,Services related to `khandsari' suger from other than sugarcane,10725,1072,107,Manufacture of food products,Manufacturing
239,Manufacture of `boora'  and candy from sugarcane,10726,1072,107,Manufacture of food products,Manufacturing
239,`boora' and candy from sugarcane related business activity,10726,1072,107,Manufacture of food products,Manufacturing
239,Services related to `boora' and candy from sugarcane,10726,1072,107,Manufacture of food products,Manufacturing
240,Manufacture of `boora'  and candy from other than sugarcane,10727,1072,107,Manufacture of food products,Manufacturing
240,`boora' and candy from other than sugarcane related business activity,10727,1072,107,Manufacture of food products,Manufacturing
240,Services related to `boora' and candy from other than sugarcane,10727,1072,107,Manufacture of food products,Manufacturing
241,Manufacture of molasses,10728,1072,107,Manufacture of food products,Manufacturing
241,Molasses related business activity,10728,1072,107,Manufacture of food products,Manufacturing
241,Services related to molasses,10728,1072,107,Manufacture of food products,Manufacturing
242,"Manufacture of sugar from other sources (juice of palm, suger beet etc.)",10729,1072,107,Manufacture of food products,Manufacturing
242,"Sugar from other sources (juice palm, suger beet etc.) related business activity",10729,1072,107,Manufacture of food products,Manufacturing
242,"Services related to sugar from other sources (juice palm, suger beet etc.)",10729,1072,107,Manufacture of food products,Manufacturing
243,Manufacture of cocoa products,10731,1073,107,Manufacture of food products,Manufacturing
243,Cocoa products related business activity,10731,1073,107,Manufacture of food products,Manufacturing
243,Services related to cocoa products,10731,1073,107,Manufacture of food products,Manufacturing
244,Manufacture of chocolate and chocolate confectionery,10732,1073,107,Manufacture of food products,Manufacturing
244,Chocolate and chocolate confectionery related business activity,10732,1073,107,Manufacture of food products,Manufacturing
244,Services related to chocolate and chocolate confectionery,10732,1073,107,Manufacture of food products,Manufacturing
245,Manufacture of sugar confectionery (except sweetmeats),10733,1073,107,Manufacture of food products,Manufacturing
245,Sugar confectionery (except sweetmeats) related business activity,10733,1073,107,Manufacture of food products,Manufacturing
245,Services related to sugar confectionery (except sweetmeats),10733,1073,107,Manufacture of food products,Manufacturing
246,Manufacture sweetmeats includind dairy based sweetmeats,10734,1073,107,Manufacture of food products,Manufacturing
246,Sweetmeats includind dairy based sweetmeats related business activity,10734,1073,107,Manufacture of food products,Manufacturing
246,Services related to sweetmeats includind dairy based sweetmeats,10734,1073,107,Manufacture of food products,Manufacturing
247,Manufacture of chewing gum,10735,1073,107,Manufacture of food products,Manufacturing
247,Chewing gum related business activity,10735,1073,107,Manufacture of food products,Manufacturing
247,Services related to chewing gum,10735,1073,107,Manufacture of food products,Manufacturing
248,"Preserving in sugar of fruit, nuts, fruit peels and other parts of plants",10736,1073,107,Manufacture of food products,Manufacturing
248,"Preserving in sugar fruit, nuts, fruit peels and other parts plants related business activity",10736,1073,107,Manufacture of food products,Manufacturing
248,"Services related to preserving in sugar fruit, nuts, fruit peels and other parts plants",10736,1073,107,Manufacture of food products,Manufacturing
249,"Manufacture of other cocoa, chocolate, sugar confectionery products n.e.c.",10739,1073,107,Manufacture of food products,Manufacturing
249,"Other cocoa, chocolate, sugar confectionery products n.e.c. related business activity",10739,1073,107,Manufacture of food products,Manufacturing
249,"Services related to other cocoa, chocolate, sugar confectionery products n.e.c.",10739,1073,107,Manufacture of food products,Manufacturing
250,"Manufacture of macaroni, noodles, couscous and similar farinaceous products",10740,1074,107,Manufacture of food products,Manufacturing
250,"Macaroni, noodles, couscous and similar farinaceous products related business activity",10740,1074,107,Manufacture of food products,Manufacturing
250,"Services related to macaroni, noodles, couscous and similar farinaceous products",10740,1074,107,Manufacture of food products,Manufacturing
251,Manufacture of prepared meals and dishes,10750,1075,107,Manufacture of food products,Manufacturing
251,Prepared meals and dishes related business activity,10750,1075,107,Manufacture of food products,Manufacturing
251,Services related to prepared meals and dishes,10750,1075,107,Manufacture of food products,Manufacturing
252,Processing and blending of tea including manufacture of instant tea,10791,1079,107,Manufacture of food products,Manufacturing
252,And blending tea including instant tea related business activity,10791,1079,107,Manufacture of food products,Manufacturing
252,Services related to and blending tea including instant tea,10791,1079,107,Manufacture of food products,Manufacturing
253,"Coffee curing, roasting, grinding blending etc. and manufacturing of coffee products",10792,1079,107,Manufacture of food products,Manufacturing
253,"Coffee curing, roasting, grinding blending etc. and manufacturing coffee products related business activity",10792,1079,107,Manufacture of food products,Manufacturing
253,"Services related to coffee curing, roasting, grinding blending etc. and manufacturing coffee products",10792,1079,107,Manufacture of food products,Manufacturing
254,Processing of edible nuts,10793,1079,107,Manufacture of food products,Manufacturing
254,Edible nuts related business activity,10793,1079,107,Manufacture of food products,Manufacturing
254,Services related to edible nuts,10793,1079,107,Manufacture of food products,Manufacturing
255,Manufacture of malted foods including foods for infants and handicapped,10794,1079,107,Manufacture of food products,Manufacturing
255,Malted foods including foods for infants and handicapped related business activity,10794,1079,107,Manufacture of food products,Manufacturing
255,Services related to malted foods including foods for infants and handicapped,10794,1079,107,Manufacture of food products,Manufacturing
256,Grinding and processing of spices,10795,1079,107,Manufacture of food products,Manufacturing
256,Grinding and spices related business activity,10795,1079,107,Manufacture of food products,Manufacturing
256,Services related to grinding and spices,10795,1079,107,Manufacture of food products,Manufacturing
257,"Manufacture of papads, appalam and similar food products",10796,1079,107,Manufacture of food products,Manufacturing
257,"Papads, appalam and similar food products related business activity",10796,1079,107,Manufacture of food products,Manufacturing
257,"Services related to papads, appalam and similar food products",10796,1079,107,Manufacture of food products,Manufacturing
258,"Manufacture of vitaminised high protein flour, frying of dal and other cereals",10797,1079,107,Manufacture of food products,Manufacturing
258,"Vitaminised high protein flour, frying dal and other cereals related business activity",10797,1079,107,Manufacture of food products,Manufacturing
258,"Services related to vitaminised high protein flour, frying dal and other cereals",10797,1079,107,Manufacture of food products,Manufacturing
259,"Processing of salt into food-grade salt, e.g. iodized salt",10798,1079,107,Manufacture of food products,Manufacturing
259,"Salt into food-grade salt, e.g. iodized salt related business activity",10798,1079,107,Manufacture of food products,Manufacturing
259,"Services related to salt into food-grade salt, e.g. iodized salt",10798,1079,107,Manufacture of food products,Manufacturing
260,"Other semi-processed, processed or instant foods n.e.c. except farinaceous products and malted foods and manufacturing activities like manufacture of egg powder, sambar powder etc. (this excludes the activities covered under 10619)",10799,1079,107,Manufacture of food products,Manufacturing
260,"Other semi-processed, processed or instant foods n.e.c. except farinaceous products and malted foods and manufacturing like egg powder, sambar powder etc. (this excludes the covered under 10619) related business activity",10799,1079,107,Manufacture of food products,Manufacturing
260,"Services related to other semi-processed, processed or instant foods n.e.c. except farinaceous products and malted foods and manufacturing like egg powder, sambar powder etc. (this excludes the covered under 10619)",10799,1079,107,Manufacture of food products,Manufacturing
261,Manufacture of cattle feed,10801,1080,108,Manufacture of food products,Manufacturing
261,Cattle feed related business activity,10801,1080,108,Manufacture of food products,Manufacturing
261,Services related to cattle feed,10801,1080,108,Manufacture of food products,Manufacturing
262,Manufacture of poultry feed,10802,1080,108,Manufacture of food products,Manufacturing
262,Poultry feed related business activity,10802,1080,108,Manufacture of food products,Manufacturing
262,Services related to poultry feed,10802,1080,108,Manufacture of food products,Manufacturing
263,"Manufacture of prepared feeds for pets, including dogs, cats, birds, fish etc.",10803,1080,108,Manufacture of food products,Manufacturing
263,"Prepared feeds for pets, including dogs, cats, birds, fish etc. related business activity",10803,1080,108,Manufacture of food products,Manufacturing
263,"Services related to prepared feeds for pets, including dogs, cats, birds, fish etc.",10803,1080,108,Manufacture of food products,Manufacturing
264,Manufacture of other animal feeds n.e.c.,10809,1080,108,Manufacture of food products,Manufacturing
264,Other animal feeds n.e.c. related business activity,10809,1080,108,Manufacture of food products,Manufacturing
264,Services related to other animal feeds n.e.c.,10809,1080,108,Manufacture of food products,Manufacturing
265,"Manufacture of distilled, potable, alcoholic beverages such as whisky, brandy, gin, Ã¢â¬Åmixed drinksÃ¢â¬Â etc.",11011,1101,110,Manufacture of beverages,Manufacturing
265,"Distilled, potable, alcoholic beverages such as whisky, brandy, gin, ã¢â¬åmixed drinksã¢â¬â etc. related business activity",11011,1101,110,Manufacture of beverages,Manufacturing
265,"Services related to distilled, potable, alcoholic beverages such as whisky, brandy, gin, ã¢â¬åmixed drinksã¢â¬â etc.",11011,1101,110,Manufacture of beverages,Manufacturing
266,Manufacture of country liquor,11012,1101,110,Manufacture of beverages,Manufacturing
266,Country liquor related business activity,11012,1101,110,Manufacture of beverages,Manufacturing
266,Services related to country liquor,11012,1101,110,Manufacture of beverages,Manufacturing
267,"Distilling, rectifying and blending of spirits",11019,1101,110,Manufacture of beverages,Manufacturing
267,"Distilling, rectifying and blending spirits related business activity",11019,1101,110,Manufacture of beverages,Manufacturing
267,"Services related to distilling, rectifying and blending spirits",11019,1101,110,Manufacture of beverages,Manufacturing
268,Manufacture of wines,11020,1102,110,Manufacture of beverages,Manufacturing
268,Wines related business activity,11020,1102,110,Manufacture of beverages,Manufacturing
268,Services related to wines,11020,1102,110,Manufacture of beverages,Manufacturing
269,Manufacture of beer,11031,1103,110,Manufacture of beverages,Manufacturing
269,Beer related business activity,11031,1103,110,Manufacture of beverages,Manufacturing
269,Services related to beer,11031,1103,110,Manufacture of beverages,Manufacturing
270,Manufacture of malt liquors other than beer,11032,1103,110,Manufacture of beverages,Manufacturing
270,Malt liquors other than beer related business activity,11032,1103,110,Manufacture of beverages,Manufacturing
270,Services related to malt liquors other than beer,11032,1103,110,Manufacture of beverages,Manufacturing
271,Manufacture of malt,11033,1103,110,Manufacture of beverages,Manufacturing
271,Malt related business activity,11033,1103,110,Manufacture of beverages,Manufacturing
271,Services related to malt,11033,1103,110,Manufacture of beverages,Manufacturing
272,Manufacture of malt liquors and malt n.e.c.,11039,1103,110,Manufacture of beverages,Manufacturing
272,Malt liquors and malt n.e.c. related business activity,11039,1103,110,Manufacture of beverages,Manufacturing
272,Services related to malt liquors and malt n.e.c.,11039,1103,110,Manufacture of beverages,Manufacturing
273,Manufacture of aerated drinks,11041,1104,110,Manufacture of beverages,Manufacturing
273,Aerated drinks related business activity,11041,1104,110,Manufacture of beverages,Manufacturing
273,Services related to aerated drinks,11041,1104,110,Manufacture of beverages,Manufacturing
274,Manufacture of synthetic flavoured concentrates and syrups,11042,1104,110,Manufacture of beverages,Manufacturing
274,Synthetic flavoured concentrates and syrups related business activity,11042,1104,110,Manufacture of beverages,Manufacturing
274,Services related to synthetic flavoured concentrates and syrups,11042,1104,110,Manufacture of beverages,Manufacturing
275,Manufacture of mineral water,11043,1104,110,Manufacture of beverages,Manufacturing
275,Mineral water related business activity,11043,1104,110,Manufacture of beverages,Manufacturing
275,Services related to mineral water,11043,1104,110,Manufacture of beverages,Manufacturing
276,Manufacture of ice,11044,1104,110,Manufacture of beverages,Manufacturing
276,Ice related business activity,11044,1104,110,Manufacture of beverages,Manufacturing
276,Services related to ice,11044,1104,110,Manufacture of beverages,Manufacturing
277,Manufacture of soft drinks,11045,1104,110,Manufacture of beverages,Manufacturing
277,Soft drinks related business activity,11045,1104,110,Manufacture of beverages,Manufacturing
277,Services related to soft drinks,11045,1104,110,Manufacture of beverages,Manufacturing
278,Manufacture of other non-alcoholic beverages n.e.c.,11049,1104,110,Manufacture of beverages,Manufacturing
278,Other non-alcoholic beverages n.e.c. related business activity,11049,1104,110,Manufacture of beverages,Manufacturing
278,Services related to other non-alcoholic beverages n.e.c.,11049,1104,110,Manufacture of beverages,Manufacturing
279,Stemming and redrying of tobacco,12001,1200,120,Manufacture of tobacco products,Manufacturing
279,Stemming and redrying tobacco related business activity,12001,1200,120,Manufacture of tobacco products,Manufacturing
279,Services related to stemming and redrying tobacco,12001,1200,120,Manufacture of tobacco products,Manufacturing
280,Manufacture of bidi,12002,1200,120,Manufacture of tobacco products,Manufacturing
280,Bidi related business activity,12002,1200,120,Manufacture of tobacco products,Manufacturing
280,Services related to bidi,12002,1200,120,Manufacture of tobacco products,Manufacturing
281,"Manufacture of cigarettes, cigarette tobacco",12003,1200,120,Manufacture of tobacco products,Manufacturing
281,"Cigarettes, cigarette tobacco related business activity",12003,1200,120,Manufacture of tobacco products,Manufacturing
281,"Services related to cigarettes, cigarette tobacco",12003,1200,120,Manufacture of tobacco products,Manufacturing
282,Manufacture of cigars and cheroots,12004,1200,120,Manufacture of tobacco products,Manufacturing
282,Cigars and cheroots related business activity,12004,1200,120,Manufacture of tobacco products,Manufacturing
282,Services related to cigars and cheroots,12004,1200,120,Manufacture of tobacco products,Manufacturing
283,Manufacture of snuff,12005,1200,120,Manufacture of tobacco products,Manufacturing
283,Snuff related business activity,12005,1200,120,Manufacture of tobacco products,Manufacturing
283,Services related to snuff,12005,1200,120,Manufacture of tobacco products,Manufacturing
284,Manufacture of zarda,12006,1200,120,Manufacture of tobacco products,Manufacturing
284,Zarda related business activity,12006,1200,120,Manufacture of tobacco products,Manufacturing
284,Services related to zarda,12006,1200,120,Manufacture of tobacco products,Manufacturing
285,Manufacture of catechu(katha) and chewing lime,12007,1200,120,Manufacture of tobacco products,Manufacturing
285,Catechu(katha) and chewing lime related business activity,12007,1200,120,Manufacture of tobacco products,Manufacturing
285,Services related to catechu(katha) and chewing lime,12007,1200,120,Manufacture of tobacco products,Manufacturing
286,Manufacture of pan masala and related products.,12008,1200,120,Manufacture of tobacco products,Manufacturing
286,Pan masala and related products. related business activity,12008,1200,120,Manufacture of tobacco products,Manufacturing
286,Services related to pan masala and related products.,12008,1200,120,Manufacture of tobacco products,Manufacturing
287,Manufacture of other tobacco products including chewing tobacco n.e.c.,12009,1200,120,Manufacture of tobacco products,Manufacturing
287,Other tobacco products including chewing tobacco n.e.c. related business activity,12009,1200,120,Manufacture of tobacco products,Manufacturing
287,Services related to other tobacco products including chewing tobacco n.e.c.,12009,1200,120,Manufacture of tobacco products,Manufacturing
288,Preparation and spinning of cotton fiber including blended* cotton,13111,1311,131,Manufacture of textiles,Manufacturing
288,Preparation and spinning cotton fiber including blended* cotton related business activity,13111,1311,131,Manufacture of textiles,Manufacturing
288,Services related to preparation and spinning cotton fiber including blended* cotton,13111,1311,131,Manufacture of textiles,Manufacturing
289,Preparation and spinning of silk fiber including blended* silk,13112,1311,131,Manufacture of textiles,Manufacturing
289,Preparation and spinning silk fiber including blended* silk related business activity,13112,1311,131,Manufacture of textiles,Manufacturing
289,Services related to preparation and spinning silk fiber including blended* silk,13112,1311,131,Manufacture of textiles,Manufacturing
290,"Preparation and spinning of wool, including other animal hair and blended* wool including other animal hair",13113,1311,131,Manufacture of textiles,Manufacturing
290,"Preparation and spinning wool, including other animal hair and blended* wool including other animal hair related business activity",13113,1311,131,Manufacture of textiles,Manufacturing
290,"Services related to preparation and spinning wool, including other animal hair and blended* wool including other animal hair",13113,1311,131,Manufacture of textiles,Manufacturing
291,Preparation and spinning of man-made fiber including blended* man-made fiber,13114,1311,131,Manufacture of textiles,Manufacturing
291,Preparation and spinning man-made fiber including blended* man-made fiber related business activity,13114,1311,131,Manufacture of textiles,Manufacturing
291,Services related to preparation and spinning man-made fiber including blended* man-made fiber,13114,1311,131,Manufacture of textiles,Manufacturing
292,"Preparation and spinning of jute, mesta and other natural fibers including blended natural fibers n.e.c. *Blended yarn/fabrics means, yarn/fabrics containing more than 50% of one fiber.",13119,1311,131,Manufacture of textiles,Manufacturing
292,"Preparation and spinning jute, mesta and other natural fibers including blended natural fibers n.e.c. *blended yarn/fabrics means, yarn/fabrics containing more than 50% one fiber. related business activity",13119,1311,131,Manufacture of textiles,Manufacturing
292,"Services related to preparation and spinning jute, mesta and other natural fibers including blended natural fibers n.e.c. *blended yarn/fabrics means, yarn/fabrics containing more than 50% one fiber.",13119,1311,131,Manufacture of textiles,Manufacturing
293,"Weaving, manufacture of cotton and cotton mixture fabrics.",13121,1312,131,Manufacture of textiles,Manufacturing
293,"Weaving, cotton and cotton mixture fabrics. related business activity",13121,1312,131,Manufacture of textiles,Manufacturing
293,"Services related to weaving, cotton and cotton mixture fabrics.",13121,1312,131,Manufacture of textiles,Manufacturing
294,"Weaving, manufacture of silk and silk mixture fabrics.",13122,1312,131,Manufacture of textiles,Manufacturing
294,"Weaving, silk and silk mixture fabrics. related business activity",13122,1312,131,Manufacture of textiles,Manufacturing
294,"Services related to weaving, silk and silk mixture fabrics.",13122,1312,131,Manufacture of textiles,Manufacturing
295,"Weaving, manufacture of wool and wool mixture fabrics.",13123,1312,131,Manufacture of textiles,Manufacturing
295,"Weaving, wool and wool mixture fabrics. related business activity",13123,1312,131,Manufacture of textiles,Manufacturing
295,"Services related to weaving, wool and wool mixture fabrics.",13123,1312,131,Manufacture of textiles,Manufacturing
296,"Weaving, manufacturing of man-made fiber and man-made mixture fabrics.",13124,1312,131,Manufacture of textiles,Manufacturing
296,"Weaving, manufacturing man-made fiber and man-made mixture fabrics. related business activity",13124,1312,131,Manufacture of textiles,Manufacturing
296,"Services related to weaving, manufacturing man-made fiber and man-made mixture fabrics.",13124,1312,131,Manufacture of textiles,Manufacturing
297,"Weaving of jute, mesta and other natural fibers including blended natural fibers n.e.c.",13129,1312,131,Manufacture of textiles,Manufacturing
297,"Weaving jute, mesta and other natural fibers including blended natural fibers n.e.c. related business activity",13129,1312,131,Manufacture of textiles,Manufacturing
297,"Services related to weaving jute, mesta and other natural fibers including blended natural fibers n.e.c.",13129,1312,131,Manufacture of textiles,Manufacturing
298,Finishing of cotton and blended cotton textiles.,13131,1313,131,Manufacture of textiles,Manufacturing
298,Finishing cotton and blended cotton textiles. related business activity,13131,1313,131,Manufacture of textiles,Manufacturing
298,Services related to finishing cotton and blended cotton textiles.,13131,1313,131,Manufacture of textiles,Manufacturing
299,Finishing of silk and blended silk textiles.,13132,1313,131,Manufacture of textiles,Manufacturing
299,Finishing silk and blended silk textiles. related business activity,13132,1313,131,Manufacture of textiles,Manufacturing
299,Services related to finishing silk and blended silk textiles.,13132,1313,131,Manufacture of textiles,Manufacturing
300,Finishing of wool and blended wool textiles.,13133,1313,131,Manufacture of textiles,Manufacturing
300,Finishing wool and blended wool textiles. related business activity,13133,1313,131,Manufacture of textiles,Manufacturing
300,Services related to finishing wool and blended wool textiles.,13133,1313,131,Manufacture of textiles,Manufacturing
301,Finishing of man-made and blended man-made textiles.,13134,1313,131,Manufacture of textiles,Manufacturing
301,Finishing man-made and blended man-made textiles. related business activity,13134,1313,131,Manufacture of textiles,Manufacturing
301,Services related to finishing man-made and blended man-made textiles.,13134,1313,131,Manufacture of textiles,Manufacturing
302,"Finishing of jute, mesta and other vegetable textiles fabrics",13135,1313,131,Manufacture of textiles,Manufacturing
302,"Finishing jute, mesta and other vegetable textiles fabrics related business activity",13135,1313,131,Manufacture of textiles,Manufacturing
302,"Services related to finishing jute, mesta and other vegetable textiles fabrics",13135,1313,131,Manufacture of textiles,Manufacturing
303,Activity related to screen printing,13136,1313,131,Manufacture of textiles,Manufacturing
303,Related to screen printing related business activity,13136,1313,131,Manufacture of textiles,Manufacturing
303,Services related to related to screen printing,13136,1313,131,Manufacture of textiles,Manufacturing
304,Other activities relating to finishing of textile n.e.c.,13139,1313,131,Manufacture of textiles,Manufacturing
304,Other relating to finishing textile n.e.c. related business activity,13139,1313,131,Manufacture of textiles,Manufacturing
304,Services related to other relating to finishing textile n.e.c.,13139,1313,131,Manufacture of textiles,Manufacturing
305,Manufacture of knitted and crocheted cotton fabrics,13911,1391,139,Manufacture of textiles,Manufacturing
305,Knitted and crocheted cotton fabrics related business activity,13911,1391,139,Manufacture of textiles,Manufacturing
305,Services related to knitted and crocheted cotton fabrics,13911,1391,139,Manufacture of textiles,Manufacturing
306,Manufacture of knitted and crocheted woolen fabrics,13912,1391,139,Manufacture of textiles,Manufacturing
306,Knitted and crocheted woolen fabrics related business activity,13912,1391,139,Manufacture of textiles,Manufacturing
306,Services related to knitted and crocheted woolen fabrics,13912,1391,139,Manufacture of textiles,Manufacturing
307,Manufacture of knitted and crocheted synthetic fabrics,13913,1391,139,Manufacture of textiles,Manufacturing
307,Knitted and crocheted synthetic fabrics related business activity,13913,1391,139,Manufacture of textiles,Manufacturing
307,Services related to knitted and crocheted synthetic fabrics,13913,1391,139,Manufacture of textiles,Manufacturing
308,Manufacture of other knitted and crocheted fabrics,13919,1391,139,Manufacture of textiles,Manufacturing
308,Other knitted and crocheted fabrics related business activity,13919,1391,139,Manufacture of textiles,Manufacturing
308,Services related to other knitted and crocheted fabrics,13919,1391,139,Manufacture of textiles,Manufacturing
309,"Manufacture of curtains, bed covers and furnishings",13921,1392,139,Manufacture of textiles,Manufacturing
309,"Curtains, bed covers and furnishings related business activity",13921,1392,139,Manufacture of textiles,Manufacturing
309,"Services related to curtains, bed covers and furnishings",13921,1392,139,Manufacture of textiles,Manufacturing
310,Manufacture of crocheted made up textile goods except apparel,13922,1392,139,Manufacture of textiles,Manufacturing
310,Crocheted made up textile goods except apparel related business activity,13922,1392,139,Manufacture of textiles,Manufacturing
310,Services related to crocheted made up textile goods except apparel,13922,1392,139,Manufacture of textiles,Manufacturing
311,Manufacture of mosquito nets,13923,1392,139,Manufacture of textiles,Manufacturing
311,Mosquito nets related business activity,13923,1392,139,Manufacture of textiles,Manufacturing
311,Services related to mosquito nets,13923,1392,139,Manufacture of textiles,Manufacturing
312,"Manufacture of bedding, quilts pillows, sleeping bags etc.",13924,1392,139,Manufacture of textiles,Manufacturing
312,"Bedding, quilts pillows, sleeping bags etc. related business activity",13924,1392,139,Manufacture of textiles,Manufacturing
312,"Services related to bedding, quilts pillows, sleeping bags etc.",13924,1392,139,Manufacture of textiles,Manufacturing
313,Manufacture of tarpaulin,13925,1392,139,Manufacture of textiles,Manufacturing
313,Tarpaulin related business activity,13925,1392,139,Manufacture of textiles,Manufacturing
313,Services related to tarpaulin,13925,1392,139,Manufacture of textiles,Manufacturing
314,Manufacture of blankets,13926,1392,139,Manufacture of textiles,Manufacturing
314,Blankets related business activity,13926,1392,139,Manufacture of textiles,Manufacturing
314,Services related to blankets,13926,1392,139,Manufacture of textiles,Manufacturing
315,"Manufacture of other made-up textile articles, except apparel n.e.c.",13929,1392,139,Manufacture of textiles,Manufacturing
315,"Other made-up textile articles, except apparel n.e.c. related business activity",13929,1392,139,Manufacture of textiles,Manufacturing
315,"Services related to other made-up textile articles, except apparel n.e.c.",13929,1392,139,Manufacture of textiles,Manufacturing
316,Manufacture of carpets and other floor coverings made of cotton,13931,1393,139,Manufacture of textiles,Manufacturing
316,Carpets and other floor coverings made cotton related business activity,13931,1393,139,Manufacture of textiles,Manufacturing
316,Services related to carpets and other floor coverings made cotton,13931,1393,139,Manufacture of textiles,Manufacturing
317,Manufacture of carpets and other floor coverings made of wool,13932,1393,139,Manufacture of textiles,Manufacturing
317,Carpets and other floor coverings made wool related business activity,13932,1393,139,Manufacture of textiles,Manufacturing
317,Services related to carpets and other floor coverings made wool,13932,1393,139,Manufacture of textiles,Manufacturing
318,Manufacture of carpets and other floor coverings made of silk,13933,1393,139,Manufacture of textiles,Manufacturing
318,Carpets and other floor coverings made silk related business activity,13933,1393,139,Manufacture of textiles,Manufacturing
318,Services related to carpets and other floor coverings made silk,13933,1393,139,Manufacture of textiles,Manufacturing
319,Manufacture of carpets made of synthetic materials,13934,1393,139,Manufacture of textiles,Manufacturing
319,Carpets made synthetic materials related business activity,13934,1393,139,Manufacture of textiles,Manufacturing
319,Services related to carpets made synthetic materials,13934,1393,139,Manufacture of textiles,Manufacturing
320,"Manufacture of carpets, and other floor coverings made of jute, mesta and coir",13935,1393,139,Manufacture of textiles,Manufacturing
320,"Carpets, and other floor coverings made jute, mesta and coir related business activity",13935,1393,139,Manufacture of textiles,Manufacturing
320,"Services related to carpets, and other floor coverings made jute, mesta and coir",13935,1393,139,Manufacture of textiles,Manufacturing
321,Manufacture of other floor coverings n.e.c.,13939,1393,139,Manufacture of textiles,Manufacturing
321,Other floor coverings n.e.c. related business activity,13939,1393,139,Manufacture of textiles,Manufacturing
321,Services related to other floor coverings n.e.c.,13939,1393,139,Manufacture of textiles,Manufacturing
322,"Manufacture of thread, including thread ball making",13941,1394,139,Manufacture of textiles,Manufacturing
322,"Thread, including thread ball making related business activity",13941,1394,139,Manufacture of textiles,Manufacturing
322,"Services related to thread, including thread ball making",13941,1394,139,Manufacture of textiles,Manufacturing
323,Manufacture of cordage or rope made of jute,13942,1394,139,Manufacture of textiles,Manufacturing
323,Cordage or rope made jute related business activity,13942,1394,139,Manufacture of textiles,Manufacturing
323,Services related to cordage or rope made jute,13942,1394,139,Manufacture of textiles,Manufacturing
324,Manufacture of cordage or rope made of coir,13943,1394,139,Manufacture of textiles,Manufacturing
324,Cordage or rope made coir related business activity,13943,1394,139,Manufacture of textiles,Manufacturing
324,Services related to cordage or rope made coir,13943,1394,139,Manufacture of textiles,Manufacturing
325,Manufacture of rope and cordage made of synthetic material,13944,1394,139,Manufacture of textiles,Manufacturing
325,Rope and cordage made synthetic material related business activity,13944,1394,139,Manufacture of textiles,Manufacturing
325,Services related to rope and cordage made synthetic material,13944,1394,139,Manufacture of textiles,Manufacturing
326,"Manufacture of knotted netting of twine, cordage or rope (other than mosquito net)",13945,1394,139,Manufacture of textiles,Manufacturing
326,"Knotted netting twine, cordage or rope (other than mosquito net) related business activity",13945,1394,139,Manufacture of textiles,Manufacturing
326,"Services related to knotted netting twine, cordage or rope (other than mosquito net)",13945,1394,139,Manufacture of textiles,Manufacturing
327,"Manufacture of tapes, newar and wicks",13946,1394,139,Manufacture of textiles,Manufacturing
327,"Tapes, newar and wicks related business activity",13946,1394,139,Manufacture of textiles,Manufacturing
327,"Services related to tapes, newar and wicks",13946,1394,139,Manufacture of textiles,Manufacturing
328,Manufacture of other cordage or rope n.e.c.,13949,1394,139,Manufacture of textiles,Manufacturing
328,Other cordage or rope n.e.c. related business activity,13949,1394,139,Manufacture of textiles,Manufacturing
328,Services related to other cordage or rope n.e.c.,13949,1394,139,Manufacture of textiles,Manufacturing
329,Embroidery work and making of laces and fringes,13991,1399,139,Manufacture of textiles,Manufacturing
329,Embroidery work and making laces and fringes related business activity,13991,1399,139,Manufacture of textiles,Manufacturing
329,Services related to embroidery work and making laces and fringes,13991,1399,139,Manufacture of textiles,Manufacturing
330,Zari work and other ornamental trimmings,13992,1399,139,Manufacture of textiles,Manufacturing
330,Zari work and other ornamental trimmings related business activity,13992,1399,139,Manufacture of textiles,Manufacturing
330,Services related to zari work and other ornamental trimmings,13992,1399,139,Manufacture of textiles,Manufacturing
331,Manufacture of linolium and similar products,13993,1399,139,Manufacture of textiles,Manufacturing
331,Linolium and similar products related business activity,13993,1399,139,Manufacture of textiles,Manufacturing
331,Services related to linolium and similar products,13993,1399,139,Manufacture of textiles,Manufacturing
332,Manufacture of gas mantles,13994,1399,139,Manufacture of textiles,Manufacturing
332,Gas mantles related business activity,13994,1399,139,Manufacture of textiles,Manufacturing
332,Services related to gas mantles,13994,1399,139,Manufacture of textiles,Manufacturing
333,"Manufacture of made-up canvas goods such tents, sails etc.",13995,1399,139,Manufacture of textiles,Manufacturing
333,"Made-up canvas goods such tents, sails etc. related business activity",13995,1399,139,Manufacture of textiles,Manufacturing
333,"Services related to made-up canvas goods such tents, sails etc.",13995,1399,139,Manufacture of textiles,Manufacturing
334,Manufacture of wadding of textile materials and articles of wadding such as sanitary napkins and tampoons,13996,1399,139,Manufacture of textiles,Manufacturing
334,Wadding textile materials and articles wadding such as sanitary napkins and tampoons related business activity,13996,1399,139,Manufacture of textiles,Manufacturing
334,Services related to wadding textile materials and articles wadding such as sanitary napkins and tampoons,13996,1399,139,Manufacture of textiles,Manufacturing
335,"Manufacture of metallised yarn or gimped yarn, rubber thread or cord covered with textile material, textile yarn or strip impregnated, covered or sheathed with rubber or plastic",13997,1399,139,Manufacture of textiles,Manufacturing
335,"Metallised yarn or gimped yarn, rubber thread or cord covered with textile material, textile yarn or strip impregnated, covered or sheathed with rubber or plastic related business activity",13997,1399,139,Manufacture of textiles,Manufacturing
335,"Services related to metallised yarn or gimped yarn, rubber thread or cord covered with textile material, textile yarn or strip impregnated, covered or sheathed with rubber or plastic",13997,1399,139,Manufacture of textiles,Manufacturing
336,Manufacture of waterproof textile excluding tarpulin,13998,1399,139,Manufacture of textiles,Manufacturing
336,Waterprotextile excluding tarpulin related business activity,13998,1399,139,Manufacture of textiles,Manufacturing
336,Services related to waterprotextile excluding tarpulin,13998,1399,139,Manufacture of textiles,Manufacturing
337,Manufacture of other textiles/textile products n.e.c.,13999,1399,139,Manufacture of textiles,Manufacturing
337,Other textiles/textile products n.e.c. related business activity,13999,1399,139,Manufacture of textiles,Manufacturing
337,Services related to other textiles/textile products n.e.c.,13999,1399,139,Manufacture of textiles,Manufacturing
338,Manufacture of all types of textile garments and clothing accessories,14101,1410,141,Manufacture of wearing apparel,Manufacturing
338,All types textile garments and clothing accessories related business activity,14101,1410,141,Manufacture of wearing apparel,Manufacturing
338,Services related to all types textile garments and clothing accessories,14101,1410,141,Manufacture of wearing apparel,Manufacturing
339,Manufacture of rain coats of waterproof textile fabrics or plastic sheetings,14102,1410,141,Manufacture of wearing apparel,Manufacturing
339,Rain coats waterprotextile fabrics or plastic sheetings related business activity,14102,1410,141,Manufacture of wearing apparel,Manufacturing
339,Services related to rain coats waterprotextile fabrics or plastic sheetings,14102,1410,141,Manufacture of wearing apparel,Manufacturing
340,"Manufacture of hats, caps and other clothing accessories such as gloves, belts, ties, cravats, hairnets etc.",14103,1410,141,Manufacture of wearing apparel,Manufacturing
340,"Hats, caps and other clothing accessories such as gloves, belts, ties, cravats, hairnets etc. related business activity",14103,1410,141,Manufacture of wearing apparel,Manufacturing
340,"Services related to hats, caps and other clothing accessories such as gloves, belts, ties, cravats, hairnets etc.",14103,1410,141,Manufacture of wearing apparel,Manufacturing
341,Manufacture of wearing apparel made of leather and substitutes of leather,14104,1410,141,Manufacture of wearing apparel,Manufacturing
341,Wearing apparel made leather and substitutes leather related business activity,14104,1410,141,Manufacture of wearing apparel,Manufacturing
341,Services related to wearing apparel made leather and substitutes leather,14104,1410,141,Manufacture of wearing apparel,Manufacturing
342,Custom tailoring,14105,1410,141,Manufacture of wearing apparel,Manufacturing
342,Custom tailoring related business activity,14105,1410,141,Manufacture of wearing apparel,Manufacturing
342,Services related to custom tailoring,14105,1410,141,Manufacture of wearing apparel,Manufacturing
343,Manufacture of wearing apparel n.e.c.,14109,1410,141,Manufacture of wearing apparel,Manufacturing
343,Wearing apparel n.e.c. related business activity,14109,1410,141,Manufacture of wearing apparel,Manufacturing
343,Services related to wearing apparel n.e.c.,14109,1410,141,Manufacture of wearing apparel,Manufacturing
344,Manufacture of wearing apparel and clothing accessories made of fur,14201,1420,142,Manufacture of wearing apparel,Manufacturing
344,Wearing apparel and clothing accessories made fur related business activity,14201,1420,142,Manufacture of wearing apparel,Manufacturing
344,Services related to wearing apparel and clothing accessories made fur,14201,1420,142,Manufacture of wearing apparel,Manufacturing
345,Manufacture of fur and skin rugs and other similar articles,14202,1420,142,Manufacture of wearing apparel,Manufacturing
345,Fur and skin rugs and other similar articles related business activity,14202,1420,142,Manufacture of wearing apparel,Manufacturing
345,Services related to fur and skin rugs and other similar articles,14202,1420,142,Manufacture of wearing apparel,Manufacturing
346,Manufacture of other fur products n.e.c.,14209,1420,142,Manufacture of wearing apparel,Manufacturing
346,Other fur products n.e.c. related business activity,14209,1420,142,Manufacture of wearing apparel,Manufacturing
346,Services related to other fur products n.e.c.,14209,1420,142,Manufacture of wearing apparel,Manufacturing
347,"Manufacture of knitted or crocheted wearing apparel and other made-up articles directly into shape (pullovers, cardigans, jerseys, waistcoats and similar articles)",14301,1430,143,Manufacture of wearing apparel,Manufacturing
347,"Knitted or crocheted wearing apparel and other made-up articles directly into shape (pullovers, cardigans, jerseys, waistcoats and similar articles) related business activity",14301,1430,143,Manufacture of wearing apparel,Manufacturing
347,"Services related to knitted or crocheted wearing apparel and other made-up articles directly into shape (pullovers, cardigans, jerseys, waistcoats and similar articles)",14301,1430,143,Manufacture of wearing apparel,Manufacturing
348,Manufacture of other knitted and crocheted apparel including hosiery,14309,1430,143,Manufacture of wearing apparel,Manufacturing
348,Other knitted and crocheted apparel including hosiery related business activity,14309,1430,143,Manufacture of wearing apparel,Manufacturing
348,Services related to other knitted and crocheted apparel including hosiery,14309,1430,143,Manufacture of wearing apparel,Manufacturing
349,Flaying and curing of raw hides and skins,15111,1511,151,Manufacture of leather and related products,Manufacturing
349,Flaying and curing raw hides and skins related business activity,15111,1511,151,Manufacture of leather and related products,Manufacturing
349,Services related to flaying and curing raw hides and skins,15111,1511,151,Manufacture of leather and related products,Manufacturing
350,Tanning and finishing of sole leather,15112,1511,151,Manufacture of leather and related products,Manufacturing
350,Tanning and finishing sole leather related business activity,15112,1511,151,Manufacture of leather and related products,Manufacturing
350,Services related to tanning and finishing sole leather,15112,1511,151,Manufacture of leather and related products,Manufacturing
351,Tanning and finishing of industrial leather,15113,1511,151,Manufacture of leather and related products,Manufacturing
351,Tanning and finishing industrial leather related business activity,15113,1511,151,Manufacture of leather and related products,Manufacturing
351,Services related to tanning and finishing industrial leather,15113,1511,151,Manufacture of leather and related products,Manufacturing
352,"Scraping, currying, tanning, bleaching, shearing and plucking and dyeing of fur skins and hides with the hair on",15114,1511,151,Manufacture of leather and related products,Manufacturing
352,"Scraping, currying, tanning, bleaching, shearing and plucking and dyeing fur skins and hides with the hair on related business activity",15114,1511,151,Manufacture of leather and related products,Manufacturing
352,"Services related to scraping, currying, tanning, bleaching, shearing and plucking and dyeing fur skins and hides with the hair on",15114,1511,151,Manufacture of leather and related products,Manufacturing
353,"Finishing of upper leather, lining leather and garment leather etc.",15115,1511,151,Manufacture of leather and related products,Manufacturing
353,"Finishing upper leather, lining leather and garment leather etc. related business activity",15115,1511,151,Manufacture of leather and related products,Manufacturing
353,"Services related to finishing upper leather, lining leather and garment leather etc.",15115,1511,151,Manufacture of leather and related products,Manufacturing
354,Embroidering and embossing of leather articles,15116,1511,151,Manufacture of leather and related products,Manufacturing
354,Embroidering and embossing leather articles related business activity,15116,1511,151,Manufacture of leather and related products,Manufacturing
354,Services related to embroidering and embossing leather articles,15116,1511,151,Manufacture of leather and related products,Manufacturing
355,"Other tanning, curing, finishing, embossing etc. of leather",15119,1511,151,Manufacture of leather and related products,Manufacturing
355,"Other tanning, curing, finishing, embossing etc. leather related business activity",15119,1511,151,Manufacture of leather and related products,Manufacturing
355,"Services related to other tanning, curing, finishing, embossing etc. leather",15119,1511,151,Manufacture of leather and related products,Manufacturing
356,"Manufacture of travel goods like suitcase, bags, holdalls etc.",15121,1512,151,Manufacture of leather and related products,Manufacturing
356,"Travel goods like suitcase, bags, holdalls etc. related business activity",15121,1512,151,Manufacture of leather and related products,Manufacturing
356,"Services related to travel goods like suitcase, bags, holdalls etc.",15121,1512,151,Manufacture of leather and related products,Manufacturing
357,"Manufacture of purse, ladiesÃ¢â¬â¢ handbags, artistic leather presented articles and novelties",15122,1512,151,Manufacture of leather and related products,Manufacturing
357,"Purse, ladiesã¢â¬â¢ handbags, artistic leather presented articles and novelties related business activity",15122,1512,151,Manufacture of leather and related products,Manufacturing
357,"Services related to purse, ladiesã¢â¬â¢ handbags, artistic leather presented articles and novelties",15122,1512,151,Manufacture of leather and related products,Manufacturing
358,Manufacture of saddlery and harness,15123,1512,151,Manufacture of leather and related products,Manufacturing
358,Saddlery and harness related business activity,15123,1512,151,Manufacture of leather and related products,Manufacturing
358,Services related to saddlery and harness,15123,1512,151,Manufacture of leather and related products,Manufacturing
359,Manufacture of other consumer goods of leather and substitutes of leather n.e.c.,15129,1512,151,Manufacture of leather and related products,Manufacturing
359,Other consumer goods leather and substitutes leather n.e.c. related business activity,15129,1512,151,Manufacture of leather and related products,Manufacturing
359,Services related to other consumer goods leather and substitutes leather n.e.c.,15129,1512,151,Manufacture of leather and related products,Manufacturing
360,"Manufacture of leather footwear such as shoes, sandals, chappals, leather- cum-rubber/plastic cloth sandles and chappals",15201,1520,152,Manufacture of leather and related products,Manufacturing
360,"Leather footwear such as shoes, sandals, chappals, leather- cum-rubber/plastic cloth sandles and chappals related business activity",15201,1520,152,Manufacture of leather and related products,Manufacturing
360,"Services related to leather footwear such as shoes, sandals, chappals, leather- cum-rubber/plastic cloth sandles and chappals",15201,1520,152,Manufacture of leather and related products,Manufacturing
361,Manufacture of footwear made primarily of vulcalized or moulded rubber and plastic.,15202,1520,152,Manufacture of leather and related products,Manufacturing
361,Footwear made primarily vulcalized or moulded rubber and plastic. related business activity,15202,1520,152,Manufacture of leather and related products,Manufacturing
361,Services related to footwear made primarily vulcalized or moulded rubber and plastic.,15202,1520,152,Manufacture of leather and related products,Manufacturing
362,Manufacture of other footwear n.e.c.,15209,1520,152,Manufacture of leather and related products,Manufacturing
362,Other footwear n.e.c. related business activity,15209,1520,152,Manufacture of leather and related products,Manufacturing
362,Services related to other footwear n.e.c.,15209,1520,152,Manufacture of leather and related products,Manufacturing
363,Sawing and planing of wood,16101,1610,161,"Manufacture of wood and products of wood and cork, except furniture; manufacture of articles of straw and plaiting materials",Manufacturing
363,Sawing and planing wood related business activity,16101,1610,161,"Manufacture of wood and products of wood and cork, except furniture; manufacture of articles of straw and plaiting materials",Manufacturing
363,Services related to sawing and planing wood,16101,1610,161,"Manufacture of wood and products of wood and cork, except furniture; manufacture of articles of straw and plaiting materials",Manufacturing
364,Manufacture of unassembled wooden flooring including parquet flooring,16102,1610,161,"Manufacture of wood and products of wood and cork, except furniture; manufacture of articles of straw and plaiting materials",Manufacturing
364,Unassembled wooden flooring including parquet flooring related business activity,16102,1610,161,"Manufacture of wood and products of wood and cork, except furniture; manufacture of articles of straw and plaiting materials",Manufacturing
364,Services related to unassembled wooden flooring including parquet flooring,16102,1610,161,"Manufacture of wood and products of wood and cork, except furniture; manufacture of articles of straw and plaiting materials",Manufacturing
365,Manufacture of wooden railway sleepers,16103,1610,161,"Manufacture of wood and products of wood and cork, except furniture; manufacture of articles of straw and plaiting materials",Manufacturing
365,Wooden railway sleepers related business activity,16103,1610,161,"Manufacture of wood and products of wood and cork, except furniture; manufacture of articles of straw and plaiting materials",Manufacturing
365,Services related to wooden railway sleepers,16103,1610,161,"Manufacture of wood and products of wood and cork, except furniture; manufacture of articles of straw and plaiting materials",Manufacturing
366,Activities related to saw milling and planing of wood n.e.c.,16109,1610,161,"Manufacture of wood and products of wood and cork, except furniture; manufacture of articles of straw and plaiting materials",Manufacturing
366,Related to saw milling and planing wood n.e.c. related business activity,16109,1610,161,"Manufacture of wood and products of wood and cork, except furniture; manufacture of articles of straw and plaiting materials",Manufacturing
366,Services related to related to saw milling and planing wood n.e.c.,16109,1610,161,"Manufacture of wood and products of wood and cork, except furniture; manufacture of articles of straw and plaiting materials",Manufacturing
367,Manufacture of ply wood and veneer sheets,16211,1621,162,"Manufacture of wood and products of wood and cork, except furniture; manufacture of articles of straw and plaiting materials",Manufacturing
367,Ply wood and veneer sheets related business activity,16211,1621,162,"Manufacture of wood and products of wood and cork, except furniture; manufacture of articles of straw and plaiting materials",Manufacturing
367,Services related to ply wood and veneer sheets,16211,1621,162,"Manufacture of wood and products of wood and cork, except furniture; manufacture of articles of straw and plaiting materials",Manufacturing
368,Manufacture of particle board and fibreboard including densified wood,16212,1621,162,"Manufacture of wood and products of wood and cork, except furniture; manufacture of articles of straw and plaiting materials",Manufacturing
368,Particle board and fibreboard including densified wood related business activity,16212,1621,162,"Manufacture of wood and products of wood and cork, except furniture; manufacture of articles of straw and plaiting materials",Manufacturing
368,Services related to particle board and fibreboard including densified wood,16212,1621,162,"Manufacture of wood and products of wood and cork, except furniture; manufacture of articles of straw and plaiting materials",Manufacturing
369,Manufacture of flush doors and other boards or panels,16213,1621,162,"Manufacture of wood and products of wood and cork, except furniture; manufacture of articles of straw and plaiting materials",Manufacturing
369,Flush doors and other boards or panels related business activity,16213,1621,162,"Manufacture of wood and products of wood and cork, except furniture; manufacture of articles of straw and plaiting materials",Manufacturing
369,Services related to flush doors and other boards or panels,16213,1621,162,"Manufacture of wood and products of wood and cork, except furniture; manufacture of articles of straw and plaiting materials",Manufacturing
370,Manufacture of other plywood products n.e.c.,16219,1621,162,"Manufacture of wood and products of wood and cork, except furniture; manufacture of articles of straw and plaiting materials",Manufacturing
370,Other plywood products n.e.c. related business activity,16219,1621,162,"Manufacture of wood and products of wood and cork, except furniture; manufacture of articles of straw and plaiting materials",Manufacturing
370,Services related to other plywood products n.e.c.,16219,1621,162,"Manufacture of wood and products of wood and cork, except furniture; manufacture of articles of straw and plaiting materials",Manufacturing
371,"Manufacture of structural wooden goods [intended to be used primarily in the construction industry such as beams, rafters, roof struts, glue-laminated and metal connected, prefabricated wooden roof trusses, doors, windows, shutters and their frames,",16221,1622,162,"Manufacture of wood and products of wood and cork, except furniture; manufacture of articles of straw and plaiting materials",Manufacturing
371,"Structural wooden goods [intended to be used primarily in the construction industry such as beams, rafters, rostruts, glue-laminated and metal connected, prefabricated wooden rotrusses, doors, windows, shutters and their frames, related business activity",16221,1622,162,"Manufacture of wood and products of wood and cork, except furniture; manufacture of articles of straw and plaiting materials",Manufacturing
371,"Services related to structural wooden goods [intended to be used primarily in the construction industry such as beams, rafters, rostruts, glue-laminated and metal connected, prefabricated wooden rotrusses, doors, windows, shutters and their frames,",16221,1622,162,"Manufacture of wood and products of wood and cork, except furniture; manufacture of articles of straw and plaiting materials",Manufacturing
372,"Manufacture of prefabricated buildings, or elements thereof, predominantly of wood",16222,1622,162,"Manufacture of wood and products of wood and cork, except furniture; manufacture of articles of straw and plaiting materials",Manufacturing
372,"Prefabricated buildings, or elements thereof, predominantly wood related business activity",16222,1622,162,"Manufacture of wood and products of wood and cork, except furniture; manufacture of articles of straw and plaiting materials",Manufacturing
372,"Services related to prefabricated buildings, or elements thereof, predominantly wood",16222,1622,162,"Manufacture of wood and products of wood and cork, except furniture; manufacture of articles of straw and plaiting materials",Manufacturing
373,Manufacture of buildersÃ¢â¬â¢ carpentry and joinery n.e.c.,16229,1622,162,"Manufacture of wood and products of wood and cork, except furniture; manufacture of articles of straw and plaiting materials",Manufacturing
373,Buildersã¢â¬â¢ carpentry and joinery n.e.c. related business activity,16229,1622,162,"Manufacture of wood and products of wood and cork, except furniture; manufacture of articles of straw and plaiting materials",Manufacturing
373,Services related to buildersã¢â¬â¢ carpentry and joinery n.e.c.,16229,1622,162,"Manufacture of wood and products of wood and cork, except furniture; manufacture of articles of straw and plaiting materials",Manufacturing
374,"Manufacture of wooden boxes, barrels, vats, tubs, packing cases etc.",16231,1623,162,"Manufacture of wood and products of wood and cork, except furniture; manufacture of articles of straw and plaiting materials",Manufacturing
374,"Wooden boxes, barrels, vats, tubs, packing cases etc. related business activity",16231,1623,162,"Manufacture of wood and products of wood and cork, except furniture; manufacture of articles of straw and plaiting materials",Manufacturing
374,"Services related to wooden boxes, barrels, vats, tubs, packing cases etc.",16231,1623,162,"Manufacture of wood and products of wood and cork, except furniture; manufacture of articles of straw and plaiting materials",Manufacturing
375,Manufacture of plywood chests,16232,1623,162,"Manufacture of wood and products of wood and cork, except furniture; manufacture of articles of straw and plaiting materials",Manufacturing
375,Plywood chests related business activity,16232,1623,162,"Manufacture of wood and products of wood and cork, except furniture; manufacture of articles of straw and plaiting materials",Manufacturing
375,Services related to plywood chests,16232,1623,162,"Manufacture of wood and products of wood and cork, except furniture; manufacture of articles of straw and plaiting materials",Manufacturing
376,"Manufacture of market basketry, grain storage bins and similar products made of bamboo or reed",16233,1623,162,"Manufacture of wood and products of wood and cork, except furniture; manufacture of articles of straw and plaiting materials",Manufacturing
376,"Market basketry, grain storage bins and similar products made bamboo or reed related business activity",16233,1623,162,"Manufacture of wood and products of wood and cork, except furniture; manufacture of articles of straw and plaiting materials",Manufacturing
376,"Services related to market basketry, grain storage bins and similar products made bamboo or reed",16233,1623,162,"Manufacture of wood and products of wood and cork, except furniture; manufacture of articles of straw and plaiting materials",Manufacturing
377,"Manufacture of other wooden containers and products entirely or mainly of cane, rattan, bamboo, willow, fibre, leaves and grass n.e.c.",16239,1623,162,"Manufacture of wood and products of wood and cork, except furniture; manufacture of articles of straw and plaiting materials",Manufacturing
377,"Other wooden containers and products entirely or mainly cane, rattan, bamboo, willow, fibre, leaves and grass n.e.c. related business activity",16239,1623,162,"Manufacture of wood and products of wood and cork, except furniture; manufacture of articles of straw and plaiting materials",Manufacturing
377,"Services related to other wooden containers and products entirely or mainly cane, rattan, bamboo, willow, fibre, leaves and grass n.e.c.",16239,1623,162,"Manufacture of wood and products of wood and cork, except furniture; manufacture of articles of straw and plaiting materials",Manufacturing
378,Manufacture of wooden industrial goods,16291,1629,162,"Manufacture of wood and products of wood and cork, except furniture; manufacture of articles of straw and plaiting materials",Manufacturing
378,Wooden industrial goods related business activity,16291,1629,162,"Manufacture of wood and products of wood and cork, except furniture; manufacture of articles of straw and plaiting materials",Manufacturing
378,Services related to wooden industrial goods,16291,1629,162,"Manufacture of wood and products of wood and cork, except furniture; manufacture of articles of straw and plaiting materials",Manufacturing
379,Manufacture of cork and cork products,16292,1629,162,"Manufacture of wood and products of wood and cork, except furniture; manufacture of articles of straw and plaiting materials",Manufacturing
379,Cork and cork products related business activity,16292,1629,162,"Manufacture of wood and products of wood and cork, except furniture; manufacture of articles of straw and plaiting materials",Manufacturing
379,Services related to cork and cork products,16292,1629,162,"Manufacture of wood and products of wood and cork, except furniture; manufacture of articles of straw and plaiting materials",Manufacturing
380,Manufacture of wooden agricultural implements,16293,1629,162,"Manufacture of wood and products of wood and cork, except furniture; manufacture of articles of straw and plaiting materials",Manufacturing
380,Wooden agricultural implements related business activity,16293,1629,162,"Manufacture of wood and products of wood and cork, except furniture; manufacture of articles of straw and plaiting materials",Manufacturing
380,Services related to wooden agricultural implements,16293,1629,162,"Manufacture of wood and products of wood and cork, except furniture; manufacture of articles of straw and plaiting materials",Manufacturing
381,"Manufacture of various articles made of bamboo, cane and grass",16294,1629,162,"Manufacture of wood and products of wood and cork, except furniture; manufacture of articles of straw and plaiting materials",Manufacturing
381,"Various articles made bamboo, cane and grass related business activity",16294,1629,162,"Manufacture of wood and products of wood and cork, except furniture; manufacture of articles of straw and plaiting materials",Manufacturing
381,"Services related to various articles made bamboo, cane and grass",16294,1629,162,"Manufacture of wood and products of wood and cork, except furniture; manufacture of articles of straw and plaiting materials",Manufacturing
382,Manufacture of broomsticks,16295,1629,162,"Manufacture of wood and products of wood and cork, except furniture; manufacture of articles of straw and plaiting materials",Manufacturing
382,Broomsticks related business activity,16295,1629,162,"Manufacture of wood and products of wood and cork, except furniture; manufacture of articles of straw and plaiting materials",Manufacturing
382,Services related to broomsticks,16295,1629,162,"Manufacture of wood and products of wood and cork, except furniture; manufacture of articles of straw and plaiting materials",Manufacturing
383,"Manufacture of articles made of palm leaf, dhak leaf, screw-pine leaf and khajoor leaf; articles of vegetables fibre etc,.",16296,1629,162,"Manufacture of wood and products of wood and cork, except furniture; manufacture of articles of straw and plaiting materials",Manufacturing
383,"Articles made palm leaf, dhak leaf, screw-pine leaf and khajoor leaf; articles vegetables fibre etc,. related business activity",16296,1629,162,"Manufacture of wood and products of wood and cork, except furniture; manufacture of articles of straw and plaiting materials",Manufacturing
383,"Services related to articles made palm leaf, dhak leaf, screw-pine leaf and khajoor leaf; articles vegetables fibre etc,.",16296,1629,162,"Manufacture of wood and products of wood and cork, except furniture; manufacture of articles of straw and plaiting materials",Manufacturing
384,Manufacture of products of pith and shalapith,16297,1629,162,"Manufacture of wood and products of wood and cork, except furniture; manufacture of articles of straw and plaiting materials",Manufacturing
384,Products pith and shalapith related business activity,16297,1629,162,"Manufacture of wood and products of wood and cork, except furniture; manufacture of articles of straw and plaiting materials",Manufacturing
384,Services related to products pith and shalapith,16297,1629,162,"Manufacture of wood and products of wood and cork, except furniture; manufacture of articles of straw and plaiting materials",Manufacturing
385,Manufacture of other wood products n.e.c.,16299,1629,162,"Manufacture of wood and products of wood and cork, except furniture; manufacture of articles of straw and plaiting materials",Manufacturing
385,Other wood products n.e.c. related business activity,16299,1629,162,"Manufacture of wood and products of wood and cork, except furniture; manufacture of articles of straw and plaiting materials",Manufacturing
385,Services related to other wood products n.e.c.,16299,1629,162,"Manufacture of wood and products of wood and cork, except furniture; manufacture of articles of straw and plaiting materials",Manufacturing
386,Manufacture of pulp,17011,1701,170,Manufacture of paper and paper products,Manufacturing
386,Pulp related business activity,17011,1701,170,Manufacture of paper and paper products,Manufacturing
386,Services related to pulp,17011,1701,170,Manufacture of paper and paper products,Manufacturing
387,Manufacture of news print,17012,1701,170,Manufacture of paper and paper products,Manufacturing
387,News print related business activity,17012,1701,170,Manufacture of paper and paper products,Manufacturing
387,Services related to news print,17012,1701,170,Manufacture of paper and paper products,Manufacturing
388,Manufacture of paper and paper rolls not further processed,17013,1701,170,Manufacture of paper and paper products,Manufacturing
388,Paper and paper rolls not further processed related business activity,17013,1701,170,Manufacture of paper and paper products,Manufacturing
388,Services related to paper and paper rolls not further processed,17013,1701,170,Manufacture of paper and paper products,Manufacturing
389,Manufacture of packing paper,17014,1701,170,Manufacture of paper and paper products,Manufacturing
389,Packing paper related business activity,17014,1701,170,Manufacture of paper and paper products,Manufacturing
389,Services related to packing paper,17014,1701,170,Manufacture of paper and paper products,Manufacturing
390,Manufacture of other special purpose paper (excluding computer stationary),17015,1701,170,Manufacture of paper and paper products,Manufacturing
390,Other special purpose paper (excluding computer stationary) related business activity,17015,1701,170,Manufacture of paper and paper products,Manufacturing
390,Services related to other special purpose paper (excluding computer stationary),17015,1701,170,Manufacture of paper and paper products,Manufacturing
391,"Manufacture of paper board, straw board",17016,1701,170,Manufacture of paper and paper products,Manufacturing
391,"Paper board, straw board related business activity",17016,1701,170,Manufacture of paper and paper products,Manufacturing
391,"Services related to paper board, straw board",17016,1701,170,Manufacture of paper and paper products,Manufacturing
392,Manufacture of hard board including false board and chip board,17017,1701,170,Manufacture of paper and paper products,Manufacturing
392,Hard board including false board and chip board related business activity,17017,1701,170,Manufacture of paper and paper products,Manufacturing
392,Services related to hard board including false board and chip board,17017,1701,170,Manufacture of paper and paper products,Manufacturing
393,Manufacture of other primary paper materials including composite paper and paper board n.e.c.,17019,1701,170,Manufacture of paper and paper products,Manufacturing
393,Other primary paper materials including composite paper and paper board n.e.c. related business activity,17019,1701,170,Manufacture of paper and paper products,Manufacturing
393,Services related to other primary paper materials including composite paper and paper board n.e.c.,17019,1701,170,Manufacture of paper and paper products,Manufacturing
394,Manufacture of corrugated paper and paperboard,17021,1702,170,Manufacture of paper and paper products,Manufacturing
394,Corrugated paper and paperboard related business activity,17021,1702,170,Manufacture of paper and paper products,Manufacturing
394,Services related to corrugated paper and paperboard,17021,1702,170,Manufacture of paper and paper products,Manufacturing
395,Manufacture of corrugated paper board containers,17022,1702,170,Manufacture of paper and paper products,Manufacturing
395,Corrugated paper board containers related business activity,17022,1702,170,Manufacture of paper and paper products,Manufacturing
395,Services related to corrugated paper board containers,17022,1702,170,Manufacture of paper and paper products,Manufacturing
396,Manufacture of card board boxes,17023,1702,170,Manufacture of paper and paper products,Manufacturing
396,Card board boxes related business activity,17023,1702,170,Manufacture of paper and paper products,Manufacturing
396,Services related to card board boxes,17023,1702,170,Manufacture of paper and paper products,Manufacturing
397,Manufacture of sacks and bags of paper,17024,1702,170,Manufacture of paper and paper products,Manufacturing
397,Sacks and bags paper related business activity,17024,1702,170,Manufacture of paper and paper products,Manufacturing
397,Services related to sacks and bags paper,17024,1702,170,Manufacture of paper and paper products,Manufacturing
398,Manufacture of other containers of paper and paperboard n.e.c.,17029,1702,170,Manufacture of paper and paper products,Manufacturing
398,Other containers paper and paperboard n.e.c. related business activity,17029,1702,170,Manufacture of paper and paper products,Manufacturing
398,Services related to other containers paper and paperboard n.e.c.,17029,1702,170,Manufacture of paper and paper products,Manufacturing
399,Manufacture of computer paper,17091,1709,170,Manufacture of paper and paper products,Manufacturing
399,Computer paper related business activity,17091,1709,170,Manufacture of paper and paper products,Manufacturing
399,Services related to computer paper,17091,1709,170,Manufacture of paper and paper products,Manufacturing
400,"Manufacture of paper cups, saucers, plates, hoops, cones and other similar products",17092,1709,170,Manufacture of paper and paper products,Manufacturing
400,"Paper cups, saucers, plates, hoops, cones and other similar products related business activity",17092,1709,170,Manufacture of paper and paper products,Manufacturing
400,"Services related to paper cups, saucers, plates, hoops, cones and other similar products",17092,1709,170,Manufacture of paper and paper products,Manufacturing
401,"Manufacture of printing, writing and photocopying paper ready for use",17093,1709,170,Manufacture of paper and paper products,Manufacturing
401,"Printing, writing and photocopying paper ready for use related business activity",17093,1709,170,Manufacture of paper and paper products,Manufacturing
401,"Services related to printing, writing and photocopying paper ready for use",17093,1709,170,Manufacture of paper and paper products,Manufacturing
402,Manufacture of paper pulp articles other than containers (such as egg trays),17094,1709,170,Manufacture of paper and paper products,Manufacturing
402,Paper pulp articles other than containers (such as egg trays) related business activity,17094,1709,170,Manufacture of paper and paper products,Manufacturing
402,Services related to paper pulp articles other than containers (such as egg trays),17094,1709,170,Manufacture of paper and paper products,Manufacturing
403,"Manufacture of file cover/file boards, and similar articles.",17095,1709,170,Manufacture of paper and paper products,Manufacturing
403,"File cover/file boards, and similar articles. related business activity",17095,1709,170,Manufacture of paper and paper products,Manufacturing
403,"Services related to file cover/file boards, and similar articles.",17095,1709,170,Manufacture of paper and paper products,Manufacturing
404,Manufacture of wall paper,17096,1709,170,Manufacture of paper and paper products,Manufacturing
404,Wall paper related business activity,17096,1709,170,Manufacture of paper and paper products,Manufacturing
404,Services related to wall paper,17096,1709,170,Manufacture of paper and paper products,Manufacturing
405,Manufacture of carbon paper & stationary items,17097,1709,170,Manufacture of paper and paper products,Manufacturing
405,Carbon paper & stationary items related business activity,17097,1709,170,Manufacture of paper and paper products,Manufacturing
405,Services related to carbon paper & stationary items,17097,1709,170,Manufacture of paper and paper products,Manufacturing
406,Manufacture of other paper products n.e.c.,17099,1709,170,Manufacture of paper and paper products,Manufacturing
406,Other paper products n.e.c. related business activity,17099,1709,170,Manufacture of paper and paper products,Manufacturing
406,Services related to other paper products n.e.c.,17099,1709,170,Manufacture of paper and paper products,Manufacturing
407,Printing of newspapers,18111,1811,181,Printing and reproduction of recorded media,Manufacturing
407,Printing newspapers related business activity,18111,1811,181,Printing and reproduction of recorded media,Manufacturing
407,Services related to printing newspapers,18111,1811,181,Printing and reproduction of recorded media,Manufacturing
408,"Printing of magazines and other periodicals, books and brochures, maps, atlases, posters etc.",18112,1811,181,Printing and reproduction of recorded media,Manufacturing
408,"Printing magazines and other periodicals, books and brochures, maps, atlases, posters etc. related business activity",18112,1811,181,Printing and reproduction of recorded media,Manufacturing
408,"Services related to printing magazines and other periodicals, books and brochures, maps, atlases, posters etc.",18112,1811,181,Printing and reproduction of recorded media,Manufacturing
409,"Printing of postage stams, taxation stamps, cheques and other security papers",18113,1811,181,Printing and reproduction of recorded media,Manufacturing
409,"Printing postage stams, taxation stamps, cheques and other security papers related business activity",18113,1811,181,Printing and reproduction of recorded media,Manufacturing
409,"Services related to printing postage stams, taxation stamps, cheques and other security papers",18113,1811,181,Printing and reproduction of recorded media,Manufacturing
410,"Printing of bank notes, currency notes",18114,1811,181,Printing and reproduction of recorded media,Manufacturing
410,"Printing bank notes, currency notes related business activity",18114,1811,181,Printing and reproduction of recorded media,Manufacturing
410,"Services related to printing bank notes, currency notes",18114,1811,181,Printing and reproduction of recorded media,Manufacturing
411,"Printing directly onto textiles, flexographic plastic, glass, metal, wood and ceramics",18115,1811,181,Printing and reproduction of recorded media,Manufacturing
411,"Printing directly onto textiles, flexographic plastic, glass, metal, wood and ceramics related business activity",18115,1811,181,Printing and reproduction of recorded media,Manufacturing
411,"Services related to printing directly onto textiles, flexographic plastic, glass, metal, wood and ceramics",18115,1811,181,Printing and reproduction of recorded media,Manufacturing
412,Other printing activities like screen printing other than textile n.e.c.,18119,1811,181,Printing and reproduction of recorded media,Manufacturing
412,Other printing like screen printing other than textile n.e.c. related business activity,18119,1811,181,Printing and reproduction of recorded media,Manufacturing
412,Services related to other printing like screen printing other than textile n.e.c.,18119,1811,181,Printing and reproduction of recorded media,Manufacturing
413,Book and other similar sheet binding on account of others,18121,1812,181,Printing and reproduction of recorded media,Manufacturing
413,Book and other similar sheet binding on account others related business activity,18121,1812,181,Printing and reproduction of recorded media,Manufacturing
413,Services related to book and other similar sheet binding on account others,18121,1812,181,Printing and reproduction of recorded media,Manufacturing
414,"Engraving, etching and block making etc.",18122,1812,181,Printing and reproduction of recorded media,Manufacturing
414,"Engraving, etching and block making etc. related business activity",18122,1812,181,Printing and reproduction of recorded media,Manufacturing
414,"Services related to engraving, etching and block making etc.",18122,1812,181,Printing and reproduction of recorded media,Manufacturing
415,Other service activities related to printing n.e.c.,18129,1812,181,Printing and reproduction of recorded media,Manufacturing
415,Other service related to printing n.e.c. related business activity,18129,1812,181,Printing and reproduction of recorded media,Manufacturing
415,Services related to other service related to printing n.e.c.,18129,1812,181,Printing and reproduction of recorded media,Manufacturing
416,Reproduction of recorded media,18200,1820,182,Printing and reproduction of recorded media,Manufacturing
416,Rerecorded media related business activity,18200,1820,182,Printing and reproduction of recorded media,Manufacturing
416,Services related to rerecorded media,18200,1820,182,Printing and reproduction of recorded media,Manufacturing
417,Production of coke and semi-coke products,19101,1910,191,Manufacture of coke and refined petroleum products,Manufacturing
417,Coke and semi-coke products related business activity,19101,1910,191,Manufacture of coke and refined petroleum products,Manufacturing
417,Services related to coke and semi-coke products,19101,1910,191,Manufacture of coke and refined petroleum products,Manufacturing
418,"Manufacture of other coke oven products such as gas, crude coal and lignite tars etc.",19109,1910,191,Manufacture of coke and refined petroleum products,Manufacturing
418,"Other coke oven products such as gas, crude coal and lignite tars etc. related business activity",19109,1910,191,Manufacture of coke and refined petroleum products,Manufacturing
418,"Services related to other coke oven products such as gas, crude coal and lignite tars etc.",19109,1910,191,Manufacture of coke and refined petroleum products,Manufacturing
419,"Production of liquid and gaseous fuels, illuminating oils, lubricating oils or greases or other products from crude petroleum or bituminous minerals",19201,1920,192,Manufacture of coke and refined petroleum products,Manufacturing
419,"Liquid and gaseous fuels, illuminating oils, lubricating oils or greases or other products from crude petroleum or bituminous minerals related business activity",19201,1920,192,Manufacture of coke and refined petroleum products,Manufacturing
419,"Services related to liquid and gaseous fuels, illuminating oils, lubricating oils or greases or other products from crude petroleum or bituminous minerals",19201,1920,192,Manufacture of coke and refined petroleum products,Manufacturing
420,Manufacture of paraffin wax,19202,1920,192,Manufacture of coke and refined petroleum products,Manufacturing
420,Paraffin wax related business activity,19202,1920,192,Manufacture of coke and refined petroleum products,Manufacturing
420,Services related to paraffin wax,19202,1920,192,Manufacture of coke and refined petroleum products,Manufacturing
421,Bottling of LPG/CNG,19203,1920,192,Manufacture of coke and refined petroleum products,Manufacturing
421,Bottling lpg/cng related business activity,19203,1920,192,Manufacture of coke and refined petroleum products,Manufacturing
421,Services related to bottling lpg/cng,19203,1920,192,Manufacture of coke and refined petroleum products,Manufacturing
422,Manufacture of hard-coal and lignite fuel briquettes,19204,1920,192,Manufacture of coke and refined petroleum products,Manufacturing
422,Hard-coal and lignite fuel briquettes related business activity,19204,1920,192,Manufacture of coke and refined petroleum products,Manufacturing
422,Services related to hard-coal and lignite fuel briquettes,19204,1920,192,Manufacture of coke and refined petroleum products,Manufacturing
423,"Manufacture of other petroleum n.e.c. (includes manufacture of petroleum jelly, micro-crystalline petroleum wax, slack wax, ozokerite, lignite wax, petroleum coke, petroleum bitumen and other residues of petroleum oils)",19209,1920,192,Manufacture of coke and refined petroleum products,Manufacturing
423,"Other petroleum n.e.c. (includes petroleum jelly, micro-crystalline petroleum wax, slack wax, ozokerite, lignite wax, petroleum coke, petroleum bitumen and other residues petroleum oils) related business activity",19209,1920,192,Manufacture of coke and refined petroleum products,Manufacturing
423,"Services related to other petroleum n.e.c. (includes petroleum jelly, micro-crystalline petroleum wax, slack wax, ozokerite, lignite wax, petroleum coke, petroleum bitumen and other residues petroleum oils)",19209,1920,192,Manufacture of coke and refined petroleum products,Manufacturing
424,"Manufacture of liquefied or compressed inorganic industrial or medical gases (elemental gases, liquid or compressed air, refrigerant gases, mixed industrial gases etc.)",20111,2011,201,Manufacture of chemicals and chemical products,Manufacturing
424,"Liquefied or compressed inorganic industrial or medical gases (elemental gases, liquid or compressed air, refrigerant gases, mixed industrial gases etc.) related business activity",20111,2011,201,Manufacture of chemicals and chemical products,Manufacturing
424,"Services related to liquefied or compressed inorganic industrial or medical gases (elemental gases, liquid or compressed air, refrigerant gases, mixed industrial gases etc.)",20111,2011,201,Manufacture of chemicals and chemical products,Manufacturing
425,Manufacture of inorganic acids except nitric acid,20112,2011,201,Manufacture of chemicals and chemical products,Manufacturing
425,Inorganic acids except nitric acid related business activity,20112,2011,201,Manufacture of chemicals and chemical products,Manufacturing
425,Services related to inorganic acids except nitric acid,20112,2011,201,Manufacture of chemicals and chemical products,Manufacturing
426,Manufacture of tanning or dying extracts; tannings and their derivatives and colouring matter (including manufacture of indigo),20113,2011,201,Manufacture of chemicals and chemical products,Manufacturing
426,Tanning or dying extracts; tannings and their derivatives and colouring matter (including indigo) related business activity,20113,2011,201,Manufacture of chemicals and chemical products,Manufacturing
426,Services related to tanning or dying extracts; tannings and their derivatives and colouring matter (including indigo),20113,2011,201,Manufacture of chemicals and chemical products,Manufacturing
427,Manufacture of dyes and pigments from any source in basic form or as concentrate,20114,2011,201,Manufacture of chemicals and chemical products,Manufacturing
427,Dyes and pigments from any source in basic form or as concentrate related business activity,20114,2011,201,Manufacture of chemicals and chemical products,Manufacturing
427,Services related to dyes and pigments from any source in basic form or as concentrate,20114,2011,201,Manufacture of chemicals and chemical products,Manufacturing
428,Manufacture of turpentine and resins of vegetable origin,20115,2011,201,Manufacture of chemicals and chemical products,Manufacturing
428,Turpentine and resins vegetable origin related business activity,20115,2011,201,Manufacture of chemicals and chemical products,Manufacturing
428,Services related to turpentine and resins vegetable origin,20115,2011,201,Manufacture of chemicals and chemical products,Manufacturing
429,Manufacture of basic chemical elements,20116,2011,201,Manufacture of chemicals and chemical products,Manufacturing
429,Basic chemical elements related business activity,20116,2011,201,Manufacture of chemicals and chemical products,Manufacturing
429,Services related to basic chemical elements,20116,2011,201,Manufacture of chemicals and chemical products,Manufacturing
430,Manufacture of distilled water,20117,2011,201,Manufacture of chemicals and chemical products,Manufacturing
430,Distilled water related business activity,20117,2011,201,Manufacture of chemicals and chemical products,Manufacturing
430,Services related to distilled water,20117,2011,201,Manufacture of chemicals and chemical products,Manufacturing
431,Manufacture of synthetic aromatic products,20118,2011,201,Manufacture of chemicals and chemical products,Manufacturing
431,Synthetic aromatic products related business activity,20118,2011,201,Manufacture of chemicals and chemical products,Manufacturing
431,Services related to synthetic aromatic products,20118,2011,201,Manufacture of chemicals and chemical products,Manufacturing
432,Manufacture of organic and inorganic chemical compounds n.e.c.,20119,2011,201,Manufacture of chemicals and chemical products,Manufacturing
432,Organic and inorganic chemical compounds n.e.c. related business activity,20119,2011,201,Manufacture of chemicals and chemical products,Manufacturing
432,Services related to organic and inorganic chemical compounds n.e.c.,20119,2011,201,Manufacture of chemicals and chemical products,Manufacturing
433,Manufacture of urea and other organic fertilizers,20121,2012,201,Manufacture of chemicals and chemical products,Manufacturing
433,Urea and other organic fertilizers related business activity,20121,2012,201,Manufacture of chemicals and chemical products,Manufacturing
433,Services related to urea and other organic fertilizers,20121,2012,201,Manufacture of chemicals and chemical products,Manufacturing
434,"Manufacture of straight mixed, compound or complex inorganic fertilizers",20122,2012,201,Manufacture of chemicals and chemical products,Manufacturing
434,"Straight mixed, compound or complex inorganic fertilizers related business activity",20122,2012,201,Manufacture of chemicals and chemical products,Manufacturing
434,"Services related to straight mixed, compound or complex inorganic fertilizers",20122,2012,201,Manufacture of chemicals and chemical products,Manufacturing
435,"Manufacture of associated nitrogen products (nitric and sulphonitric acids, ammonia, ammonium chloride, ammonium carbonate, nitrites and nitrates of potassium)",20123,2012,201,Manufacture of chemicals and chemical products,Manufacturing
435,"Associated nitrogen products (nitric and sulphonitric acids, ammonia, ammonium chloride, ammonium carbonate, nitrites and nitrates potassium) related business activity",20123,2012,201,Manufacture of chemicals and chemical products,Manufacturing
435,"Services related to associated nitrogen products (nitric and sulphonitric acids, ammonia, ammonium chloride, ammonium carbonate, nitrites and nitrates potassium)",20123,2012,201,Manufacture of chemicals and chemical products,Manufacturing
436,Manufacture of other fertilizers n.e.c.,20129,2012,201,Manufacture of chemicals and chemical products,Manufacturing
436,Other fertilizers n.e.c. related business activity,20129,2012,201,Manufacture of chemicals and chemical products,Manufacturing
436,Services related to other fertilizers n.e.c.,20129,2012,201,Manufacture of chemicals and chemical products,Manufacturing
437,"Manufacture of plastic in primary forms (includes amino-resins, polyurethanes etc.)",20131,2013,201,Manufacture of chemicals and chemical products,Manufacturing
437,"Plastic in primary forms (includes amino-resins, polyurethanes etc.) related business activity",20131,2013,201,Manufacture of chemicals and chemical products,Manufacturing
437,"Services related to plastic in primary forms (includes amino-resins, polyurethanes etc.)",20131,2013,201,Manufacture of chemicals and chemical products,Manufacturing
438,Manufacture of synthetic rubber in primary forms,20132,2013,201,Manufacture of chemicals and chemical products,Manufacturing
438,Synthetic rubber in primary forms related business activity,20132,2013,201,Manufacture of chemicals and chemical products,Manufacturing
438,Services related to synthetic rubber in primary forms,20132,2013,201,Manufacture of chemicals and chemical products,Manufacturing
439,Manufacture of mixture of synthetic and natural or rubber like gums,20133,2013,201,Manufacture of chemicals and chemical products,Manufacturing
439,Mixture synthetic and natural or rubber like gums related business activity,20133,2013,201,Manufacture of chemicals and chemical products,Manufacturing
439,Services related to mixture synthetic and natural or rubber like gums,20133,2013,201,Manufacture of chemicals and chemical products,Manufacturing
440,"Manufacture of synthetic or artificial filament yarn, tenacity yarn whether or not textured including high tenacity yarn",20203,2020,202,Manufacture of chemicals and chemical products,Manufacturing
440,"Synthetic or artificial filament yarn, tenacity yarn whether or not textured including high tenacity yarn related business activity",20203,2020,202,Manufacture of chemicals and chemical products,Manufacturing
440,"Services related to synthetic or artificial filament yarn, tenacity yarn whether or not textured including high tenacity yarn",20203,2020,202,Manufacture of chemicals and chemical products,Manufacturing
441,"Manufacture of insecticides, rodenticides, fungicides, herbicides",20211,2021,202,Manufacture of chemicals and chemical products,Manufacturing
441,"Insecticides, rodenticides, fungicides, herbicides related business activity",20211,2021,202,Manufacture of chemicals and chemical products,Manufacturing
441,"Services related to insecticides, rodenticides, fungicides, herbicides",20211,2021,202,Manufacture of chemicals and chemical products,Manufacturing
442,Manufacture of disinfectants (for agricultural and other use),20212,2021,202,Manufacture of chemicals and chemical products,Manufacturing
442,Disinfectants (for agricultural and other use) related business activity,20212,2021,202,Manufacture of chemicals and chemical products,Manufacturing
442,Services related to disinfectants (for agricultural and other use),20212,2021,202,Manufacture of chemicals and chemical products,Manufacturing
443,"Manufacture of anti-sprouting products, plant growth regulators",20213,2021,202,Manufacture of chemicals and chemical products,Manufacturing
443,"Anti-sprouting products, plant growth regulators related business activity",20213,2021,202,Manufacture of chemicals and chemical products,Manufacturing
443,"Services related to anti-sprouting products, plant growth regulators",20213,2021,202,Manufacture of chemicals and chemical products,Manufacturing
444,Manufacture of other agrochemical products n.e.c.,20219,2021,202,Manufacture of chemicals and chemical products,Manufacturing
444,Other agrochemical products n.e.c. related business activity,20219,2021,202,Manufacture of chemicals and chemical products,Manufacturing
444,Services related to other agrochemical products n.e.c.,20219,2021,202,Manufacture of chemicals and chemical products,Manufacturing
445,"Manufacture of paints and varnishes, enamels or lacquers",20221,2022,202,Manufacture of chemicals and chemical products,Manufacturing
445,"Paints and varnishes, enamels or lacquers related business activity",20221,2022,202,Manufacture of chemicals and chemical products,Manufacturing
445,"Services related to paints and varnishes, enamels or lacquers",20221,2022,202,Manufacture of chemicals and chemical products,Manufacturing
446,"Manufacture of prepared pigments, prepared opacifiers and prepared colours, vitrifiable enamels and glazes engobes and similar preparations of a kind used in the ceramic, enamelling or glass industry",20222,2022,202,Manufacture of chemicals and chemical products,Manufacturing
446,"Prepared pigments, prepared opacifiers and prepared colours, vitrifiable enamels and glazes engobes and similar preparations a kind used in the ceramic, enamelling or glass industry related business activity",20222,2022,202,Manufacture of chemicals and chemical products,Manufacturing
446,"Services related to prepared pigments, prepared opacifiers and prepared colours, vitrifiable enamels and glazes engobes and similar preparations a kind used in the ceramic, enamelling or glass industry",20222,2022,202,Manufacture of chemicals and chemical products,Manufacturing
447,Manufacture of printing ink,20223,2022,202,Manufacture of chemicals and chemical products,Manufacturing
447,Printing ink related business activity,20223,2022,202,Manufacture of chemicals and chemical products,Manufacturing
447,Services related to printing ink,20223,2022,202,Manufacture of chemicals and chemical products,Manufacturing
448,Manufacture of prepared pigments and other colouring matter of a kind used in the manufacture of paints or by artists or other painters,20224,2022,202,Manufacture of chemicals and chemical products,Manufacturing
448,Prepared pigments and other colouring matter a kind used in the paints or by artists or other painters related business activity,20224,2022,202,Manufacture of chemicals and chemical products,Manufacturing
448,Services related to prepared pigments and other colouring matter a kind used in the paints or by artists or other painters,20224,2022,202,Manufacture of chemicals and chemical products,Manufacturing
449,"Manufacture of caulking compounds and similar non-refractory filling or surfacing preparations, mastics, prepared paint or varnish removers, organic composite solvents and thinners and other related products n.e.c.",20229,2022,202,Manufacture of chemicals and chemical products,Manufacturing
449,"Caulking compounds and similar non-refractory filling or surfacing preparations, mastics, prepared paint or varnish removers, organic composite solvents and thinners and other related products n.e.c. related business activity",20229,2022,202,Manufacture of chemicals and chemical products,Manufacturing
449,"Services related to caulking compounds and similar non-refractory filling or surfacing preparations, mastics, prepared paint or varnish removers, organic composite solvents and thinners and other related products n.e.c.",20229,2022,202,Manufacture of chemicals and chemical products,Manufacturing
450,Manufacture of soap all forms,20231,2023,202,Manufacture of chemicals and chemical products,Manufacturing
450,Soap all forms related business activity,20231,2023,202,Manufacture of chemicals and chemical products,Manufacturing
450,Services related to soap all forms,20231,2023,202,Manufacture of chemicals and chemical products,Manufacturing
451,"Manufacture of cleaning and polishing products (preparations for perfuming or deodorizing rooms; artificial waxes and prepared waxes; polishes and creams for leather, wood, glass, metal etc.; scouring pastes and powders, including paper, wadding etc.)",20232,2023,202,Manufacture of chemicals and chemical products,Manufacturing
451,"Cleaning and polishing products (preparations for perfuming or deodorizing rooms; artificial waxes and prepared waxes; polishes and creams for leather, wood, glass, metal etc.; scouring pastes and powders, including paper, wadding etc.) related business activity",20232,2023,202,Manufacture of chemicals and chemical products,Manufacturing
451,"Services related to cleaning and polishing products (preparations for perfuming or deodorizing rooms; artificial waxes and prepared waxes; polishes and creams for leather, wood, glass, metal etc.; scouring pastes and powders, including paper, wadding etc.)",20232,2023,202,Manufacture of chemicals and chemical products,Manufacturing
452,Manufacture of detergent and similar washing agents excluding soap,20233,2023,202,Manufacture of chemicals and chemical products,Manufacturing
452,Detergent and similar washing agents excluding soap related business activity,20233,2023,202,Manufacture of chemicals and chemical products,Manufacturing
452,Services related to detergent and similar washing agents excluding soap,20233,2023,202,Manufacture of chemicals and chemical products,Manufacturing
453,Manufacture of perfumes and cologne de-eau,20234,2023,202,Manufacture of chemicals and chemical products,Manufacturing
453,Perfumes and cologne de-eau related business activity,20234,2023,202,Manufacture of chemicals and chemical products,Manufacturing
453,Services related to perfumes and cologne de-eau,20234,2023,202,Manufacture of chemicals and chemical products,Manufacturing
454,"Manufacture of preparations for oral or dental hygiene (includes manufacture of toothpastes, toothpowder, mouthwash, oral, perfumes, dental fixative pastes and powders etc.)",20235,2023,202,Manufacture of chemicals and chemical products,Manufacturing
454,"Preparations for oral or dental hygiene (includes toothpastes, toothpowder, mouthwash, oral, perfumes, dental fixative pastes and powders etc.) related business activity",20235,2023,202,Manufacture of chemicals and chemical products,Manufacturing
454,"Services related to preparations for oral or dental hygiene (includes toothpastes, toothpowder, mouthwash, oral, perfumes, dental fixative pastes and powders etc.)",20235,2023,202,Manufacture of chemicals and chemical products,Manufacturing
455,"Manufacture of hair oil, shampoo, hair dye etc. (includes manufacture of shampoos, hair sprays, hair fixers, hair oils, hair creams, hair dyes and bleaches and preparations for permanent waving or straightening of the hair etc.)",20236,2023,202,Manufacture of chemicals and chemical products,Manufacturing
455,"Hair oil, shampoo, hair dye etc. (includes shampoos, hair sprays, hair fixers, hair oils, hair creams, hair dyes and bleaches and preparations for permanent waving or straightening the hair etc.) related business activity",20236,2023,202,Manufacture of chemicals and chemical products,Manufacturing
455,"Services related to hair oil, shampoo, hair dye etc. (includes shampoos, hair sprays, hair fixers, hair oils, hair creams, hair dyes and bleaches and preparations for permanent waving or straightening the hair etc.)",20236,2023,202,Manufacture of chemicals and chemical products,Manufacturing
456,"Manufacture of cosmetics and toileteries (includes manufacture of pre- shave, shaving or after shave preparations; personal deodorants and anti- respirants; perfumed bath salts and other bath preparations; beauty )",20237,2023,202,Manufacture of chemicals and chemical products,Manufacturing
456,"Cosmetics and toileteries (includes pre- shave, shaving or after shave preparations; personal deodorants and anti- respirants; perfumed bath salts and other bath preparations; beauty ) related business activity",20237,2023,202,Manufacture of chemicals and chemical products,Manufacturing
456,"Services related to cosmetics and toileteries (includes pre- shave, shaving or after shave preparations; personal deodorants and anti- respirants; perfumed bath salts and other bath preparations; beauty )",20237,2023,202,Manufacture of chemicals and chemical products,Manufacturing
457,Manufacture of Ã¢â¬ÅagarbattiÃ¢â¬Â and other preparations which operate by burning,20238,2023,202,Manufacture of chemicals and chemical products,Manufacturing
457,Ã¢â¬åagarbattiã¢â¬â and other preparations which operate by burning related business activity,20238,2023,202,Manufacture of chemicals and chemical products,Manufacturing
457,Services related to ã¢â¬åagarbattiã¢â¬â and other preparations which operate by burning,20238,2023,202,Manufacture of chemicals and chemical products,Manufacturing
458,Manufacture of other perfumes and toilet preparations n.e.c.,20239,2023,202,Manufacture of chemicals and chemical products,Manufacturing
458,Other perfumes and toilet preparations n.e.c. related business activity,20239,2023,202,Manufacture of chemicals and chemical products,Manufacturing
458,Services related to other perfumes and toilet preparations n.e.c.,20239,2023,202,Manufacture of chemicals and chemical products,Manufacturing
459,Manufacture of matches,20291,2029,202,Manufacture of chemicals and chemical products,Manufacturing
459,Matches related business activity,20291,2029,202,Manufacture of chemicals and chemical products,Manufacturing
459,Services related to matches,20291,2029,202,Manufacture of chemicals and chemical products,Manufacturing
460,"Manufacture of explosives, ammunition and fire works",20292,2029,202,Manufacture of chemicals and chemical products,Manufacturing
460,"Explosives, ammunition and fire works related business activity",20292,2029,202,Manufacture of chemicals and chemical products,Manufacturing
460,"Services related to explosives, ammunition and fire works",20292,2029,202,Manufacture of chemicals and chemical products,Manufacturing
461,"Manufacture of essential oils; modification by chemical processes of oils and fats (e.g. by oxidation, polymerization etc.)",20293,2029,202,Manufacture of chemicals and chemical products,Manufacturing
461,"Essential oils; modification by chemical processes oils and fats (e.g. by oxidation, polymerization etc.) related business activity",20293,2029,202,Manufacture of chemicals and chemical products,Manufacturing
461,"Services related to essential oils; modification by chemical processes oils and fats (e.g. by oxidation, polymerization etc.)",20293,2029,202,Manufacture of chemicals and chemical products,Manufacturing
462,"Manufacture of photographic plates, films, sensitized paper and other sensitized unexposed materials,chemical preparations for photographic uses",20294,2029,202,Manufacture of chemicals and chemical products,Manufacturing
462,"Photographic plates, films, sensitized paper and other sensitized unexposed materials,chemical preparations for photographic uses related business activity",20294,2029,202,Manufacture of chemicals and chemical products,Manufacturing
462,"Services related to photographic plates, films, sensitized paper and other sensitized unexposed materials,chemical preparations for photographic uses",20294,2029,202,Manufacture of chemicals and chemical products,Manufacturing
463,"Manufacture of gelatine and its derivatives, resinoids, glues, prepared adhesives, including rubber-based glues and adhesives",20295,2029,202,Manufacture of chemicals and chemical products,Manufacturing
463,"Gelatine and its derivatives, resinoids, glues, prepared adhesives, including rubber-based glues and adhesives related business activity",20295,2029,202,Manufacture of chemicals and chemical products,Manufacturing
463,"Services related to gelatine and its derivatives, resinoids, glues, prepared adhesives, including rubber-based glues and adhesives",20295,2029,202,Manufacture of chemicals and chemical products,Manufacturing
464,Manufacture of chemical elements and compounds doped for use in electronics,20296,2029,202,Manufacture of chemicals and chemical products,Manufacturing
464,Chemical elements and compounds doped for use in electronics related business activity,20296,2029,202,Manufacture of chemicals and chemical products,Manufacturing
464,Services related to chemical elements and compounds doped for use in electronics,20296,2029,202,Manufacture of chemicals and chemical products,Manufacturing
465,"Manufacture of chemical products or preparations of a kind used in the textiles, paper, leather and like industries",20297,2029,202,Manufacture of chemicals and chemical products,Manufacturing
465,"Chemical products or preparations a kind used in the textiles, paper, leather and like industries related business activity",20297,2029,202,Manufacture of chemicals and chemical products,Manufacturing
465,"Services related to chemical products or preparations a kind used in the textiles, paper, leather and like industries",20297,2029,202,Manufacture of chemicals and chemical products,Manufacturing
466,"Manufacture of various other chemical products n.e.c.(antiknock preparations, anti-freeze preparations, liquids for hydraulic transmission, composite diagnostic or laboratory reagents, writing or drawing ink)",20299,2029,202,Manufacture of chemicals and chemical products,Manufacturing
466,"Various other chemical products n.e.c.(antiknock preparations, anti-freeze preparations, liquids for hydraulic transmission, composite diagnostic or laboratory reagents, writing or drawing ink) related business activity",20299,2029,202,Manufacture of chemicals and chemical products,Manufacturing
466,"Services related to various other chemical products n.e.c.(antiknock preparations, anti-freeze preparations, liquids for hydraulic transmission, composite diagnostic or laboratory reagents, writing or drawing ink)",20299,2029,202,Manufacture of chemicals and chemical products,Manufacturing
467,Manufacture of synthetic or artificial filament tow,20301,2030,203,Manufacture of chemicals and chemical products,Manufacturing
467,Synthetic or artificial filament tow related business activity,20301,2030,203,Manufacture of chemicals and chemical products,Manufacturing
467,Services related to synthetic or artificial filament tow,20301,2030,203,Manufacture of chemicals and chemical products,Manufacturing
468,Manufacture of synthetic or artificial filament staple fibre not textured,20302,2030,203,Manufacture of chemicals and chemical products,Manufacturing
468,Synthetic or artificial filament staple fibre not textured related business activity,20302,2030,203,Manufacture of chemicals and chemical products,Manufacturing
468,Services related to synthetic or artificial filament staple fibre not textured,20302,2030,203,Manufacture of chemicals and chemical products,Manufacturing
469,Manufacture of synthetic or artificial mono-filament or strip,20304,2030,203,Manufacture of chemicals and chemical products,Manufacturing
469,Synthetic or artificial mono-filament or strip related business activity,20304,2030,203,Manufacture of chemicals and chemical products,Manufacturing
469,Services related to synthetic or artificial mono-filament or strip,20304,2030,203,Manufacture of chemicals and chemical products,Manufacturing
470,"Manufacture of medicinal substances used in the manufacture of pharmaceuticals: antibiotics, endocrine products, basic vitamins; opium derivatives; sulpha drugs; serums and plasmas; salicylic acid, its salts and esters; glycosides and vegetable alkaloids;",21001,2100,210,"Manufacture of pharmaceuticals, medicinal chemical and botanical products",Manufacturing
470,"Medicinal substances used in the pharmaceuticals: antibiotics, endocrine products, basic vitamins; opium derivatives; sulpha drugs; serums and plasmas; salicylic acid, its salts and esters; glycosides and vegetable alkaloids; related business activity",21001,2100,210,"Manufacture of pharmaceuticals, medicinal chemical and botanical products",Manufacturing
470,"Services related to medicinal substances used in the pharmaceuticals: antibiotics, endocrine products, basic vitamins; opium derivatives; sulpha drugs; serums and plasmas; salicylic acid, its salts and esters; glycosides and vegetable alkaloids;",21001,2100,210,"Manufacture of pharmaceuticals, medicinal chemical and botanical products",Manufacturing
471,Manufacture of allopathic pharmaceutical preparations,21002,2100,210,"Manufacture of pharmaceuticals, medicinal chemical and botanical products",Manufacturing
471,Allopathic pharmaceutical preparations related business activity,21002,2100,210,"Manufacture of pharmaceuticals, medicinal chemical and botanical products",Manufacturing
471,Services related to allopathic pharmaceutical preparations,21002,2100,210,"Manufacture of pharmaceuticals, medicinal chemical and botanical products",Manufacturing
472,Manufacture of `ayurvedicÃ¢â¬â¢ or `unaniÃ¢â¬â¢ pharmaceutical preparation,21003,2100,210,"Manufacture of pharmaceuticals, medicinal chemical and botanical products",Manufacturing
472,`ayurvedicã¢â¬â¢ or `unaniã¢â¬â¢ pharmaceutical preparation related business activity,21003,2100,210,"Manufacture of pharmaceuticals, medicinal chemical and botanical products",Manufacturing
472,Services related to `ayurvedicã¢â¬â¢ or `unaniã¢â¬â¢ pharmaceutical preparation,21003,2100,210,"Manufacture of pharmaceuticals, medicinal chemical and botanical products",Manufacturing
473,Manufacture of homoeopathic or biochemic pharmaceutical preparations,21004,2100,210,"Manufacture of pharmaceuticals, medicinal chemical and botanical products",Manufacturing
473,Homoeopathic or biochemic pharmaceutical preparations related business activity,21004,2100,210,"Manufacture of pharmaceuticals, medicinal chemical and botanical products",Manufacturing
473,Services related to homoeopathic or biochemic pharmaceutical preparations,21004,2100,210,"Manufacture of pharmaceuticals, medicinal chemical and botanical products",Manufacturing
474,Manufacture of veterinary preparations,21005,2100,210,"Manufacture of pharmaceuticals, medicinal chemical and botanical products",Manufacturing
474,Veterinary preparations related business activity,21005,2100,210,"Manufacture of pharmaceuticals, medicinal chemical and botanical products",Manufacturing
474,Services related to veterinary preparations,21005,2100,210,"Manufacture of pharmaceuticals, medicinal chemical and botanical products",Manufacturing
475,"Manufacture of medical impregnated wadding, gauze, bandages, dressings, surgical gut string etc.",21006,2100,210,"Manufacture of pharmaceuticals, medicinal chemical and botanical products",Manufacturing
475,"Medical impregnated wadding, gauze, bandages, dressings, surgical gut string etc. related business activity",21006,2100,210,"Manufacture of pharmaceuticals, medicinal chemical and botanical products",Manufacturing
475,"Services related to medical impregnated wadding, gauze, bandages, dressings, surgical gut string etc.",21006,2100,210,"Manufacture of pharmaceuticals, medicinal chemical and botanical products",Manufacturing
476,Manufacture of other pharmaceutical and botanical products n.e.c. like hina powder etc.,21009,2100,210,"Manufacture of pharmaceuticals, medicinal chemical and botanical products",Manufacturing
476,Other pharmaceutical and botanical products n.e.c. like hina powder etc. related business activity,21009,2100,210,"Manufacture of pharmaceuticals, medicinal chemical and botanical products",Manufacturing
476,Services related to other pharmaceutical and botanical products n.e.c. like hina powder etc.,21009,2100,210,"Manufacture of pharmaceuticals, medicinal chemical and botanical products",Manufacturing
477,"Manufacture of rubber tyres and tubes for motor vehicles, motorcycles, scooters, three-wheelers, tractors and aircraft",22111,2211,221,Manufacture of rubber and plastics products,Manufacturing
477,"Rubber tyres and tubes for motor vehicles, motorcycles, scooters, three-wheelers, tractors and aircraft related business activity",22111,2211,221,Manufacture of rubber and plastics products,Manufacturing
477,"Services related to rubber tyres and tubes for motor vehicles, motorcycles, scooters, three-wheelers, tractors and aircraft",22111,2211,221,Manufacture of rubber and plastics products,Manufacturing
478,Manufacture of rubber tyres and tubes for cycles and cycle-rickshaws,22112,2211,221,Manufacture of rubber and plastics products,Manufacturing
478,Rubber tyres and tubes for cycles and cycle-rickshaws related business activity,22112,2211,221,Manufacture of rubber and plastics products,Manufacturing
478,Services related to rubber tyres and tubes for cycles and cycle-rickshaws,22112,2211,221,Manufacture of rubber and plastics products,Manufacturing
479,Retreading of tyres; replacing or rebuilding of tread on used pneumatic tyres,22113,2211,221,Manufacture of rubber and plastics products,Manufacturing
479,Retreading tyres; replacing or rebuilding tread on used pneumatic tyres related business activity,22113,2211,221,Manufacture of rubber and plastics products,Manufacturing
479,Services related to retreading tyres; replacing or rebuilding tread on used pneumatic tyres,22113,2211,221,Manufacture of rubber and plastics products,Manufacturing
480,Manufacture of rubber tyres and tubes n.e.c.,22119,2211,221,Manufacture of rubber and plastics products,Manufacturing
480,Rubber tyres and tubes n.e.c. related business activity,22119,2211,221,Manufacture of rubber and plastics products,Manufacturing
480,Services related to rubber tyres and tubes n.e.c.,22119,2211,221,Manufacture of rubber and plastics products,Manufacturing
481,"Manufacture of rubber plates, sheets, strips, rods, tubes, pipes, hoses and profile -shapes etc.",22191,2219,221,Manufacture of rubber and plastics products,Manufacturing
481,"Rubber plates, sheets, strips, rods, tubes, pipes, hoses and profile -shapes etc. related business activity",22191,2219,221,Manufacture of rubber and plastics products,Manufacturing
481,"Services related to rubber plates, sheets, strips, rods, tubes, pipes, hoses and profile -shapes etc.",22191,2219,221,Manufacture of rubber and plastics products,Manufacturing
482,Manufacture of rubber conveyor or transmission belts or belting,22192,2219,221,Manufacture of rubber and plastics products,Manufacturing
482,Rubber conveyor or transmission belts or belting related business activity,22192,2219,221,Manufacture of rubber and plastics products,Manufacturing
482,Services related to rubber conveyor or transmission belts or belting,22192,2219,221,Manufacture of rubber and plastics products,Manufacturing
483,Manufacture of rubber contraceptives,22193,2219,221,Manufacture of rubber and plastics products,Manufacturing
483,Rubber contraceptives related business activity,22193,2219,221,Manufacture of rubber and plastics products,Manufacturing
483,Services related to rubber contraceptives,22193,2219,221,Manufacture of rubber and plastics products,Manufacturing
484,Manufacture of rubber balloons,22194,2219,221,Manufacture of rubber and plastics products,Manufacturing
484,Rubber balloons related business activity,22194,2219,221,Manufacture of rubber and plastics products,Manufacturing
484,Services related to rubber balloons,22194,2219,221,Manufacture of rubber and plastics products,Manufacturing
485,Manufacture of other rubber products n.e.c.,22199,2219,221,Manufacture of rubber and plastics products,Manufacturing
485,Other rubber products n.e.c. related business activity,22199,2219,221,Manufacture of rubber and plastics products,Manufacturing
485,Services related to other rubber products n.e.c.,22199,2219,221,Manufacture of rubber and plastics products,Manufacturing
486,"Manufacture of semi-finished of plastic products (plastic plates, sheets, blocks, film, foil, strip etc.)",22201,2220,222,Manufacture of rubber and plastics products,Manufacturing
486,"Semi-finished plastic products (plastic plates, sheets, blocks, film, foil, strip etc.) related business activity",22201,2220,222,Manufacture of rubber and plastics products,Manufacturing
486,"Services related to semi-finished plastic products (plastic plates, sheets, blocks, film, foil, strip etc.)",22201,2220,222,Manufacture of rubber and plastics products,Manufacturing
487,"Manufacture of tableware, kitchenware and other household articles and toilet articles of plastic, including manufacture of vacuum flasks and other vacuum vessels",22202,2220,222,Manufacture of rubber and plastics products,Manufacturing
487,"Tableware, kitchenware and other household articles and toilet articles plastic, including vacuum flasks and other vacuum vessels related business activity",22202,2220,222,Manufacture of rubber and plastics products,Manufacturing
487,"Services related to tableware, kitchenware and other household articles and toilet articles plastic, including vacuum flasks and other vacuum vessels",22202,2220,222,Manufacture of rubber and plastics products,Manufacturing
488,"Manufacture of plastic articles for the packing of goods (plastic bags, sacks, containers, boxes, cases, carboys, bottles etc.)",22203,2220,222,Manufacture of rubber and plastics products,Manufacturing
488,"Plastic articles for the packing goods (plastic bags, sacks, containers, boxes, cases, carboys, bottles etc.) related business activity",22203,2220,222,Manufacture of rubber and plastics products,Manufacturing
488,"Services related to plastic articles for the packing goods (plastic bags, sacks, containers, boxes, cases, carboys, bottles etc.)",22203,2220,222,Manufacture of rubber and plastics products,Manufacturing
489,"Manufacture of bathing tubs, wash-basins, lavatory pans and covers, flushing cisterns and similar sanitary-ware of plastics",22204,2220,222,Manufacture of rubber and plastics products,Manufacturing
489,"Bathing tubs, wash-basins, lavatory pans and covers, flushing cisterns and similar sanitary-ware plastics related business activity",22204,2220,222,Manufacture of rubber and plastics products,Manufacturing
489,"Services related to bathing tubs, wash-basins, lavatory pans and covers, flushing cisterns and similar sanitary-ware plastics",22204,2220,222,Manufacture of rubber and plastics products,Manufacturing
490,"Manufacture of travel goods of plastics (suitcase, vanity bags, holdalls and similar articles)",22205,2220,222,Manufacture of rubber and plastics products,Manufacturing
490,"Travel goods plastics (suitcase, vanity bags, holdalls and similar articles) related business activity",22205,2220,222,Manufacture of rubber and plastics products,Manufacturing
490,"Services related to travel goods plastics (suitcase, vanity bags, holdalls and similar articles)",22205,2220,222,Manufacture of rubber and plastics products,Manufacturing
491,Manufacture of spectacle frames of plastic,22206,2220,222,Manufacture of rubber and plastics products,Manufacturing
491,Spectacle frames plastic related business activity,22206,2220,222,Manufacture of rubber and plastics products,Manufacturing
491,Services related to spectacle frames plastic,22206,2220,222,Manufacture of rubber and plastics products,Manufacturing
492,Manufacture of moulded industrial accessories of plastics [including electrical insulating fittings of plastics],22207,2220,222,Manufacture of rubber and plastics products,Manufacturing
492,Moulded industrial accessories plastics [including electrical insulating fittings plastics] related business activity,22207,2220,222,Manufacture of rubber and plastics products,Manufacturing
492,Services related to moulded industrial accessories plastics [including electrical insulating fittings plastics],22207,2220,222,Manufacture of rubber and plastics products,Manufacturing
493,Manufacture of polymer/ synthetic / PVC water storage tanks,22208,2220,222,Manufacture of rubber and plastics products,Manufacturing
493,Polymer/ synthetic / pvc water storage tanks related business activity,22208,2220,222,Manufacture of rubber and plastics products,Manufacturing
493,Services related to polymer/ synthetic / pvc water storage tanks,22208,2220,222,Manufacture of rubber and plastics products,Manufacturing
494,Manufacture of other plastics products n.e.c.,22209,2220,222,Manufacture of rubber and plastics products,Manufacturing
494,Other plastics products n.e.c. related business activity,22209,2220,222,Manufacture of rubber and plastics products,Manufacturing
494,Services related to other plastics products n.e.c.,22209,2220,222,Manufacture of rubber and plastics products,Manufacturing
495,"Manufacture of glass in primary or semi-manufactured forms (such as sheets & plate glass) including mirror sheets and wired, coloured, tinted, toughened or laminated glass",23101,2310,231,Manufacture of other non-metallic mineral products,Manufacturing
495,"Glass in primary or semi-manufactured forms (such as sheets & plate glass) including mirror sheets and wired, coloured, tinted, toughened or laminated glass related business activity",23101,2310,231,Manufacture of other non-metallic mineral products,Manufacturing
495,"Services related to glass in primary or semi-manufactured forms (such as sheets & plate glass) including mirror sheets and wired, coloured, tinted, toughened or laminated glass",23101,2310,231,Manufacture of other non-metallic mineral products,Manufacturing
496,"Manufacture of glass fibre (including glass-wool) and yarn of glass fibre; nonwoven glass fabrics, mats, boards and similar non-woven products",23102,2310,231,Manufacture of other non-metallic mineral products,Manufacturing
496,"Glass fibre (including glass-wool) and yarn glass fibre; nonwoven glass fabrics, mats, boards and similar non-woven products related business activity",23102,2310,231,Manufacture of other non-metallic mineral products,Manufacturing
496,"Services related to glass fibre (including glass-wool) and yarn glass fibre; nonwoven glass fabrics, mats, boards and similar non-woven products",23102,2310,231,Manufacture of other non-metallic mineral products,Manufacturing
497,"Manufacture of hollow glassware (bottles, jars etc.) for the conveyance or packing of goods",23103,2310,231,Manufacture of other non-metallic mineral products,Manufacturing
497,"Hollow glassware (bottles, jars etc.) for the conveyance or packing goods related business activity",23103,2310,231,Manufacture of other non-metallic mineral products,Manufacturing
497,"Services related to hollow glassware (bottles, jars etc.) for the conveyance or packing goods",23103,2310,231,Manufacture of other non-metallic mineral products,Manufacturing
498,Manufacture of laboratory or pharmaceutical glassware,23104,2310,231,Manufacture of other non-metallic mineral products,Manufacturing
498,Laboratory or pharmaceutical glassware related business activity,23104,2310,231,Manufacture of other non-metallic mineral products,Manufacturing
498,Services related to laboratory or pharmaceutical glassware,23104,2310,231,Manufacture of other non-metallic mineral products,Manufacturing
499,Manufacture of table or kitchen glassware,23105,2310,231,Manufacture of other non-metallic mineral products,Manufacturing
499,Table or kitchen glassware related business activity,23105,2310,231,Manufacture of other non-metallic mineral products,Manufacturing
499,Services related to table or kitchen glassware,23105,2310,231,Manufacture of other non-metallic mineral products,Manufacturing
500,Manufacture of glass bangles,23106,2310,231,Manufacture of other non-metallic mineral products,Manufacturing
500,Glass bangles related business activity,23106,2310,231,Manufacture of other non-metallic mineral products,Manufacturing
500,Services related to glass bangles,23106,2310,231,Manufacture of other non-metallic mineral products,Manufacturing
501,Manufacture of glass decoration pieces and glassware used in imitation jewellery,23107,2310,231,Manufacture of other non-metallic mineral products,Manufacturing
501,Glass decoration pieces and glassware used in imitation jewellery related business activity,23107,2310,231,Manufacture of other non-metallic mineral products,Manufacturing
501,Services related to glass decoration pieces and glassware used in imitation jewellery,23107,2310,231,Manufacture of other non-metallic mineral products,Manufacturing
502,"Manufacture of other glassware/glass products: articles of glass used in construction such as glass blocks; clock or watch glasses, optical glass and optical glass elements not optically worked; and other glass products (including glass beads) n.e.c.",23109,2310,231,Manufacture of other non-metallic mineral products,Manufacturing
502,"Other glassware/glass products: articles glass used in construction such as glass blocks; clock or watch glasses, optical glass and optical glass elements not optically worked; and other glass products (including glass beads) n.e.c. related business activity",23109,2310,231,Manufacture of other non-metallic mineral products,Manufacturing
502,"Services related to other glassware/glass products: articles glass used in construction such as glass blocks; clock or watch glasses, optical glass and optical glass elements not optically worked; and other glass products (including glass beads) n.e.c.",23109,2310,231,Manufacture of other non-metallic mineral products,Manufacturing
503,"Manufacture of refractory mortars, concretes etc.",23911,2391,239,Manufacture of other non-metallic mineral products,Manufacturing
503,"Refractory mortars, concretes etc. related business activity",23911,2391,239,Manufacture of other non-metallic mineral products,Manufacturing
503,"Services related to refractory mortars, concretes etc.",23911,2391,239,Manufacture of other non-metallic mineral products,Manufacturing
504,"Manufacture of refractory bricks, blocks tiles and similar refractory ceramic constructional goods",23912,2391,239,Manufacture of other non-metallic mineral products,Manufacturing
504,"Refractory bricks, blocks tiles and similar refractory ceramic constructional goods related business activity",23912,2391,239,Manufacture of other non-metallic mineral products,Manufacturing
504,"Services related to refractory bricks, blocks tiles and similar refractory ceramic constructional goods",23912,2391,239,Manufacture of other non-metallic mineral products,Manufacturing
505,Manufacture of refractory ceramic products,23913,2391,239,Manufacture of other non-metallic mineral products,Manufacturing
505,Refractory ceramic products related business activity,23913,2391,239,Manufacture of other non-metallic mineral products,Manufacturing
505,Services related to refractory ceramic products,23913,2391,239,Manufacture of other non-metallic mineral products,Manufacturing
506,Manufacture of other refractory articles n.e.c.,23919,2391,239,Manufacture of other non-metallic mineral products,Manufacturing
506,Other refractory articles n.e.c. related business activity,23919,2391,239,Manufacture of other non-metallic mineral products,Manufacturing
506,Services related to other refractory articles n.e.c.,23919,2391,239,Manufacture of other non-metallic mineral products,Manufacturing
507,Manufacture of bricks,23921,2392,239,Manufacture of other non-metallic mineral products,Manufacturing
507,Bricks related business activity,23921,2392,239,Manufacture of other non-metallic mineral products,Manufacturing
507,Services related to bricks,23921,2392,239,Manufacture of other non-metallic mineral products,Manufacturing
508,"Manufacture of non-refractory ceramic sanitary wares: sinks, baths, water- closet pans, flushing cistern etc.",23922,2392,239,Manufacture of other non-metallic mineral products,Manufacturing
508,"Non-refractory ceramic sanitary wares: sinks, baths, water- closet pans, flushing cistern etc. related business activity",23922,2392,239,Manufacture of other non-metallic mineral products,Manufacturing
508,"Services related to non-refractory ceramic sanitary wares: sinks, baths, water- closet pans, flushing cistern etc.",23922,2392,239,Manufacture of other non-metallic mineral products,Manufacturing
509,"Manufacture of non-refractory ceramic pipes, conduits, guttering and pipe fittings",23923,2392,239,Manufacture of other non-metallic mineral products,Manufacturing
509,"Non-refractory ceramic pipes, conduits, guttering and pipe fittings related business activity",23923,2392,239,Manufacture of other non-metallic mineral products,Manufacturing
509,"Services related to non-refractory ceramic pipes, conduits, guttering and pipe fittings",23923,2392,239,Manufacture of other non-metallic mineral products,Manufacturing
510,Manufacture of other clay building materials,23929,2392,239,Manufacture of other non-metallic mineral products,Manufacturing
510,Other clay building materials related business activity,23929,2392,239,Manufacture of other non-metallic mineral products,Manufacturing
510,Services related to other clay building materials,23929,2392,239,Manufacture of other non-metallic mineral products,Manufacturing
511,"Manufacture of articles of porcelain or china, earthenware, imitation porcelain or common pottery, including earthen statues",23931,2393,239,Manufacture of other non-metallic mineral products,Manufacturing
511,"Articles porcelain or china, earthenware, imitation porcelain or common pottery, including earthen statues related business activity",23931,2393,239,Manufacture of other non-metallic mineral products,Manufacturing
511,"Services related to articles porcelain or china, earthenware, imitation porcelain or common pottery, including earthen statues",23931,2393,239,Manufacture of other non-metallic mineral products,Manufacturing
512,Manufacture of ceramic tableware and other domestic or toilet articles,23932,2393,239,Manufacture of other non-metallic mineral products,Manufacturing
512,Ceramic tableware and other domestic or toilet articles related business activity,23932,2393,239,Manufacture of other non-metallic mineral products,Manufacturing
512,Services related to ceramic tableware and other domestic or toilet articles,23932,2393,239,Manufacture of other non-metallic mineral products,Manufacturing
513,Manufacture of statuettes and other ornamental ceramic articles,23933,2393,239,Manufacture of other non-metallic mineral products,Manufacturing
513,Statuettes and other ornamental ceramic articles related business activity,23933,2393,239,Manufacture of other non-metallic mineral products,Manufacturing
513,Services related to statuettes and other ornamental ceramic articles,23933,2393,239,Manufacture of other non-metallic mineral products,Manufacturing
514,Manufacture of electrical insulators and insulating fittings of ceramics,23934,2393,239,Manufacture of other non-metallic mineral products,Manufacturing
514,Electrical insulators and insulating fittings ceramics related business activity,23934,2393,239,Manufacture of other non-metallic mineral products,Manufacturing
514,Services related to electrical insulators and insulating fittings ceramics,23934,2393,239,Manufacture of other non-metallic mineral products,Manufacturing
515,"Manufacture of ceramic laboratory, chemical and industrial products",23935,2393,239,Manufacture of other non-metallic mineral products,Manufacturing
515,"Ceramic laboratory, chemical and industrial products related business activity",23935,2393,239,Manufacture of other non-metallic mineral products,Manufacturing
515,"Services related to ceramic laboratory, chemical and industrial products",23935,2393,239,Manufacture of other non-metallic mineral products,Manufacturing
516,Manufacture of ceramic products n.e.c.,23939,2393,239,Manufacture of other non-metallic mineral products,Manufacturing
516,Ceramic products n.e.c. related business activity,23939,2393,239,Manufacture of other non-metallic mineral products,Manufacturing
516,Services related to ceramic products n.e.c.,23939,2393,239,Manufacture of other non-metallic mineral products,Manufacturing
517,Manufacture of clinkers and cement,23941,2394,239,Manufacture of other non-metallic mineral products,Manufacturing
517,Clinkers and cement related business activity,23941,2394,239,Manufacture of other non-metallic mineral products,Manufacturing
517,Services related to clinkers and cement,23941,2394,239,Manufacture of other non-metallic mineral products,Manufacturing
518,"Manufacture of portland cement, aluminous cement, slag cement and similar hydraulic cement",23942,2394,239,Manufacture of other non-metallic mineral products,Manufacturing
518,"Portland cement, aluminous cement, slag cement and similar hydraulic cement related business activity",23942,2394,239,Manufacture of other non-metallic mineral products,Manufacturing
518,"Services related to portland cement, aluminous cement, slag cement and similar hydraulic cement",23942,2394,239,Manufacture of other non-metallic mineral products,Manufacturing
519,Manufacture of asbestos cement,23943,2394,239,Manufacture of other non-metallic mineral products,Manufacturing
519,Asbestos cement related business activity,23943,2394,239,Manufacture of other non-metallic mineral products,Manufacturing
519,Services related to asbestos cement,23943,2394,239,Manufacture of other non-metallic mineral products,Manufacturing
520,"Manufacture of quicklime, slaked lime and hydraulic lime (excluding chewing lime)",23944,2394,239,Manufacture of other non-metallic mineral products,Manufacturing
520,"Quicklime, slaked lime and hydraulic lime (excluding chewing lime) related business activity",23944,2394,239,Manufacture of other non-metallic mineral products,Manufacturing
520,"Services related to quicklime, slaked lime and hydraulic lime (excluding chewing lime)",23944,2394,239,Manufacture of other non-metallic mineral products,Manufacturing
521,Manufacture of plasters of calcined gypsum or calcined sulphate,23945,2394,239,Manufacture of other non-metallic mineral products,Manufacturing
521,Plasters calcined gypsum or calcined sulphate related business activity,23945,2394,239,Manufacture of other non-metallic mineral products,Manufacturing
521,Services related to plasters calcined gypsum or calcined sulphate,23945,2394,239,Manufacture of other non-metallic mineral products,Manufacturing
522,Manufacture of other cement and plaster n.e.c.,23949,2394,239,Manufacture of other non-metallic mineral products,Manufacturing
522,Other cement and plaster n.e.c. related business activity,23949,2394,239,Manufacture of other non-metallic mineral products,Manufacturing
522,Services related to other cement and plaster n.e.c.,23949,2394,239,Manufacture of other non-metallic mineral products,Manufacturing
523,Manufacture of plaster statues and other plaster products,23951,2395,239,Manufacture of other non-metallic mineral products,Manufacturing
523,Plaster statues and other plaster products related business activity,23951,2395,239,Manufacture of other non-metallic mineral products,Manufacturing
523,Services related to plaster statues and other plaster products,23951,2395,239,Manufacture of other non-metallic mineral products,Manufacturing
524,"Manufacture of articles articles of concrete, cement or artificial stone (tiles, bricks etc.)",23952,2395,239,Manufacture of other non-metallic mineral products,Manufacturing
524,"Articles articles concrete, cement or artificial stone (tiles, bricks etc.) related business activity",23952,2395,239,Manufacture of other non-metallic mineral products,Manufacturing
524,"Services related to articles articles concrete, cement or artificial stone (tiles, bricks etc.)",23952,2395,239,Manufacture of other non-metallic mineral products,Manufacturing
525,Manufacture of asbestos sheets,23953,2395,239,Manufacture of other non-metallic mineral products,Manufacturing
525,Asbestos sheets related business activity,23953,2395,239,Manufacture of other non-metallic mineral products,Manufacturing
525,Services related to asbestos sheets,23953,2395,239,Manufacture of other non-metallic mineral products,Manufacturing
526,Manufacture of R.C.C. bricks and blocks,23954,2395,239,Manufacture of other non-metallic mineral products,Manufacturing
526,R.c.c. bricks and blocks related business activity,23954,2395,239,Manufacture of other non-metallic mineral products,Manufacturing
526,Services related to r.c.c. bricks and blocks,23954,2395,239,Manufacture of other non-metallic mineral products,Manufacturing
527,Manufacture of hume pipes and other pre-fabricated structural components of cement and/or concrete for building or civil engineering,23955,2395,239,Manufacture of other non-metallic mineral products,Manufacturing
527,Hume pipes and other pre-fabricated structural components cement and/or concrete for building or civil engineering related business activity,23955,2395,239,Manufacture of other non-metallic mineral products,Manufacturing
527,Services related to hume pipes and other pre-fabricated structural components cement and/or concrete for building or civil engineering,23955,2395,239,Manufacture of other non-metallic mineral products,Manufacturing
528,"Manufacture of insulation boards of vegetable fibre, straw or wood waste, agglomerated with cement & other mineral binders.",23956,2395,239,Manufacture of other non-metallic mineral products,Manufacturing
528,"Insulation boards vegetable fibre, straw or wood waste, agglomerated with cement & other mineral binders. related business activity",23956,2395,239,Manufacture of other non-metallic mineral products,Manufacturing
528,"Services related to insulation boards vegetable fibre, straw or wood waste, agglomerated with cement & other mineral binders.",23956,2395,239,Manufacture of other non-metallic mineral products,Manufacturing
529,Manufacture of other cement and asbestos cement products n.e.c.,23959,2395,239,Manufacture of other non-metallic mineral products,Manufacturing
529,Other cement and asbestos cement products n.e.c. related business activity,23959,2395,239,Manufacture of other non-metallic mineral products,Manufacturing
529,Services related to other cement and asbestos cement products n.e.c.,23959,2395,239,Manufacture of other non-metallic mineral products,Manufacturing
530,"Cutting, shaping and finishing of stone",23960,2396,239,Manufacture of other non-metallic mineral products,Manufacturing
530,"Cutting, shaping and finishing stone related business activity",23960,2396,239,Manufacture of other non-metallic mineral products,Manufacturing
530,"Services related to cutting, shaping and finishing stone",23960,2396,239,Manufacture of other non-metallic mineral products,Manufacturing
531,Manufacture of worked mica and mica products,23991,2399,239,Manufacture of other non-metallic mineral products,Manufacturing
531,Worked mica and mica products related business activity,23991,2399,239,Manufacture of other non-metallic mineral products,Manufacturing
531,Services related to worked mica and mica products,23991,2399,239,Manufacture of other non-metallic mineral products,Manufacturing
532,Manufacture of gypsum boards,23992,2399,239,Manufacture of other non-metallic mineral products,Manufacturing
532,Gypsum boards related business activity,23992,2399,239,Manufacture of other non-metallic mineral products,Manufacturing
532,Services related to gypsum boards,23992,2399,239,Manufacture of other non-metallic mineral products,Manufacturing
533,"Manufacture of millstones, sharpening or polishing stones and natural or artificial abrasive products, including abrasive powder or grain on a base of textile material, paper, paper board or other material",23993,2399,239,Manufacture of other non-metallic mineral products,Manufacturing
533,"Millstones, sharpening or polishing stones and natural or artificial abrasive products, including abrasive powder or grain on a base textile material, paper, paper board or other material related business activity",23993,2399,239,Manufacture of other non-metallic mineral products,Manufacturing
533,"Services related to millstones, sharpening or polishing stones and natural or artificial abrasive products, including abrasive powder or grain on a base textile material, paper, paper board or other material",23993,2399,239,Manufacture of other non-metallic mineral products,Manufacturing
534,Manufacture of graphite products other than electrical articles,23994,2399,239,Manufacture of other non-metallic mineral products,Manufacturing
534,Graphite products other than electrical articles related business activity,23994,2399,239,Manufacture of other non-metallic mineral products,Manufacturing
534,Services related to graphite products other than electrical articles,23994,2399,239,Manufacture of other non-metallic mineral products,Manufacturing
535,Manufacture of other non-metallic mineral products n.e.c.,23999,2399,239,Manufacture of other non-metallic mineral products,Manufacturing
535,Other non-metallic mineral products n.e.c. related business activity,23999,2399,239,Manufacture of other non-metallic mineral products,Manufacturing
535,Services related to other non-metallic mineral products n.e.c.,23999,2399,239,Manufacture of other non-metallic mineral products,Manufacturing
536,"Manufacture of pig iron and spiegeleisen in pigs, blocks or other primary forms",24101,2410,241,Manufacture of basic metals,Manufacturing
536,"Pig iron and spiegeleisen in pigs, blocks or other primary forms related business activity",24101,2410,241,Manufacture of basic metals,Manufacturing
536,"Services related to pig iron and spiegeleisen in pigs, blocks or other primary forms",24101,2410,241,Manufacture of basic metals,Manufacturing
537,Manufacture of direct reduction of iron (sponge iron) and other spongy ferrous products,24102,2410,241,Manufacture of basic metals,Manufacturing
537,Direct reduction iron (sponge iron) and other spongy ferrous products related business activity,24102,2410,241,Manufacture of basic metals,Manufacturing
537,Services related to direct reduction iron (sponge iron) and other spongy ferrous products,24102,2410,241,Manufacture of basic metals,Manufacturing
538,"Manufacture of steel in ingots or other primary forms, and other semi- finished products of steel",24103,2410,241,Manufacture of basic metals,Manufacturing
538,"Steel in ingots or other primary forms, and other semi- finished products steel related business activity",24103,2410,241,Manufacture of basic metals,Manufacturing
538,"Services related to steel in ingots or other primary forms, and other semi- finished products steel",24103,2410,241,Manufacture of basic metals,Manufacturing
539,Manufacture of ferro-alloys,24104,2410,241,Manufacture of basic metals,Manufacturing
539,Ferro-alloys related business activity,24104,2410,241,Manufacture of basic metals,Manufacturing
539,Services related to ferro-alloys,24104,2410,241,Manufacture of basic metals,Manufacturing
540,Manufacture of hot-rolled and cold-rolled products of steel,24105,2410,241,Manufacture of basic metals,Manufacturing
540,Hot-rolled and cold-rolled products steel related business activity,24105,2410,241,Manufacture of basic metals,Manufacturing
540,Services related to hot-rolled and cold-rolled products steel,24105,2410,241,Manufacture of basic metals,Manufacturing
541,Manufacture of tube and tube fittings of basic iron and steel,24106,2410,241,Manufacture of basic metals,Manufacturing
541,Tube and tube fittings basic iron and steel related business activity,24106,2410,241,Manufacture of basic metals,Manufacturing
541,Services related to tube and tube fittings basic iron and steel,24106,2410,241,Manufacture of basic metals,Manufacturing
542,Manufacture of railway track materials (unassembled rails) of steel,24107,2410,241,Manufacture of basic metals,Manufacturing
542,Railway track materials (unassembled rails) steel related business activity,24107,2410,241,Manufacture of basic metals,Manufacturing
542,Services related to railway track materials (unassembled rails) steel,24107,2410,241,Manufacture of basic metals,Manufacturing
543,Manufacture of wire of steel by cold drawing or stretching,24108,2410,241,Manufacture of basic metals,Manufacturing
543,Wire steel by cold drawing or stretching related business activity,24108,2410,241,Manufacture of basic metals,Manufacturing
543,Services related to wire steel by cold drawing or stretching,24108,2410,241,Manufacture of basic metals,Manufacturing
544,Manufacture of other basic iron and steel n.e.c,24109,2410,241,Manufacture of basic metals,Manufacturing
544,Other basic iron and steel n.e.c related business activity,24109,2410,241,Manufacture of basic metals,Manufacturing
544,Services related to other basic iron and steel n.e.c,24109,2410,241,Manufacture of basic metals,Manufacturing
545,"Manufacture of Copper from ore, and other copper products and alloys",24201,2420,242,Manufacture of basic metals,Manufacturing
545,"Copper from ore, and other copper products and alloys related business activity",24201,2420,242,Manufacture of basic metals,Manufacturing
545,"Services related to copper from ore, and other copper products and alloys",24201,2420,242,Manufacture of basic metals,Manufacturing
546,Manufacture of Aluminium from alumina and by other methods and products of aluminium and alloys,24202,2420,242,Manufacture of basic metals,Manufacturing
546,Aluminium from alumina and by other methods and products aluminium and alloys related business activity,24202,2420,242,Manufacture of basic metals,Manufacturing
546,Services related to aluminium from alumina and by other methods and products aluminium and alloys,24202,2420,242,Manufacture of basic metals,Manufacturing
547,"Manufacturing of lead, zinc and tin products and alloys",24203,2420,242,Manufacture of basic metals,Manufacturing
547,"Manufacturing lead, zinc and tin products and alloys related business activity",24203,2420,242,Manufacture of basic metals,Manufacturing
547,"Services related to manufacturing lead, zinc and tin products and alloys",24203,2420,242,Manufacture of basic metals,Manufacturing
548,"Manufacturing of chrome, manganese and nickel products alloys",24204,2420,242,Manufacture of basic metals,Manufacturing
548,"Manufacturing chrome, manganese and nickel products alloys related business activity",24204,2420,242,Manufacture of basic metals,Manufacturing
548,"Services related to manufacturing chrome, manganese and nickel products alloys",24204,2420,242,Manufacture of basic metals,Manufacturing
549,"Production and refining of precious metals (such as gold, silver platinum etc.) and alloys",24205,2420,242,Manufacture of basic metals,Manufacturing
549,"And refining precious metals (such as gold, silver platinum etc.) and alloys related business activity",24205,2420,242,Manufacture of basic metals,Manufacturing
549,"Services related to and refining precious metals (such as gold, silver platinum etc.) and alloys",24205,2420,242,Manufacture of basic metals,Manufacturing
550,Manufacture of other non-ferrous metals n.e.c.,24209,2420,242,Manufacture of basic metals,Manufacturing
550,Other non-ferrous metals n.e.c. related business activity,24209,2420,242,Manufacture of basic metals,Manufacturing
550,Services related to other non-ferrous metals n.e.c.,24209,2420,242,Manufacture of basic metals,Manufacturing
551,"Manufacture of tubes, pipes and hollow profiles and of tube or pipe fittings of cast-iron/cast-steel",24311,2431,243,Manufacture of basic metals,Manufacturing
551,"Tubes, pipes and hollow profiles and tube or pipe fittings cast-iron/cast-steel related business activity",24311,2431,243,Manufacture of basic metals,Manufacturing
551,"Services related to tubes, pipes and hollow profiles and tube or pipe fittings cast-iron/cast-steel",24311,2431,243,Manufacture of basic metals,Manufacturing
552,Manufacture of other iron and steel casting and products thereof,24319,2431,243,Manufacture of basic metals,Manufacturing
552,Other iron and steel casting and products thereof related business activity,24319,2431,243,Manufacture of basic metals,Manufacturing
552,Services related to other iron and steel casting and products thereof,24319,2431,243,Manufacture of basic metals,Manufacturing
553,Casting of non-ferrous metals,24320,2432,243,Manufacture of basic metals,Manufacturing
553,Casting non-ferrous metals related business activity,24320,2432,243,Manufacture of basic metals,Manufacturing
553,Services related to casting non-ferrous metals,24320,2432,243,Manufacture of basic metals,Manufacturing
554,"Manufacture of doors, windows and their frames, shutters and rolling shutters, gates and similer articles used on buildings",25111,2511,251,"Manufacture of fabricated metal products, except machinery and equipment",Manufacturing
554,"Doors, windows and their frames, shutters and rolling shutters, gates and similer articles used on buildings related business activity",25111,2511,251,"Manufacture of fabricated metal products, except machinery and equipment",Manufacturing
554,"Services related to doors, windows and their frames, shutters and rolling shutters, gates and similer articles used on buildings",25111,2511,251,"Manufacture of fabricated metal products, except machinery and equipment",Manufacturing
555,"Manufacture of metal frameworks or skeletons for construction and parts thereof ((towers, masts, trusses, bridges etc.)",25112,2511,251,"Manufacture of fabricated metal products, except machinery and equipment",Manufacturing
555,"Metal frameworks or skeletons for construction and parts there((towers, masts, trusses, bridges etc.) related business activity",25112,2511,251,"Manufacture of fabricated metal products, except machinery and equipment",Manufacturing
555,"Services related to metal frameworks or skeletons for construction and parts there((towers, masts, trusses, bridges etc.)",25112,2511,251,"Manufacture of fabricated metal products, except machinery and equipment",Manufacturing
556,"Manufacture of industrial frameworks in metal (frameworks for blast furnaces, lifting and handling equipment etc.)",25113,2511,251,"Manufacture of fabricated metal products, except machinery and equipment",Manufacturing
556,"Industrial frameworks in metal (frameworks for blast furnaces, lifting and handling equipment etc.) related business activity",25113,2511,251,"Manufacture of fabricated metal products, except machinery and equipment",Manufacturing
556,"Services related to industrial frameworks in metal (frameworks for blast furnaces, lifting and handling equipment etc.)",25113,2511,251,"Manufacture of fabricated metal products, except machinery and equipment",Manufacturing
557,Manufacture of other structural metal products,25119,2511,251,"Manufacture of fabricated metal products, except machinery and equipment",Manufacturing
557,Other structural metal products related business activity,25119,2511,251,"Manufacture of fabricated metal products, except machinery and equipment",Manufacturing
557,Services related to other structural metal products,25119,2511,251,"Manufacture of fabricated metal products, except machinery and equipment",Manufacturing
558,Manufacture of metal containers for compressed or liquefied gas,25121,2512,251,"Manufacture of fabricated metal products, except machinery and equipment",Manufacturing
558,Metal containers for compressed or liquefied gas related business activity,25121,2512,251,"Manufacture of fabricated metal products, except machinery and equipment",Manufacturing
558,Services related to metal containers for compressed or liquefied gas,25121,2512,251,"Manufacture of fabricated metal products, except machinery and equipment",Manufacturing
559,"Manufacture of metal reservoirs, tanks and similar containers",25122,2512,251,"Manufacture of fabricated metal products, except machinery and equipment",Manufacturing
559,"Metal reservoirs, tanks and similar containers related business activity",25122,2512,251,"Manufacture of fabricated metal products, except machinery and equipment",Manufacturing
559,"Services related to metal reservoirs, tanks and similar containers",25122,2512,251,"Manufacture of fabricated metal products, except machinery and equipment",Manufacturing
560,Manufacture of central heating boilers and radiators and parts and accessories thereof,25123,2512,251,"Manufacture of fabricated metal products, except machinery and equipment",Manufacturing
560,Central heating boilers and radiators and parts and accessories thereof related business activity,25123,2512,251,"Manufacture of fabricated metal products, except machinery and equipment",Manufacturing
560,Services related to central heating boilers and radiators and parts and accessories thereof,25123,2512,251,"Manufacture of fabricated metal products, except machinery and equipment",Manufacturing
561,Manufacture of other containers n.e.c.,25129,2512,251,"Manufacture of fabricated metal products, except machinery and equipment",Manufacturing
561,Other containers n.e.c. related business activity,25129,2512,251,"Manufacture of fabricated metal products, except machinery and equipment",Manufacturing
561,Services related to other containers n.e.c.,25129,2512,251,"Manufacture of fabricated metal products, except machinery and equipment",Manufacturing
562,Manufacture of steam or other vapour generating boilers and hot water boilers other than central heating boilers,25131,2513,251,"Manufacture of fabricated metal products, except machinery and equipment",Manufacturing
562,Steam or other vapour generating boilers and hot water boilers other than central heating boilers related business activity,25131,2513,251,"Manufacture of fabricated metal products, except machinery and equipment",Manufacturing
562,Services related to steam or other vapour generating boilers and hot water boilers other than central heating boilers,25131,2513,251,"Manufacture of fabricated metal products, except machinery and equipment",Manufacturing
563,"Manufacture of nuclear reactors, except isotope separators",25132,2513,251,"Manufacture of fabricated metal products, except machinery and equipment",Manufacturing
563,"Nuclear reactors, except isotope separators related business activity",25132,2513,251,"Manufacture of fabricated metal products, except machinery and equipment",Manufacturing
563,"Services related to nuclear reactors, except isotope separators",25132,2513,251,"Manufacture of fabricated metal products, except machinery and equipment",Manufacturing
564,"Manufacture of auxiliary plant for use with steam generators (condensers, economizers, superheaters, steam collectors and accumulators)",25133,2513,251,"Manufacture of fabricated metal products, except machinery and equipment",Manufacturing
564,"Auxiliary plant for use with steam generators (condensers, economizers, superheaters, steam collectors and accumulators) related business activity",25133,2513,251,"Manufacture of fabricated metal products, except machinery and equipment",Manufacturing
564,"Services related to auxiliary plant for use with steam generators (condensers, economizers, superheaters, steam collectors and accumulators)",25133,2513,251,"Manufacture of fabricated metal products, except machinery and equipment",Manufacturing
565,"Manufacture of other steam generators (except central heating hot water boilers), n.e.c.",25139,2513,251,"Manufacture of fabricated metal products, except machinery and equipment",Manufacturing
565,"Other steam generators (except central heating hot water boilers), n.e.c. related business activity",25139,2513,251,"Manufacture of fabricated metal products, except machinery and equipment",Manufacturing
565,"Services related to other steam generators (except central heating hot water boilers), n.e.c.",25139,2513,251,"Manufacture of fabricated metal products, except machinery and equipment",Manufacturing
566,Manufacture of weapons and ammunition,25200,2520,252,"Manufacture of fabricated metal products, except machinery and equipment",Manufacturing
566,Weapons and ammunition related business activity,25200,2520,252,"Manufacture of fabricated metal products, except machinery and equipment",Manufacturing
566,Services related to weapons and ammunition,25200,2520,252,"Manufacture of fabricated metal products, except machinery and equipment",Manufacturing
567,"Forging, pressing, stamping and roll-forming of metal; powder metallurgy",25910,2591,259,"Manufacture of fabricated metal products, except machinery and equipment",Manufacturing
567,"Forging, pressing, stamping and roll-forming metal; powder metallurgy related business activity",25910,2591,259,"Manufacture of fabricated metal products, except machinery and equipment",Manufacturing
567,"Services related to forging, pressing, stamping and roll-forming metal; powder metallurgy",25910,2591,259,"Manufacture of fabricated metal products, except machinery and equipment",Manufacturing
568,Machining; treatment and coating of metals,25920,2592,259,"Manufacture of fabricated metal products, except machinery and equipment",Manufacturing
568,Machining; treatment and coating metals related business activity,25920,2592,259,"Manufacture of fabricated metal products, except machinery and equipment",Manufacturing
568,Services related to machining; treatment and coating metals,25920,2592,259,"Manufacture of fabricated metal products, except machinery and equipment",Manufacturing
569,"Manufacture of cutlery such as knives, forks, spoons, cleavers, choppers, razors, razor blades, scissors, hair clippers etc.",25931,2593,259,"Manufacture of fabricated metal products, except machinery and equipment",Manufacturing
569,"Cutlery such as knives, forks, spoons, cleavers, choppers, razors, razor blades, scissors, hair clippers etc. related business activity",25931,2593,259,"Manufacture of fabricated metal products, except machinery and equipment",Manufacturing
569,"Services related to cutlery such as knives, forks, spoons, cleavers, choppers, razors, razor blades, scissors, hair clippers etc.",25931,2593,259,"Manufacture of fabricated metal products, except machinery and equipment",Manufacturing
570,Manufacture of hand tools (non-power-driven) for agricultural/horticulture/ forestry,25932,2593,259,"Manufacture of fabricated metal products, except machinery and equipment",Manufacturing
570,Hand tools (non-power-driven) for agricultural/horticulture/ forestry related business activity,25932,2593,259,"Manufacture of fabricated metal products, except machinery and equipment",Manufacturing
570,Services related to hand tools (non-power-driven) for agricultural/horticulture/ forestry,25932,2593,259,"Manufacture of fabricated metal products, except machinery and equipment",Manufacturing
571,"Manufacture of hand tools such as pliers, screwdrivers, press tools, blacksmithsÃ¢â¬â¢ tools, drills, punches, milling cutters etc.",25933,2593,259,"Manufacture of fabricated metal products, except machinery and equipment",Manufacturing
571,"Hand tools such as pliers, screwdrivers, press tools, blacksmithsã¢â¬â¢ tools, drills, punches, milling cutters etc. related business activity",25933,2593,259,"Manufacture of fabricated metal products, except machinery and equipment",Manufacturing
571,"Services related to hand tools such as pliers, screwdrivers, press tools, blacksmithsã¢â¬â¢ tools, drills, punches, milling cutters etc.",25933,2593,259,"Manufacture of fabricated metal products, except machinery and equipment",Manufacturing
572,"Manufacture of padlocks, locks, keys, hinges and the like, hardware for buildings, furniture, vehicles etc.",25934,2593,259,"Manufacture of fabricated metal products, except machinery and equipment",Manufacturing
572,"Padlocks, locks, keys, hinges and the like, hardware for buildings, furniture, vehicles etc. related business activity",25934,2593,259,"Manufacture of fabricated metal products, except machinery and equipment",Manufacturing
572,"Services related to padlocks, locks, keys, hinges and the like, hardware for buildings, furniture, vehicles etc.",25934,2593,259,"Manufacture of fabricated metal products, except machinery and equipment",Manufacturing
573,"Manufacture of general hardware (saws and sawblades, including circular sawblades and chainsaw blades, moulding boxes, vices, clamps etc.)",25939,2593,259,"Manufacture of fabricated metal products, except machinery and equipment",Manufacturing
573,"General hardware (saws and sawblades, including circular sawblades and chainsaw blades, moulding boxes, vices, clamps etc.) related business activity",25939,2593,259,"Manufacture of fabricated metal products, except machinery and equipment",Manufacturing
573,"Services related to general hardware (saws and sawblades, including circular sawblades and chainsaw blades, moulding boxes, vices, clamps etc.)",25939,2593,259,"Manufacture of fabricated metal products, except machinery and equipment",Manufacturing
574,"Manufacture of metal fasteners (nails, rivets, tacks, pins, staples, washers and similar non-threaded products and nuts, bolts, screws and other threaded products)",25991,2599,259,"Manufacture of fabricated metal products, except machinery and equipment",Manufacturing
574,"Metal fasteners (nails, rivets, tacks, pins, staples, washers and similar non-threaded products and nuts, bolts, screws and other threaded products) related business activity",25991,2599,259,"Manufacture of fabricated metal products, except machinery and equipment",Manufacturing
574,"Services related to metal fasteners (nails, rivets, tacks, pins, staples, washers and similar non-threaded products and nuts, bolts, screws and other threaded products)",25991,2599,259,"Manufacture of fabricated metal products, except machinery and equipment",Manufacturing
575,Manufacture of containers such as tins and cans for food products and boxes,25992,2599,259,"Manufacture of fabricated metal products, except machinery and equipment",Manufacturing
575,Containers such as tins and cans for food products and boxes related business activity,25992,2599,259,"Manufacture of fabricated metal products, except machinery and equipment",Manufacturing
575,Services related to containers such as tins and cans for food products and boxes,25992,2599,259,"Manufacture of fabricated metal products, except machinery and equipment",Manufacturing
576,Manufacture of metal cable and other articles made of wire (except for electric transmission),25993,2599,259,"Manufacture of fabricated metal products, except machinery and equipment",Manufacturing
576,Metal cable and other articles made wire (except for electric transmission) related business activity,25993,2599,259,"Manufacture of fabricated metal products, except machinery and equipment",Manufacturing
576,Services related to metal cable and other articles made wire (except for electric transmission),25993,2599,259,"Manufacture of fabricated metal products, except machinery and equipment",Manufacturing
577,"Manufacture of metal household articles (plates, saucers, pots, kettles, saucepans, frying pans and other non-electrical utensils, small hand-operated kitchen appliances and accessories)",25994,2599,259,"Manufacture of fabricated metal products, except machinery and equipment",Manufacturing
577,"Metal household articles (plates, saucers, pots, kettles, saucepans, frying pans and other non-electrical utensils, small hand-operated kitchen appliances and accessories) related business activity",25994,2599,259,"Manufacture of fabricated metal products, except machinery and equipment",Manufacturing
577,"Services related to metal household articles (plates, saucers, pots, kettles, saucepans, frying pans and other non-electrical utensils, small hand-operated kitchen appliances and accessories)",25994,2599,259,"Manufacture of fabricated metal products, except machinery and equipment",Manufacturing
578,"Manufacture of metal sanitaryware such as baths, sinks, washbasins and similar articles",25995,2599,259,"Manufacture of fabricated metal products, except machinery and equipment",Manufacturing
578,"Metal sanitaryware such as baths, sinks, washbasins and similar articles related business activity",25995,2599,259,"Manufacture of fabricated metal products, except machinery and equipment",Manufacturing
578,"Services related to metal sanitaryware such as baths, sinks, washbasins and similar articles",25995,2599,259,"Manufacture of fabricated metal products, except machinery and equipment",Manufacturing
579,"Manufacture of reinforced safes, vaults, strongroom doors, gates and metal goods for office use (other than office furniture) and other purposes",25996,2599,259,"Manufacture of fabricated metal products, except machinery and equipment",Manufacturing
579,"Reinforced safes, vaults, strongroom doors, gates and metal goods for office use (other than office furniture) and other purposes related business activity",25996,2599,259,"Manufacture of fabricated metal products, except machinery and equipment",Manufacturing
579,"Services related to reinforced safes, vaults, strongroom doors, gates and metal goods for office use (other than office furniture) and other purposes",25996,2599,259,"Manufacture of fabricated metal products, except machinery and equipment",Manufacturing
580,Manufacture of other fabricated metal products n.e.c.,25999,2599,259,"Manufacture of fabricated metal products, except machinery and equipment",Manufacturing
580,Other fabricated metal products n.e.c. related business activity,25999,2599,259,"Manufacture of fabricated metal products, except machinery and equipment",Manufacturing
580,Services related to other fabricated metal products n.e.c.,25999,2599,259,"Manufacture of fabricated metal products, except machinery and equipment",Manufacturing
581,"Manufacture of electronic capacitors, resistors, chokes, coils, trasformers (electronic) and similar components",26101,2610,261,"Manufacture of computer, electronic and optical products",Manufacturing
581,"Electronic capacitors, resistors, chokes, coils, trasformers (electronic) and similar components related business activity",26101,2610,261,"Manufacture of computer, electronic and optical products",Manufacturing
581,"Services related to electronic capacitors, resistors, chokes, coils, trasformers (electronic) and similar components",26101,2610,261,"Manufacture of computer, electronic and optical products",Manufacturing
582,"Manufacture of electron tubes, diodes, transistors and related discrete devices",26102,2610,261,"Manufacture of computer, electronic and optical products",Manufacturing
582,"Electron tubes, diodes, transistors and related discrete devices related business activity",26102,2610,261,"Manufacture of computer, electronic and optical products",Manufacturing
582,"Services related to electron tubes, diodes, transistors and related discrete devices",26102,2610,261,"Manufacture of computer, electronic and optical products",Manufacturing
583,"Manufacture of integrated circuits (analog, digital or hybrid)",26103,2610,261,"Manufacture of computer, electronic and optical products",Manufacturing
583,"Integrated circuits (analog, digital or hybrid) related business activity",26103,2610,261,"Manufacture of computer, electronic and optical products",Manufacturing
583,"Services related to integrated circuits (analog, digital or hybrid)",26103,2610,261,"Manufacture of computer, electronic and optical products",Manufacturing
584,"Manufacture of bare printed circuit boards, loading of components onto printed circuit boards; manufacture of interface cards (e.g. sound, video, controllers, network, modems)",26104,2610,261,"Manufacture of computer, electronic and optical products",Manufacturing
584,"Bare printed circuit boards, loading components onto printed circuit boards; interface cards (e.g. sound, video, controllers, network, modems) related business activity",26104,2610,261,"Manufacture of computer, electronic and optical products",Manufacturing
584,"Services related to bare printed circuit boards, loading components onto printed circuit boards; interface cards (e.g. sound, video, controllers, network, modems)",26104,2610,261,"Manufacture of computer, electronic and optical products",Manufacturing
585,"Manufacture of display components (plasma, polymer, LCD, LED)",26105,2610,261,"Manufacture of computer, electronic and optical products",Manufacturing
585,"Display components (plasma, polymer, lcd, led) related business activity",26105,2610,261,"Manufacture of computer, electronic and optical products",Manufacturing
585,"Services related to display components (plasma, polymer, lcd, led)",26105,2610,261,"Manufacture of computer, electronic and optical products",Manufacturing
586,"Manufacture of printer cables, monitor cables, USB cables, connectors etc.",26106,2610,261,"Manufacture of computer, electronic and optical products",Manufacturing
586,"Printer cables, monitor cables, usb cables, connectors etc. related business activity",26106,2610,261,"Manufacture of computer, electronic and optical products",Manufacturing
586,"Services related to printer cables, monitor cables, usb cables, connectors etc.",26106,2610,261,"Manufacture of computer, electronic and optical products",Manufacturing
587,Manufacture of microprocessors,26107,2610,261,"Manufacture of computer, electronic and optical products",Manufacturing
587,Microprocessors related business activity,26107,2610,261,"Manufacture of computer, electronic and optical products",Manufacturing
587,Services related to microprocessors,26107,2610,261,"Manufacture of computer, electronic and optical products",Manufacturing
588,Manufacture of other electronic components n.e.c,26109,2610,261,"Manufacture of computer, electronic and optical products",Manufacturing
588,Other electronic components n.e.c related business activity,26109,2610,261,"Manufacture of computer, electronic and optical products",Manufacturing
588,Services related to other electronic components n.e.c,26109,2610,261,"Manufacture of computer, electronic and optical products",Manufacturing
589,"Manufacture of desktop computers, laptop computers, hand-held computers (e.g. PDA), mainframe computers and computer servers",26201,2620,262,"Manufacture of computer, electronic and optical products",Manufacturing
589,"Desktop computers, laptop computers, hand-held computers (e.g. pda), mainframe computers and computer servers related business activity",26201,2620,262,"Manufacture of computer, electronic and optical products",Manufacturing
589,"Services related to desktop computers, laptop computers, hand-held computers (e.g. pda), mainframe computers and computer servers",26201,2620,262,"Manufacture of computer, electronic and optical products",Manufacturing
590,"Manufacture of magnetic and optical storage devices such as magnetic disk drives, flash drives, CD, DVD and other storage devices",26202,2620,262,"Manufacture of computer, electronic and optical products",Manufacturing
590,"Magnetic and optical storage devices such as magnetic disk drives, flash drives, cd, dvd and other storage devices related business activity",26202,2620,262,"Manufacture of computer, electronic and optical products",Manufacturing
590,"Services related to magnetic and optical storage devices such as magnetic disk drives, flash drives, cd, dvd and other storage devices",26202,2620,262,"Manufacture of computer, electronic and optical products",Manufacturing
591,"Manufacture of monitors, keyboards, all types of mice, joysticks, and trackball accessories, dedicated computer terminals etc.",26203,2620,262,"Manufacture of computer, electronic and optical products",Manufacturing
591,"Monitors, keyboards, all types mice, joysticks, and trackball accessories, dedicated computer terminals etc. related business activity",26203,2620,262,"Manufacture of computer, electronic and optical products",Manufacturing
591,"Services related to monitors, keyboards, all types mice, joysticks, and trackball accessories, dedicated computer terminals etc.",26203,2620,262,"Manufacture of computer, electronic and optical products",Manufacturing
592,"Manufacture of printers, scanners, including bar code scanners, smart card readers, virtual reality helmets, computer projectors (video beamers)",26204,2620,262,"Manufacture of computer, electronic and optical products",Manufacturing
592,"Printers, scanners, including bar code scanners, smart card readers, virtual reality helmets, computer projectors (video beamers) related business activity",26204,2620,262,"Manufacture of computer, electronic and optical products",Manufacturing
592,"Services related to printers, scanners, including bar code scanners, smart card readers, virtual reality helmets, computer projectors (video beamers)",26204,2620,262,"Manufacture of computer, electronic and optical products",Manufacturing
593,"Manufacture of computer terminals, like automatic teller machines (ATMÃ¢â¬â¢s), point-of-sale (POS) terminals not mechanically operated",26205,2620,262,"Manufacture of computer, electronic and optical products",Manufacturing
593,"Computer terminals, like automatic teller machines (atmã¢â¬â¢s), point-of-sale (pos) terminals not mechanically operated related business activity",26205,2620,262,"Manufacture of computer, electronic and optical products",Manufacturing
593,"Services related to computer terminals, like automatic teller machines (atmã¢â¬â¢s), point-of-sale (pos) terminals not mechanically operated",26205,2620,262,"Manufacture of computer, electronic and optical products",Manufacturing
594,Manufacture of computers and peripheral equipment n.e.c.,26209,2620,262,"Manufacture of computer, electronic and optical products",Manufacturing
594,Computers and peripheral equipment n.e.c. related business activity,26209,2620,262,"Manufacture of computer, electronic and optical products",Manufacturing
594,Services related to computers and peripheral equipment n.e.c.,26209,2620,262,"Manufacture of computer, electronic and optical products",Manufacturing
595,"Manufacture of radio and television studio and broadcasting equipment, including television cameras",26301,2630,263,"Manufacture of computer, electronic and optical products",Manufacturing
595,"Radio and television studio and broadcasting equipment, including television cameras related business activity",26301,2630,263,"Manufacture of computer, electronic and optical products",Manufacturing
595,"Services related to radio and television studio and broadcasting equipment, including television cameras",26301,2630,263,"Manufacture of computer, electronic and optical products",Manufacturing
596,"Manufacture of telephone and facsimile equipment, including telephone answering machines, PBX",26302,2630,263,"Manufacture of computer, electronic and optical products",Manufacturing
596,"Telephone and facsimile equipment, including telephone answering machines, pbx related business activity",26302,2630,263,"Manufacture of computer, electronic and optical products",Manufacturing
596,"Services related to telephone and facsimile equipment, including telephone answering machines, pbx",26302,2630,263,"Manufacture of computer, electronic and optical products",Manufacturing
597,"Manufacture of data communications equipment, such as bridges, routers, and gateways",26303,2630,263,"Manufacture of computer, electronic and optical products",Manufacturing
597,"Data communications equipment, such as bridges, routers, and gateways related business activity",26303,2630,263,"Manufacture of computer, electronic and optical products",Manufacturing
597,"Services related to data communications equipment, such as bridges, routers, and gateways",26303,2630,263,"Manufacture of computer, electronic and optical products",Manufacturing
598,"Manufacture of cable television equipment, transmitting and receiving antenna including dish, VSAT",26304,2630,263,"Manufacture of computer, electronic and optical products",Manufacturing
598,"Cable television equipment, transmitting and receiving antenna including dish, vsat related business activity",26304,2630,263,"Manufacture of computer, electronic and optical products",Manufacturing
598,"Services related to cable television equipment, transmitting and receiving antenna including dish, vsat",26304,2630,263,"Manufacture of computer, electronic and optical products",Manufacturing
599,"Manufacture of pagers, cellular phones and other mobile communication equipment",26305,2630,263,"Manufacture of computer, electronic and optical products",Manufacturing
599,"Pagers, cellular phones and other mobile communication equipment related business activity",26305,2630,263,"Manufacture of computer, electronic and optical products",Manufacturing
599,"Services related to pagers, cellular phones and other mobile communication equipment",26305,2630,263,"Manufacture of computer, electronic and optical products",Manufacturing
600,Manufacture of other communication equipments n.e.c.,26309,2630,263,"Manufacture of computer, electronic and optical products",Manufacturing
600,Other communication equipments n.e.c. related business activity,26309,2630,263,"Manufacture of computer, electronic and optical products",Manufacturing
600,Services related to other communication equipments n.e.c.,26309,2630,263,"Manufacture of computer, electronic and optical products",Manufacturing
601,"Manufacture of televisions, television monitors and displays",26401,2640,264,"Manufacture of computer, electronic and optical products",Manufacturing
601,"Televisions, television monitors and displays related business activity",26401,2640,264,"Manufacture of computer, electronic and optical products",Manufacturing
601,"Services related to televisions, television monitors and displays",26401,2640,264,"Manufacture of computer, electronic and optical products",Manufacturing
602,Manufacture video cassette recorders and duplicating equipment,26402,2640,264,"Manufacture of computer, electronic and optical products",Manufacturing
602,Video cassette recorders and duplicating equipment related business activity,26402,2640,264,"Manufacture of computer, electronic and optical products",Manufacturing
602,Services related to video cassette recorders and duplicating equipment,26402,2640,264,"Manufacture of computer, electronic and optical products",Manufacturing
603,Manufacture of audio recording and duplicating systems,26403,2640,264,"Manufacture of computer, electronic and optical products",Manufacturing
603,Audio recording and duplicating systems related business activity,26403,2640,264,"Manufacture of computer, electronic and optical products",Manufacturing
603,Services related to audio recording and duplicating systems,26403,2640,264,"Manufacture of computer, electronic and optical products",Manufacturing
604,Manufacture of radio receivers,26404,2640,264,"Manufacture of computer, electronic and optical products",Manufacturing
604,Radio receivers related business activity,26404,2640,264,"Manufacture of computer, electronic and optical products",Manufacturing
604,Services related to radio receivers,26404,2640,264,"Manufacture of computer, electronic and optical products",Manufacturing
605,"Manufacture of stereo equipment, speaker systems, amplifiers for musical instruments and public address systems, microphones, karaoke machines, headphones (e.g. radio, stereo, computer)",26405,2640,264,"Manufacture of computer, electronic and optical products",Manufacturing
605,"Stereo equipment, speaker systems, amplifiers for musical instruments and public address systems, microphones, karaoke machines, headphones (e.g. radio, stereo, computer) related business activity",26405,2640,264,"Manufacture of computer, electronic and optical products",Manufacturing
605,"Services related to stereo equipment, speaker systems, amplifiers for musical instruments and public address systems, microphones, karaoke machines, headphones (e.g. radio, stereo, computer)",26405,2640,264,"Manufacture of computer, electronic and optical products",Manufacturing
606,Manufacture of CD and DVD players,26406,2640,264,"Manufacture of computer, electronic and optical products",Manufacturing
606,Cd and dvd players related business activity,26406,2640,264,"Manufacture of computer, electronic and optical products",Manufacturing
606,Services related to cd and dvd players,26406,2640,264,"Manufacture of computer, electronic and optical products",Manufacturing
607,Manufacture of other electronic consumer goods n.e.c. (this includes non- television video camera),26409,2640,264,"Manufacture of computer, electronic and optical products",Manufacturing
607,Other electronic consumer goods n.e.c. (this includes non- television video camera) related business activity,26409,2640,264,"Manufacture of computer, electronic and optical products",Manufacturing
607,Services related to other electronic consumer goods n.e.c. (this includes non- television video camera),26409,2640,264,"Manufacture of computer, electronic and optical products",Manufacturing
608,Manufacture of physical properties testing and inspection equipment,26511,2651,265,"Manufacture of computer, electronic and optical products",Manufacturing
608,Physical properties testing and inspection equipment related business activity,26511,2651,265,"Manufacture of computer, electronic and optical products",Manufacturing
608,Services related to physical properties testing and inspection equipment,26511,2651,265,"Manufacture of computer, electronic and optical products",Manufacturing
609,Manufacture of automotive emissions testing equipment,26512,2651,265,"Manufacture of computer, electronic and optical products",Manufacturing
609,Automotive emissions testing equipment related business activity,26512,2651,265,"Manufacture of computer, electronic and optical products",Manufacturing
609,Services related to automotive emissions testing equipment,26512,2651,265,"Manufacture of computer, electronic and optical products",Manufacturing
610,"Manufacture of consumption meters for electricity, water or gas, flow meters and counting meters",26513,2651,265,"Manufacture of computer, electronic and optical products",Manufacturing
610,"Consumption meters for electricity, water or gas, flow meters and counting meters related business activity",26513,2651,265,"Manufacture of computer, electronic and optical products",Manufacturing
610,"Services related to consumption meters for electricity, water or gas, flow meters and counting meters",26513,2651,265,"Manufacture of computer, electronic and optical products",Manufacturing
611,Manufacture of meteorological instruments,26514,2651,265,"Manufacture of computer, electronic and optical products",Manufacturing
611,Meteorological instruments related business activity,26514,2651,265,"Manufacture of computer, electronic and optical products",Manufacturing
611,Services related to meteorological instruments,26514,2651,265,"Manufacture of computer, electronic and optical products",Manufacturing
612,"Manufacture of radar equipment, GPS devices, search, detection, navigation, aeronautical and nautical equipment",26515,2651,265,"Manufacture of computer, electronic and optical products",Manufacturing
612,"Radar equipment, gps devices, search, detection, navigation, aeronautical and nautical equipment related business activity",26515,2651,265,"Manufacture of computer, electronic and optical products",Manufacturing
612,"Services related to radar equipment, gps devices, search, detection, navigation, aeronautical and nautical equipment",26515,2651,265,"Manufacture of computer, electronic and optical products",Manufacturing
613,"Manufacture of laboratory analytical instruments and miscellaneous laboratory apparatus for measuring and testing such as scales, balances, incubators etc.",26516,2651,265,"Manufacture of computer, electronic and optical products",Manufacturing
613,"Laboratory analytical instruments and miscellaneous laboratory apparatus for measuring and testing such as scales, balances, incubators etc. related business activity",26516,2651,265,"Manufacture of computer, electronic and optical products",Manufacturing
613,"Services related to laboratory analytical instruments and miscellaneous laboratory apparatus for measuring and testing such as scales, balances, incubators etc.",26516,2651,265,"Manufacture of computer, electronic and optical products",Manufacturing
614,Manufacture of industrial process control equipment,26517,2651,265,"Manufacture of computer, electronic and optical products",Manufacturing
614,Industrial process control equipment related business activity,26517,2651,265,"Manufacture of computer, electronic and optical products",Manufacturing
614,Services related to industrial process control equipment,26517,2651,265,"Manufacture of computer, electronic and optical products",Manufacturing
615,Manufacture of other measuring n.e.c.,26519,2651,265,"Manufacture of computer, electronic and optical products",Manufacturing
615,Other measuring n.e.c. related business activity,26519,2651,265,"Manufacture of computer, electronic and optical products",Manufacturing
615,Services related to other measuring n.e.c.,26519,2651,265,"Manufacture of computer, electronic and optical products",Manufacturing
616,"Manufacture of watches and clocks, including instrument panel clocks (except time-recording equipment)",26521,2652,265,"Manufacture of computer, electronic and optical products",Manufacturing
616,"Watches and clocks, including instrument panel clocks (except time-recording equipment) related business activity",26521,2652,265,"Manufacture of computer, electronic and optical products",Manufacturing
616,"Services related to watches and clocks, including instrument panel clocks (except time-recording equipment)",26521,2652,265,"Manufacture of computer, electronic and optical products",Manufacturing
617,"Manufacture of components for clocks and watches (springs, jewels, dials, hands, plates, bridges and other parts); watch and clock cases, including cases of precious metals",26522,2652,265,"Manufacture of computer, electronic and optical products",Manufacturing
617,"Components for clocks and watches (springs, jewels, dials, hands, plates, bridges and other parts); watch and clock cases, including cases precious metals related business activity",26522,2652,265,"Manufacture of computer, electronic and optical products",Manufacturing
617,"Services related to components for clocks and watches (springs, jewels, dials, hands, plates, bridges and other parts); watch and clock cases, including cases precious metals",26522,2652,265,"Manufacture of computer, electronic and optical products",Manufacturing
618,"Manufacture of time-recording equipments such as time-clock, parking meters etc.",26523,2652,265,"Manufacture of computer, electronic and optical products",Manufacturing
618,"Time-recording equipments such as time-clock, parking meters etc. related business activity",26523,2652,265,"Manufacture of computer, electronic and optical products",Manufacturing
618,"Services related to time-recording equipments such as time-clock, parking meters etc.",26523,2652,265,"Manufacture of computer, electronic and optical products",Manufacturing
619,Manufacture of other watches and clocks n.e.c.,26529,2652,265,"Manufacture of computer, electronic and optical products",Manufacturing
619,Other watches and clocks n.e.c. related business activity,26529,2652,265,"Manufacture of computer, electronic and optical products",Manufacturing
619,Services related to other watches and clocks n.e.c.,26529,2652,265,"Manufacture of computer, electronic and optical products",Manufacturing
620,"Manufacture of irradiation, electromedical and electrotherapeutic equipment",26600,2660,266,"Manufacture of computer, electronic and optical products",Manufacturing
620,"Irradiation, electromedical and electrotherapeutic equipment related business activity",26600,2660,266,"Manufacture of computer, electronic and optical products",Manufacturing
620,"Services related to irradiation, electromedical and electrotherapeutic equipment",26600,2660,266,"Manufacture of computer, electronic and optical products",Manufacturing
621,Manufacture of optical instruments and equipment,26700,2670,267,"Manufacture of computer, electronic and optical products",Manufacturing
621,Optical instruments and equipment related business activity,26700,2670,267,"Manufacture of computer, electronic and optical products",Manufacturing
621,Services related to optical instruments and equipment,26700,2670,267,"Manufacture of computer, electronic and optical products",Manufacturing
622,Manufacture of magnetic and optical media,26800,2680,268,"Manufacture of computer, electronic and optical products",Manufacturing
622,Magnetic and optical media related business activity,26800,2680,268,"Manufacture of computer, electronic and optical products",Manufacturing
622,Services related to magnetic and optical media,26800,2680,268,"Manufacture of computer, electronic and optical products",Manufacturing
623,"Manufacture of power generators (except battery charging alternators for internal combustion engines), motor generator sets (except turbine generator set units)",27101,2710,271,Manufacture of electrical equipment,Manufacturing
623,"Power generators (except battery charging alternators for internal combustion engines), motor generator sets (except turbine generator set units) related business activity",27101,2710,271,Manufacture of electrical equipment,Manufacturing
623,"Services related to power generators (except battery charging alternators for internal combustion engines), motor generator sets (except turbine generator set units)",27101,2710,271,Manufacture of electrical equipment,Manufacturing
624,"Manufacture of electric power distribution transformers, arc-welding transformers, fluorescent ballasts, transmission and distribution voltage regulators",27102,2710,271,Manufacture of electrical equipment,Manufacturing
624,"Electric power distribution transformers, arc-welding transformers, fluorescent ballasts, transmission and distribution voltage regulators related business activity",27102,2710,271,Manufacture of electrical equipment,Manufacturing
624,"Services related to electric power distribution transformers, arc-welding transformers, fluorescent ballasts, transmission and distribution voltage regulators",27102,2710,271,Manufacture of electrical equipment,Manufacturing
625,Manufacture of electric motors (except internal combustion engine starting motors),27103,2710,271,Manufacture of electrical equipment,Manufacturing
625,Electric motors (except internal combustion engine starting motors) related business activity,27103,2710,271,Manufacture of electrical equipment,Manufacturing
625,Services related to electric motors (except internal combustion engine starting motors),27103,2710,271,Manufacture of electrical equipment,Manufacturing
626,"Manufacture of electricity distribution and control apparatus (electrical apparatus for switching or protecting electrical circuits (e.g. switches, fuses, voltage limiters, surge suppressors, junction boxes etc.)",27104,2710,271,Manufacture of electrical equipment,Manufacturing
626,"Electricity distribution and control apparatus (electrical apparatus for switching or protecting electrical circuits (e.g. switches, fuses, voltage limiters, surge suppressors, junction boxes etc.) related business activity",27104,2710,271,Manufacture of electrical equipment,Manufacturing
626,"Services related to electricity distribution and control apparatus (electrical apparatus for switching or protecting electrical circuits (e.g. switches, fuses, voltage limiters, surge suppressors, junction boxes etc.)",27104,2710,271,Manufacture of electrical equipment,Manufacturing
627,"Manufacture of primary cells and primary batteries nd rechargable batteries, cells containing manganese oxide, mercuric oxide silver oxide or other material",27201,2720,272,Manufacture of electrical equipment,Manufacturing
627,"Primary cells and primary batteries nd rechargable batteries, cells containing manganese oxide, mercuric oxide silver oxide or other material related business activity",27201,2720,272,Manufacture of electrical equipment,Manufacturing
627,"Services related to primary cells and primary batteries nd rechargable batteries, cells containing manganese oxide, mercuric oxide silver oxide or other material",27201,2720,272,Manufacture of electrical equipment,Manufacturing
628,"Manufacture of electric accumulator incuding parts thereof (separators, containers, covers)",27202,2720,272,Manufacture of electrical equipment,Manufacturing
628,"Electric accumulator incuding parts there(separators, containers, covers) related business activity",27202,2720,272,Manufacture of electrical equipment,Manufacturing
628,"Services related to electric accumulator incuding parts there(separators, containers, covers)",27202,2720,272,Manufacture of electrical equipment,Manufacturing
629,Manufacture of fibre optic cables for data transmission or live transmission of images,27310,2731,273,Manufacture of electrical equipment,Manufacturing
629,Fibre optic cables for data transmission or live transmission images related business activity,27310,2731,273,Manufacture of electrical equipment,Manufacturing
629,Services related to fibre optic cables for data transmission or live transmission images,27310,2731,273,Manufacture of electrical equipment,Manufacturing
630,"Manufacture of other electronic and electric wires and cables (insulated wire and cable made of steel, copper, aluminium)",27320,2732,273,Manufacture of electrical equipment,Manufacturing
630,"Other electronic and electric wires and cables (insulated wire and cable made steel, copper, aluminium) related business activity",27320,2732,273,Manufacture of electrical equipment,Manufacturing
630,"Services related to other electronic and electric wires and cables (insulated wire and cable made steel, copper, aluminium)",27320,2732,273,Manufacture of electrical equipment,Manufacturing
631,"Manufacture of switch, switch box, lamp holders, lugs etc.",27331,2733,273,Manufacture of electrical equipment,Manufacturing
631,"Switch, switch box, lamp holders, lugs etc. related business activity",27331,2733,273,Manufacture of electrical equipment,Manufacturing
631,"Services related to switch, switch box, lamp holders, lugs etc.",27331,2733,273,Manufacture of electrical equipment,Manufacturing
632,Manufacture of other wiring devices and fittings n.e.c.,27339,2733,273,Manufacture of electrical equipment,Manufacturing
632,Other wiring devices and fittings n.e.c. related business activity,27339,2733,273,Manufacture of electrical equipment,Manufacturing
632,Services related to other wiring devices and fittings n.e.c.,27339,2733,273,Manufacture of electrical equipment,Manufacturing
633,Manufacture of electric lighting equipment,27400,2740,274,Manufacture of electrical equipment,Manufacturing
633,Electric lighting equipment related business activity,27400,2740,274,Manufacture of electrical equipment,Manufacturing
633,Services related to electric lighting equipment,27400,2740,274,Manufacture of electrical equipment,Manufacturing
634,"Manufacture of domestic electric appliances such as refrigerators, washing machines, vacuum cleaners, mixers, grinders etc.",27501,2750,275,Manufacture of electrical equipment,Manufacturing
634,"Domestic electric appliances such as refrigerators, washing machines, vacuum cleaners, mixers, grinders etc. related business activity",27501,2750,275,Manufacture of electrical equipment,Manufacturing
634,"Services related to domestic electric appliances such as refrigerators, washing machines, vacuum cleaners, mixers, grinders etc.",27501,2750,275,Manufacture of electrical equipment,Manufacturing
635,"Manufacture of domestic electrothermic appliances such as electric water heaters, space heaters, irons, ovens, toasters, microwave ovens etc",27502,2750,275,Manufacture of electrical equipment,Manufacturing
635,"Domestic electrothermic appliances such as electric water heaters, space heaters, irons, ovens, toasters, microwave ovens etc related business activity",27502,2750,275,Manufacture of electrical equipment,Manufacturing
635,"Services related to domestic electrothermic appliances such as electric water heaters, space heaters, irons, ovens, toasters, microwave ovens etc",27502,2750,275,Manufacture of electrical equipment,Manufacturing
636,Manufacture of electric fans (except exhaust fans),27503,2750,275,Manufacture of electrical equipment,Manufacturing
636,Electric fans (except exhaust fans) related business activity,27503,2750,275,Manufacture of electrical equipment,Manufacturing
636,Services related to electric fans (except exhaust fans),27503,2750,275,Manufacture of electrical equipment,Manufacturing
637,"Manufacture of domestic non-electric cooking and heating equipment such as non-electric space heaters, cooking ranges, grates, stoves, water heaters, cooking appliances, plate warmers",27504,2750,275,Manufacture of electrical equipment,Manufacturing
637,"Domestic non-electric cooking and heating equipment such as non-electric space heaters, cooking ranges, grates, stoves, water heaters, cooking appliances, plate warmers related business activity",27504,2750,275,Manufacture of electrical equipment,Manufacturing
637,"Services related to domestic non-electric cooking and heating equipment such as non-electric space heaters, cooking ranges, grates, stoves, water heaters, cooking appliances, plate warmers",27504,2750,275,Manufacture of electrical equipment,Manufacturing
638,Manufacture of other domestic appliances n.e.c.,27509,2750,275,Manufacture of electrical equipment,Manufacturing
638,Other domestic appliances n.e.c. related business activity,27509,2750,275,Manufacture of electrical equipment,Manufacturing
638,Services related to other domestic appliances n.e.c.,27509,2750,275,Manufacture of electrical equipment,Manufacturing
639,Manufacture of other electrical equipment,27900,2790,279,Manufacture of electrical equipment,Manufacturing
639,Other electrical equipment related business activity,27900,2790,279,Manufacture of electrical equipment,Manufacturing
639,Services related to other electrical equipment,27900,2790,279,Manufacture of electrical equipment,Manufacturing
640,"Manufacture of engines and turbines, except aircraft, vehicle and cycle engines",28110,2811,281,Manufacture of machinery and equipment n.e.c.,Manufacturing
640,"Engines and turbines, except aircraft, vehicle and cycle engines related business activity",28110,2811,281,Manufacture of machinery and equipment n.e.c.,Manufacturing
640,"Services related to engines and turbines, except aircraft, vehicle and cycle engines",28110,2811,281,Manufacture of machinery and equipment n.e.c.,Manufacturing
641,Manufacture of fluid power equipment,28120,2812,281,Manufacture of machinery and equipment n.e.c.,Manufacturing
641,Fluid power equipment related business activity,28120,2812,281,Manufacture of machinery and equipment n.e.c.,Manufacturing
641,Services related to fluid power equipment,28120,2812,281,Manufacture of machinery and equipment n.e.c.,Manufacturing
642,Manufacture of hand pumps,28131,2813,281,Manufacture of machinery and equipment n.e.c.,Manufacturing
642,Hand pumps related business activity,28131,2813,281,Manufacture of machinery and equipment n.e.c.,Manufacturing
642,Services related to hand pumps,28131,2813,281,Manufacture of machinery and equipment n.e.c.,Manufacturing
643,"Manufacture of other pumps, compressors, taps and valves etc.",28132,2813,281,Manufacture of machinery and equipment n.e.c.,Manufacturing
643,"Other pumps, compressors, taps and valves etc. related business activity",28132,2813,281,Manufacture of machinery and equipment n.e.c.,Manufacturing
643,"Services related to other pumps, compressors, taps and valves etc.",28132,2813,281,Manufacture of machinery and equipment n.e.c.,Manufacturing
644,"Manufacture of bearings, gears, gearing and driving elements",28140,2814,281,Manufacture of machinery and equipment n.e.c.,Manufacturing
644,"Bearings, gears, gearing and driving elements related business activity",28140,2814,281,Manufacture of machinery and equipment n.e.c.,Manufacturing
644,"Services related to bearings, gears, gearing and driving elements",28140,2814,281,Manufacture of machinery and equipment n.e.c.,Manufacturing
645,"Manufacture of ovens, furnaces and furnace burners",28150,2815,281,Manufacture of machinery and equipment n.e.c.,Manufacturing
645,"Ovens, furnaces and furnace burners related business activity",28150,2815,281,Manufacture of machinery and equipment n.e.c.,Manufacturing
645,"Services related to ovens, furnaces and furnace burners",28150,2815,281,Manufacture of machinery and equipment n.e.c.,Manufacturing
646,"Manufacture of lifts, escalators and moving walkways",28161,2816,281,Manufacture of machinery and equipment n.e.c.,Manufacturing
646,"Lifts, escalators and moving walkways related business activity",28161,2816,281,Manufacture of machinery and equipment n.e.c.,Manufacturing
646,"Services related to lifts, escalators and moving walkways",28161,2816,281,Manufacture of machinery and equipment n.e.c.,Manufacturing
647,Manufacture of other lifting and handling equipment and parts thereof,28162,2816,281,Manufacture of machinery and equipment n.e.c.,Manufacturing
647,Other lifting and handling equipment and parts thereof related business activity,28162,2816,281,Manufacture of machinery and equipment n.e.c.,Manufacturing
647,Services related to other lifting and handling equipment and parts thereof,28162,2816,281,Manufacture of machinery and equipment n.e.c.,Manufacturing
648,Manufacture of office machinery and equipment,28170,2817,281,Manufacture of machinery and equipment n.e.c.,Manufacturing
648,Office machinery and equipment related business activity,28170,2817,281,Manufacture of machinery and equipment n.e.c.,Manufacturing
648,Services related to office machinery and equipment,28170,2817,281,Manufacture of machinery and equipment n.e.c.,Manufacturing
649,Manufacture of power-driven hand tools,28180,2818,281,Manufacture of machinery and equipment n.e.c.,Manufacturing
649,Power-driven hand tools related business activity,28180,2818,281,Manufacture of machinery and equipment n.e.c.,Manufacturing
649,Services related to power-driven hand tools,28180,2818,281,Manufacture of machinery and equipment n.e.c.,Manufacturing
650,"Manufacture of refrigerating or freezing equipment f industrial use, including assemblies of major components",28191,2819,281,Manufacture of machinery and equipment n.e.c.,Manufacturing
650,"Refrigerating or freezing equipment f industrial use, including assemblies major components related business activity",28191,2819,281,Manufacture of machinery and equipment n.e.c.,Manufacturing
650,"Services related to refrigerating or freezing equipment f industrial use, including assemblies major components",28191,2819,281,Manufacture of machinery and equipment n.e.c.,Manufacturing
651,"Manufacture of air-conditioning machines, including motor vehicles air- conditioners",28192,2819,281,Manufacture of machinery and equipment n.e.c.,Manufacturing
651,"Air-conditioning machines, including motor vehicles air- conditioners related business activity",28192,2819,281,Manufacture of machinery and equipment n.e.c.,Manufacturing
651,"Services related to air-conditioning machines, including motor vehicles air- conditioners",28192,2819,281,Manufacture of machinery and equipment n.e.c.,Manufacturing
652,"Manufacture of fire extinguishers and other equipment for projecting, dispersing or spraying liquids or powders whether or not hand-operated, including sand blasting machines, stream cleaning machines etc.",28193,2819,281,Manufacture of machinery and equipment n.e.c.,Manufacturing
652,"Fire extinguishers and other equipment for projecting, dispersing or spraying liquids or powders whether or not hand-operated, including sand blasting machines, stream cleaning machines etc. related business activity",28193,2819,281,Manufacture of machinery and equipment n.e.c.,Manufacturing
652,"Services related to fire extinguishers and other equipment for projecting, dispersing or spraying liquids or powders whether or not hand-operated, including sand blasting machines, stream cleaning machines etc.",28193,2819,281,Manufacture of machinery and equipment n.e.c.,Manufacturing
653,Manufacture of weighing machinery (other than sensitive laboratory balances),28194,2819,281,Manufacture of machinery and equipment n.e.c.,Manufacturing
653,Weighing machinery (other than sensitive laboratory balances) related business activity,28194,2819,281,Manufacture of machinery and equipment n.e.c.,Manufacturing
653,Services related to weighing machinery (other than sensitive laboratory balances),28194,2819,281,Manufacture of machinery and equipment n.e.c.,Manufacturing
654,Manufacture of filtering and purifying machinery or apparatus for liquids and gases,28195,2819,281,Manufacture of machinery and equipment n.e.c.,Manufacturing
654,Filtering and purifying machinery or apparatus for liquids and gases related business activity,28195,2819,281,Manufacture of machinery and equipment n.e.c.,Manufacturing
654,Services related to filtering and purifying machinery or apparatus for liquids and gases,28195,2819,281,Manufacture of machinery and equipment n.e.c.,Manufacturing
655,Manufacture of other general purpose machinery n.e.c.,28199,2819,281,Manufacture of machinery and equipment n.e.c.,Manufacturing
655,Other general purpose machinery n.e.c. related business activity,28199,2819,281,Manufacture of machinery and equipment n.e.c.,Manufacturing
655,Services related to other general purpose machinery n.e.c.,28199,2819,281,Manufacture of machinery and equipment n.e.c.,Manufacturing
656,Manufacture of tractors used in agriculture and forestry,28211,2821,282,Manufacture of machinery and equipment n.e.c.,Manufacturing
656,Tractors used in agriculture and forestry related business activity,28211,2821,282,Manufacture of machinery and equipment n.e.c.,Manufacturing
656,Services related to tractors used in agriculture and forestry,28211,2821,282,Manufacture of machinery and equipment n.e.c.,Manufacturing
657,"Manufacture of ploughs, manure spreaders, seeders, harrows and similar agricultural machinery for soil preparation, planting or fertilizing, harvesting or threshing machinery",28212,2821,282,Manufacture of machinery and equipment n.e.c.,Manufacturing
657,"Ploughs, manure spreaders, seeders, harrows and similar agricultural machinery for soil preparation, planting or fertilizing, harvesting or threshing machinery related business activity",28212,2821,282,Manufacture of machinery and equipment n.e.c.,Manufacturing
657,"Services related to ploughs, manure spreaders, seeders, harrows and similar agricultural machinery for soil preparation, planting or fertilizing, harvesting or threshing machinery",28212,2821,282,Manufacture of machinery and equipment n.e.c.,Manufacturing
658,Manufacture of spraying machinery for agricultural use,28213,2821,282,Manufacture of machinery and equipment n.e.c.,Manufacturing
658,Spraying machinery for agricultural use related business activity,28213,2821,282,Manufacture of machinery and equipment n.e.c.,Manufacturing
658,Services related to spraying machinery for agricultural use,28213,2821,282,Manufacture of machinery and equipment n.e.c.,Manufacturing
659,Manufacture of other agricultural and forestry machinery n.e.c.,28219,2821,282,Manufacture of machinery and equipment n.e.c.,Manufacturing
659,Other agricultural and forestry machinery n.e.c. related business activity,28219,2821,282,Manufacture of machinery and equipment n.e.c.,Manufacturing
659,Services related to other agricultural and forestry machinery n.e.c.,28219,2821,282,Manufacture of machinery and equipment n.e.c.,Manufacturing
660,"Manufacture of machine tools for turning, drilling, milling, shaping, planning, boring, grinding etc.",28221,2822,282,Manufacture of machinery and equipment n.e.c.,Manufacturing
660,"Machine tools for turning, drilling, milling, shaping, planning, boring, grinding etc. related business activity",28221,2822,282,Manufacture of machinery and equipment n.e.c.,Manufacturing
660,"Services related to machine tools for turning, drilling, milling, shaping, planning, boring, grinding etc.",28221,2822,282,Manufacture of machinery and equipment n.e.c.,Manufacturing
661,Manufacture of electroplating machinery,28222,2822,282,Manufacture of machinery and equipment n.e.c.,Manufacturing
661,Electroplating machinery related business activity,28222,2822,282,Manufacture of machinery and equipment n.e.c.,Manufacturing
661,Services related to electroplating machinery,28222,2822,282,Manufacture of machinery and equipment n.e.c.,Manufacturing
662,Manufacture of parts and accessories for the machine tools listed above,28223,2822,282,Manufacture of machinery and equipment n.e.c.,Manufacturing
662,Parts and accessories for the machine tools listed above related business activity,28223,2822,282,Manufacture of machinery and equipment n.e.c.,Manufacturing
662,Services related to parts and accessories for the machine tools listed above,28223,2822,282,Manufacture of machinery and equipment n.e.c.,Manufacturing
663,Manufacture of metal-forming machinery and machine tools n.e.c,28229,2822,282,Manufacture of machinery and equipment n.e.c.,Manufacturing
663,Metal-forming machinery and machine tools n.e.c related business activity,28229,2822,282,Manufacture of machinery and equipment n.e.c.,Manufacturing
663,Services related to metal-forming machinery and machine tools n.e.c,28229,2822,282,Manufacture of machinery and equipment n.e.c.,Manufacturing
664,Manufacture of machinery for metallurgy,28230,2823,282,Manufacture of machinery and equipment n.e.c.,Manufacturing
664,Machinery for metallurgy related business activity,28230,2823,282,Manufacture of machinery and equipment n.e.c.,Manufacturing
664,Services related to machinery for metallurgy,28230,2823,282,Manufacture of machinery and equipment n.e.c.,Manufacturing
665,Manufacture of continuous-action elevators and conveyors for underground use,28241,2824,282,Manufacture of machinery and equipment n.e.c.,Manufacturing
665,Continuous-action elevators and conveyors for underground use related business activity,28241,2824,282,Manufacture of machinery and equipment n.e.c.,Manufacturing
665,Services related to continuous-action elevators and conveyors for underground use,28241,2824,282,Manufacture of machinery and equipment n.e.c.,Manufacturing
666,"Manufacture of boring, cutting, sinking and tunnelling machinery (whether or not for underground use)",28242,2824,282,Manufacture of machinery and equipment n.e.c.,Manufacturing
666,"Boring, cutting, sinking and tunnelling machinery (whether or not for underground use) related business activity",28242,2824,282,Manufacture of machinery and equipment n.e.c.,Manufacturing
666,"Services related to boring, cutting, sinking and tunnelling machinery (whether or not for underground use)",28242,2824,282,Manufacture of machinery and equipment n.e.c.,Manufacturing
667,"Manufacture of earth-moving machinery (bulldozers, angle-dozers, graders, scrapers, levellers, mechanical shovels, shovel loaders, off-road dumping trucks etc.)",28243,2824,282,Manufacture of machinery and equipment n.e.c.,Manufacturing
667,"Earth-moving machinery (bulldozers, angle-dozers, graders, scrapers, levellers, mechanical shovels, shovel loaders, off-road dumping trucks etc.) related business activity",28243,2824,282,Manufacture of machinery and equipment n.e.c.,Manufacturing
667,"Services related to earth-moving machinery (bulldozers, angle-dozers, graders, scrapers, levellers, mechanical shovels, shovel loaders, off-road dumping trucks etc.)",28243,2824,282,Manufacture of machinery and equipment n.e.c.,Manufacturing
668,Manufacture of tracklaying tractors and tractors used in construction or mining,28244,2824,282,Manufacture of machinery and equipment n.e.c.,Manufacturing
668,Tracklaying tractors and tractors used in construction or mining related business activity,28244,2824,282,Manufacture of machinery and equipment n.e.c.,Manufacturing
668,Services related to tracklaying tractors and tractors used in construction or mining,28244,2824,282,Manufacture of machinery and equipment n.e.c.,Manufacturing
669,"Manufacture of concrete and mortar mixers, piledrivers and pile-extractors, mortar spreaders, bitumen spreaders, concrete surfacing machinery",28245,2824,282,Manufacture of machinery and equipment n.e.c.,Manufacturing
669,"Concrete and mortar mixers, piledrivers and pile-extractors, mortar spreaders, bitumen spreaders, concrete surfacing machinery related business activity",28245,2824,282,Manufacture of machinery and equipment n.e.c.,Manufacturing
669,"Services related to concrete and mortar mixers, piledrivers and pile-extractors, mortar spreaders, bitumen spreaders, concrete surfacing machinery",28245,2824,282,Manufacture of machinery and equipment n.e.c.,Manufacturing
670,Manufacture of parts and accessories for machinery/equipment used by construction and mining industries,28246,2824,282,Manufacture of machinery and equipment n.e.c.,Manufacturing
670,Parts and accessories for machinery/equipment used by construction and industries related business activity,28246,2824,282,Manufacture of machinery and equipment n.e.c.,Manufacturing
670,Services related to parts and accessories for machinery/equipment used by construction and industries,28246,2824,282,Manufacture of machinery and equipment n.e.c.,Manufacturing
671,"Manufacture of other machinery for mining, quarrying and construction n.e.c.",28249,2824,282,Manufacture of machinery and equipment n.e.c.,Manufacturing
671,"Other machinery for mining, quarrying and construction n.e.c. related business activity",28249,2824,282,Manufacture of machinery and equipment n.e.c.,Manufacturing
671,"Services related to other machinery for mining, quarrying and construction n.e.c.",28249,2824,282,Manufacture of machinery and equipment n.e.c.,Manufacturing
672,Manufacture of machinery for the dairy industry,28251,2825,282,Manufacture of machinery and equipment n.e.c.,Manufacturing
672,Machinery for the dairy industry related business activity,28251,2825,282,Manufacture of machinery and equipment n.e.c.,Manufacturing
672,Services related to machinery for the dairy industry,28251,2825,282,Manufacture of machinery and equipment n.e.c.,Manufacturing
673,Manufacture of machinery for the grain milling industry,28252,2825,282,Manufacture of machinery and equipment n.e.c.,Manufacturing
673,Machinery for the grain milling industry related business activity,28252,2825,282,Manufacture of machinery and equipment n.e.c.,Manufacturing
673,Services related to machinery for the grain milling industry,28252,2825,282,Manufacture of machinery and equipment n.e.c.,Manufacturing
674,"Manufacture of presses, crushers etc. used to make wine, cider, fruit juices etc.",28253,2825,282,Manufacture of machinery and equipment n.e.c.,Manufacturing
674,"Presses, crushers etc. used to make wine, cider, fruit juices etc. related business activity",28253,2825,282,Manufacture of machinery and equipment n.e.c.,Manufacturing
674,"Services related to presses, crushers etc. used to make wine, cider, fruit juices etc.",28253,2825,282,Manufacture of machinery and equipment n.e.c.,Manufacturing
675,"Manufacture of machinery for the bakery industry or for making macaroni, noodles, pasta etc.",28254,2825,282,Manufacture of machinery and equipment n.e.c.,Manufacturing
675,"Machinery for the bakery industry or for making macaroni, noodles, pasta etc. related business activity",28254,2825,282,Manufacture of machinery and equipment n.e.c.,Manufacturing
675,"Services related to machinery for the bakery industry or for making macaroni, noodles, pasta etc.",28254,2825,282,Manufacture of machinery and equipment n.e.c.,Manufacturing
676,Manufacture of machinery for the extraction or preparation of animal or vegetable fats or oils,28255,2825,282,Manufacture of machinery and equipment n.e.c.,Manufacturing
676,Machinery for the or preparation animal or vegetable fats or oils related business activity,28255,2825,282,Manufacture of machinery and equipment n.e.c.,Manufacturing
676,Services related to machinery for the or preparation animal or vegetable fats or oils,28255,2825,282,Manufacture of machinery and equipment n.e.c.,Manufacturing
677,"Manufacture of machinery for the preparation of tobacco and for the making of cigarettes or cigars, or for pipe or chewing tobacco or snuff",28256,2825,282,Manufacture of machinery and equipment n.e.c.,Manufacturing
677,"Machinery for the preparation tobacco and for the making cigarettes or cigars, or for pipe or chewing tobacco or snuff related business activity",28256,2825,282,Manufacture of machinery and equipment n.e.c.,Manufacturing
677,"Services related to machinery for the preparation tobacco and for the making cigarettes or cigars, or for pipe or chewing tobacco or snuff",28256,2825,282,Manufacture of machinery and equipment n.e.c.,Manufacturing
678,Manufacture of other machinery for the industrial preparation or manufacture of food or drink n.e.c. (including tea or coffee making machines),28259,2825,282,Manufacture of machinery and equipment n.e.c.,Manufacturing
678,Other machinery for the industrial preparation or food or drink n.e.c. (including tea or coffee making machines) related business activity,28259,2825,282,Manufacture of machinery and equipment n.e.c.,Manufacturing
678,Services related to other machinery for the industrial preparation or food or drink n.e.c. (including tea or coffee making machines),28259,2825,282,Manufacture of machinery and equipment n.e.c.,Manufacturing
679,"Manufacture of machinery for preparation of textile fibers, spinning machines, machines for preparing textile yarns, weaving machines (looms), including hand looms, knitting machines",28261,2826,282,Manufacture of machinery and equipment n.e.c.,Manufacturing
679,"Machinery for preparation textile fibers, spinning machines, machines for preparing textile yarns, weaving machines (looms), including hand looms, knitting machines related business activity",28261,2826,282,Manufacture of machinery and equipment n.e.c.,Manufacturing
679,"Services related to machinery for preparation textile fibers, spinning machines, machines for preparing textile yarns, weaving machines (looms), including hand looms, knitting machines",28261,2826,282,Manufacture of machinery and equipment n.e.c.,Manufacturing
680,Manufacture of textile printing machinery,28262,2826,282,Manufacture of machinery and equipment n.e.c.,Manufacturing
680,Textile printing machinery related business activity,28262,2826,282,Manufacture of machinery and equipment n.e.c.,Manufacturing
680,Services related to textile printing machinery,28262,2826,282,Manufacture of machinery and equipment n.e.c.,Manufacturing
681,"Manufacture of machinery for washing, bleaching, dyeing, dressing, finishing coating or impregnating textile fabrics, machines for reeling, unreeling, folding, cutting or pinking textile fabrics, and similar machinery for fabric processing",28263,2826,282,Manufacture of machinery and equipment n.e.c.,Manufacturing
681,"Machinery for washing, bleaching, dyeing, dressing, finishing coating or impregnating textile fabrics, machines for reeling, unreeling, folding, cutting or pinking textile fabrics, and similar machinery for fabric processing related business activity",28263,2826,282,Manufacture of machinery and equipment n.e.c.,Manufacturing
681,"Services related to machinery for washing, bleaching, dyeing, dressing, finishing coating or impregnating textile fabrics, machines for reeling, unreeling, folding, cutting or pinking textile fabrics, and similar machinery for fabric processing",28263,2826,282,Manufacture of machinery and equipment n.e.c.,Manufacturing
682,"Manufacture of ironing machines, commercial washing and drying machines, dry-cleaning machines and other laundry machinery",28264,2826,282,Manufacture of machinery and equipment n.e.c.,Manufacturing
682,"Ironing machines, commercial washing and drying machines, dry-cleaning machines and other laundry machinery related business activity",28264,2826,282,Manufacture of machinery and equipment n.e.c.,Manufacturing
682,"Services related to ironing machines, commercial washing and drying machines, dry-cleaning machines and other laundry machinery",28264,2826,282,Manufacture of machinery and equipment n.e.c.,Manufacturing
683,"Manufacture of sewing machines, sewing machine heads and sewing machine needles (whether or not for household use)",28265,2826,282,Manufacture of machinery and equipment n.e.c.,Manufacturing
683,"Sewing machines, sewing machine heads and sewing machine needles (whether or not for household use) related business activity",28265,2826,282,Manufacture of machinery and equipment n.e.c.,Manufacturing
683,"Services related to sewing machines, sewing machine heads and sewing machine needles (whether or not for household use)",28265,2826,282,Manufacture of machinery and equipment n.e.c.,Manufacturing
684,"Manufacture of machinery for preparing, tanning or working hides, skins or leather, machinery for making or repairing footwear or other articles of hides, skins, leather or fur skins",28266,2826,282,Manufacture of machinery and equipment n.e.c.,Manufacturing
684,"Machinery for preparing, tanning or working hides, skins or leather, machinery for making or repairing footwear or other articles hides, skins, leather or fur skins related business activity",28266,2826,282,Manufacture of machinery and equipment n.e.c.,Manufacturing
684,"Services related to machinery for preparing, tanning or working hides, skins or leather, machinery for making or repairing footwear or other articles hides, skins, leather or fur skins",28266,2826,282,Manufacture of machinery and equipment n.e.c.,Manufacturing
685,"Manufacture of other machinery for textiles, apparel and leather production n.e.c.",28269,2826,282,Manufacture of machinery and equipment n.e.c.,Manufacturing
685,"Other machinery for textiles, apparel and leather n.e.c. related business activity",28269,2826,282,Manufacture of machinery and equipment n.e.c.,Manufacturing
685,"Services related to other machinery for textiles, apparel and leather n.e.c.",28269,2826,282,Manufacture of machinery and equipment n.e.c.,Manufacturing
686,"Manufacture of machinery for making paper pulp, paper, paperboard and articles of paper board",28291,2829,282,Manufacture of machinery and equipment n.e.c.,Manufacturing
686,"Machinery for making paper pulp, paper, paperboard and articles paper board related business activity",28291,2829,282,Manufacture of machinery and equipment n.e.c.,Manufacturing
686,"Services related to machinery for making paper pulp, paper, paperboard and articles paper board",28291,2829,282,Manufacture of machinery and equipment n.e.c.,Manufacturing
687,Manufacture of machinery for working soft rubber or plastics or for the manufacture of products of these materials,28292,2829,282,Manufacture of machinery and equipment n.e.c.,Manufacturing
687,Machinery for working soft rubber or plastics or for the products these materials related business activity,28292,2829,282,Manufacture of machinery and equipment n.e.c.,Manufacturing
687,Services related to machinery for working soft rubber or plastics or for the products these materials,28292,2829,282,Manufacture of machinery and equipment n.e.c.,Manufacturing
688,Manufacture of printing and bookbinding machines and machines for activities supporting printing on a variety of materials (other than textiles),28293,2829,282,Manufacture of machinery and equipment n.e.c.,Manufacturing
688,Printing and bookbinding machines and machines for supporting printing on a variety materials (other than textiles) related business activity,28293,2829,282,Manufacture of machinery and equipment n.e.c.,Manufacturing
688,Services related to printing and bookbinding machines and machines for supporting printing on a variety materials (other than textiles),28293,2829,282,Manufacture of machinery and equipment n.e.c.,Manufacturing
689,Manufacture of other special-purpose machinery n.e.c.,28299,2829,282,Manufacture of machinery and equipment n.e.c.,Manufacturing
689,Other special-purpose machinery n.e.c. related business activity,28299,2829,282,Manufacture of machinery and equipment n.e.c.,Manufacturing
689,Services related to other special-purpose machinery n.e.c.,28299,2829,282,Manufacture of machinery and equipment n.e.c.,Manufacturing
690,Manufacture of passenger cars,29101,2910,291,"Manufacture of motor vehicles, trailers and semi-trailers",Manufacturing
690,Passenger cars related business activity,29101,2910,291,"Manufacture of motor vehicles, trailers and semi-trailers",Manufacturing
690,Services related to passenger cars,29101,2910,291,"Manufacture of motor vehicles, trailers and semi-trailers",Manufacturing
691,"Manufacture of commercial vehicles such as vans, lorries, over-the-road tractors for semi-trailers etc.",29102,2910,291,"Manufacture of motor vehicles, trailers and semi-trailers",Manufacturing
691,"Commercial vehicles such as vans, lorries, over-the-road tractors for semi-trailers etc. related business activity",29102,2910,291,"Manufacture of motor vehicles, trailers and semi-trailers",Manufacturing
691,"Services related to commercial vehicles such as vans, lorries, over-the-road tractors for semi-trailers etc.",29102,2910,291,"Manufacture of motor vehicles, trailers and semi-trailers",Manufacturing
692,Manufacture of chassis fitted with engines for the motor vehicles included in this class,29103,2910,291,"Manufacture of motor vehicles, trailers and semi-trailers",Manufacturing
692,Chassis fitted with engines for the motor vehicles included in this class related business activity,29103,2910,291,"Manufacture of motor vehicles, trailers and semi-trailers",Manufacturing
692,Services related to chassis fitted with engines for the motor vehicles included in this class,29103,2910,291,"Manufacture of motor vehicles, trailers and semi-trailers",Manufacturing
693,Manufacture of motor vehicle engines,29104,2910,291,"Manufacture of motor vehicles, trailers and semi-trailers",Manufacturing
693,Motor vehicle engines related business activity,29104,2910,291,"Manufacture of motor vehicles, trailers and semi-trailers",Manufacturing
693,Services related to motor vehicle engines,29104,2910,291,"Manufacture of motor vehicles, trailers and semi-trailers",Manufacturing
694,Manufacture of motor vehicles n.e.c.,29109,2910,291,"Manufacture of motor vehicles, trailers and semi-trailers",Manufacturing
694,Motor vehicles n.e.c. related business activity,29109,2910,291,"Manufacture of motor vehicles, trailers and semi-trailers",Manufacturing
694,Services related to motor vehicles n.e.c.,29109,2910,291,"Manufacture of motor vehicles, trailers and semi-trailers",Manufacturing
695,"Manufacture of bodies, including cabs for motor vehicles",29201,2920,292,"Manufacture of motor vehicles, trailers and semi-trailers",Manufacturing
695,"Bodies, including cabs for motor vehicles related business activity",29201,2920,292,"Manufacture of motor vehicles, trailers and semi-trailers",Manufacturing
695,"Services related to bodies, including cabs for motor vehicles",29201,2920,292,"Manufacture of motor vehicles, trailers and semi-trailers",Manufacturing
696,Manufacture of trailers and semi-trailers for transport of goods or passengers,29202,2920,292,"Manufacture of motor vehicles, trailers and semi-trailers",Manufacturing
696,Trailers and semi-trailers for transport goods or passengers related business activity,29202,2920,292,"Manufacture of motor vehicles, trailers and semi-trailers",Manufacturing
696,Services related to trailers and semi-trailers for transport goods or passengers,29202,2920,292,"Manufacture of motor vehicles, trailers and semi-trailers",Manufacturing
697,Manufacture of other attachments to motor vehicles n.e.c.,29209,2920,292,"Manufacture of motor vehicles, trailers and semi-trailers",Manufacturing
697,Other attachments to motor vehicles n.e.c. related business activity,29209,2920,292,"Manufacture of motor vehicles, trailers and semi-trailers",Manufacturing
697,Services related to other attachments to motor vehicles n.e.c.,29209,2920,292,"Manufacture of motor vehicles, trailers and semi-trailers",Manufacturing
698,"Manufacture of diverse parts and accessories for motor vehecles sucs as brakes, gearboxes, axles, road wheels, suspension shock absorbers, radiators, silencers, exhaust pipes, catalysers, clutches, steering wheels, steering columns and steering boxes etc.",29301,2930,293,"Manufacture of motor vehicles, trailers and semi-trailers",Manufacturing
698,"Diverse parts and accessories for motor vehecles sucs as brakes, gearboxes, axles, road wheels, suspension shock absorbers, radiators, silencers, exhaust pipes, catalysers, clutches, steering wheels, steering columns and steering boxes etc. related business activity",29301,2930,293,"Manufacture of motor vehicles, trailers and semi-trailers",Manufacturing
698,"Services related to diverse parts and accessories for motor vehecles sucs as brakes, gearboxes, axles, road wheels, suspension shock absorbers, radiators, silencers, exhaust pipes, catalysers, clutches, steering wheels, steering columns and steering boxes etc.",29301,2930,293,"Manufacture of motor vehicles, trailers and semi-trailers",Manufacturing
699,"Manufacture of parts and accessories of bodies for motor vehicles such as safety belts, airbags, doors, bumpers",29302,2930,293,"Manufacture of motor vehicles, trailers and semi-trailers",Manufacturing
699,"Parts and accessories bodies for motor vehicles such as safety belts, airbags, doors, bumpers related business activity",29302,2930,293,"Manufacture of motor vehicles, trailers and semi-trailers",Manufacturing
699,"Services related to parts and accessories bodies for motor vehicles such as safety belts, airbags, doors, bumpers",29302,2930,293,"Manufacture of motor vehicles, trailers and semi-trailers",Manufacturing
700,Manufacture of car seats,29303,2930,293,"Manufacture of motor vehicles, trailers and semi-trailers",Manufacturing
700,Car seats related business activity,29303,2930,293,"Manufacture of motor vehicles, trailers and semi-trailers",Manufacturing
700,Services related to car seats,29303,2930,293,"Manufacture of motor vehicles, trailers and semi-trailers",Manufacturing
701,"Manufacture of motor vehicle electrical equipment, such as generators, alternators, spark plugs, ignition wiring harnesses, power window and door systems, assembly of purchased gauges into instrument panels, voltage regulators, etc.",29304,2930,293,"Manufacture of motor vehicles, trailers and semi-trailers",Manufacturing
701,"Motor vehicle electrical equipment, such as generators, alternators, spark plugs, ignition wiring harnesses, power window and door systems, assembly purchased gauges into instrument panels, voltage regulators, etc. related business activity",29304,2930,293,"Manufacture of motor vehicles, trailers and semi-trailers",Manufacturing
701,"Services related to motor vehicle electrical equipment, such as generators, alternators, spark plugs, ignition wiring harnesses, power window and door systems, assembly purchased gauges into instrument panels, voltage regulators, etc.",29304,2930,293,"Manufacture of motor vehicles, trailers and semi-trailers",Manufacturing
702,"Building of commercial vessels: passenger vessels, ferry-boats, cargo ships, tankers, tugs, hovercraft (except recreation-type hovercraft) etc.",30111,3011,301,Manufacture of other transport equipment,Manufacturing
702,"Building commercial vessels: passenger vessels, ferry-boats, cargo ships, tankers, tugs, hovercraft (except recreation-type hovercraft) etc. related business activity",30111,3011,301,Manufacture of other transport equipment,Manufacturing
702,"Services related to building commercial vessels: passenger vessels, ferry-boats, cargo ships, tankers, tugs, hovercraft (except recreation-type hovercraft) etc.",30111,3011,301,Manufacture of other transport equipment,Manufacturing
703,Building of warships and scientific investigation ships etc.,30112,3011,301,Manufacture of other transport equipment,Manufacturing
703,Building warships and scientific investigation ships etc. related business activity,30112,3011,301,Manufacture of other transport equipment,Manufacturing
703,Services related to building warships and scientific investigation ships etc.,30112,3011,301,Manufacture of other transport equipment,Manufacturing
704,Building of fishing boats and fish-processing factory vessels,30113,3011,301,Manufacture of other transport equipment,Manufacturing
704,Building fishing boats and fish-factory vessels related business activity,30113,3011,301,Manufacture of other transport equipment,Manufacturing
704,Services related to building fishing boats and fish-factory vessels,30113,3011,301,Manufacture of other transport equipment,Manufacturing
705,Construction of floating or submersible drilling platforms,30114,3011,301,Manufacture of other transport equipment,Manufacturing
705,Construction floating or submersible drilling platforms related business activity,30114,3011,301,Manufacture of other transport equipment,Manufacturing
705,Services related to construction floating or submersible drilling platforms,30114,3011,301,Manufacture of other transport equipment,Manufacturing
706,"Construction of floating structures ( floating docks, pontoons, coffer-dams, floating landing stages, buoys, floating tanks, barges, lighters, floating cranes, non-recreational inflatable rafts etc.)",30115,3011,301,Manufacture of other transport equipment,Manufacturing
706,"Construction floating structures ( floating docks, pontoons, coffer-dams, floating landing stages, buoys, floating tanks, barges, lighters, floating cranes, non-recreational inflatable rafts etc.) related business activity",30115,3011,301,Manufacture of other transport equipment,Manufacturing
706,"Services related to construction floating structures ( floating docks, pontoons, coffer-dams, floating landing stages, buoys, floating tanks, barges, lighters, floating cranes, non-recreational inflatable rafts etc.)",30115,3011,301,Manufacture of other transport equipment,Manufacturing
707,"Manufacture of electric, diesel, steam and other rail locomotives",30201,3020,302,Manufacture of other transport equipment,Manufacturing
707,"Electric, diesel, steam and other rail locomotives related business activity",30201,3020,302,Manufacture of other transport equipment,Manufacturing
707,"Services related to electric, diesel, steam and other rail locomotives",30201,3020,302,Manufacture of other transport equipment,Manufacturing
708,"Manufacture of self-propelled railway or tramway coaches, vans and trucks, maintenance or service vehicles",30202,3020,302,Manufacture of other transport equipment,Manufacturing
708,"Self-propelled railway or tramway coaches, vans and trucks, maintenance or service vehicles related business activity",30202,3020,302,Manufacture of other transport equipment,Manufacturing
708,"Services related to self-propelled railway or tramway coaches, vans and trucks, maintenance or service vehicles",30202,3020,302,Manufacture of other transport equipment,Manufacturing
709,"Manufacture of railway or tramway rolling stock, not self-propelled (passenger coaches, goods vans tank wagons, self-discharging vans and wagons, workshop vans, crane vans, tenders etc.",30203,3020,302,Manufacture of other transport equipment,Manufacturing
709,"Railway or tramway rolling stock, not self-propelled (passenger coaches, goods vans tank wagons, self-discharging vans and wagons, workshop vans, crane vans, tenders etc. related business activity",30203,3020,302,Manufacture of other transport equipment,Manufacturing
709,"Services related to railway or tramway rolling stock, not self-propelled (passenger coaches, goods vans tank wagons, self-discharging vans and wagons, workshop vans, crane vans, tenders etc.",30203,3020,302,Manufacture of other transport equipment,Manufacturing
710,"Manufacture of specialized parts of railway or tramway locomotives or of rolling stock (bogies, axles and wheels, brakes and parts of brakes; hooks and coupling devices, buffers and buffer parts; shock absorbers; wagon and locomotive frames; bodies;",30204,3020,302,Manufacture of other transport equipment,Manufacturing
710,"Specialized parts railway or tramway locomotives or rolling stock (bogies, axles and wheels, brakes and parts brakes; hooks and coupling devices, buffers and buffer parts; shock absorbers; wagon and locomotive frames; bodies; related business activity",30204,3020,302,Manufacture of other transport equipment,Manufacturing
710,"Services related to specialized parts railway or tramway locomotives or rolling stock (bogies, axles and wheels, brakes and parts brakes; hooks and coupling devices, buffers and buffer parts; shock absorbers; wagon and locomotive frames; bodies;",30204,3020,302,Manufacture of other transport equipment,Manufacturing
711,"Manufacture of mechanical and electro-mechanical signalling safety and traffic control equipment for railways, tramways, inland waterways, roads, parking facilities, airfields etc.",30205,3020,302,Manufacture of other transport equipment,Manufacturing
711,"Mechanical and electro-mechanical signalling safety and traffic control equipment for railways, tramways, inland waterways, roads, parking facilities, airfields etc. related business activity",30205,3020,302,Manufacture of other transport equipment,Manufacturing
711,"Services related to mechanical and electro-mechanical signalling safety and traffic control equipment for railways, tramways, inland waterways, roads, parking facilities, airfields etc.",30205,3020,302,Manufacture of other transport equipment,Manufacturing
712,Manufacture of mining locomotives and mining rail cars,30206,3020,302,Manufacture of other transport equipment,Manufacturing
712,Locomotives and rail cars related business activity,30206,3020,302,Manufacture of other transport equipment,Manufacturing
712,Services related to locomotives and rail cars,30206,3020,302,Manufacture of other transport equipment,Manufacturing
713,Manufacture of airplanes,30301,3030,303,Manufacture of other transport equipment,Manufacturing
713,Airplanes related business activity,30301,3030,303,Manufacture of other transport equipment,Manufacturing
713,Services related to airplanes,30301,3030,303,Manufacture of other transport equipment,Manufacturing
714,Manufacture of helicopters,30302,3030,303,Manufacture of other transport equipment,Manufacturing
714,Helicopters related business activity,30302,3030,303,Manufacture of other transport equipment,Manufacturing
714,Services related to helicopters,30302,3030,303,Manufacture of other transport equipment,Manufacturing
715,"Manufacture of gliders, hang-gliders, dirigibles and hot air balloons and other non-powered aircraft",30303,3030,303,Manufacture of other transport equipment,Manufacturing
715,"Gliders, hang-gliders, dirigibles and hot air balloons and other non-powered aircraft related business activity",30303,3030,303,Manufacture of other transport equipment,Manufacturing
715,"Services related to gliders, hang-gliders, dirigibles and hot air balloons and other non-powered aircraft",30303,3030,303,Manufacture of other transport equipment,Manufacturing
716,"Manufacture of spacecraft and launch vehicles, satellites, planetary probes, orbital stations, shuttles, intercontinental ballistic (ICBM) and similar missiles",30304,3030,303,Manufacture of other transport equipment,Manufacturing
716,"Spacecraft and launch vehicles, satellites, planetary probes, orbital stations, shuttles, intercontinental ballistic (icbm) and similar missiles related business activity",30304,3030,303,Manufacture of other transport equipment,Manufacturing
716,"Services related to spacecraft and launch vehicles, satellites, planetary probes, orbital stations, shuttles, intercontinental ballistic (icbm) and similar missiles",30304,3030,303,Manufacture of other transport equipment,Manufacturing
717,Manufacture of parts and accessories of the aircraft and spacecraft of this class,30305,3030,303,Manufacture of other transport equipment,Manufacturing
717,Parts and accessories the aircraft and spacecraft this class related business activity,30305,3030,303,Manufacture of other transport equipment,Manufacturing
717,Services related to parts and accessories the aircraft and spacecraft this class,30305,3030,303,Manufacture of other transport equipment,Manufacturing
718,Manufacture of weapons and ammunition,30400,3040,304,Manufacture of other transport equipment,Manufacturing
718,Weapons and ammunition related business activity,30400,3040,304,Manufacture of other transport equipment,Manufacturing
718,Services related to weapons and ammunition,30400,3040,304,Manufacture of other transport equipment,Manufacturing
719,"Manufacture of motorcycles, scooters, mopeds etc. and their engine",30911,3091,309,Manufacture of other transport equipment,Manufacturing
719,"Motorcycles, scooters, mopeds etc. and their engine related business activity",30911,3091,309,Manufacture of other transport equipment,Manufacturing
719,"Services related to motorcycles, scooters, mopeds etc. and their engine",30911,3091,309,Manufacture of other transport equipment,Manufacturing
720,Manufacture of three-wheelers and their engine,30912,3091,309,Manufacture of other transport equipment,Manufacturing
720,Three-wheelers and their engine related business activity,30912,3091,309,Manufacture of other transport equipment,Manufacturing
720,Services related to three-wheelers and their engine,30912,3091,309,Manufacture of other transport equipment,Manufacturing
721,Manufacture of parts and accessories of three wheelers and motorcycles including side cars,30913,3091,309,Manufacture of other transport equipment,Manufacturing
721,Parts and accessories three wheelers and motorcycles including side cars related business activity,30913,3091,309,Manufacture of other transport equipment,Manufacturing
721,Services related to parts and accessories three wheelers and motorcycles including side cars,30913,3091,309,Manufacture of other transport equipment,Manufacturing
722,"Manufacture of non-motorized bicycles and other cycles, including cycle- rickshaws, (delivery) tricycles, tandems, childrenÃ¢â¬â¢s bicycles and tricycles, baby carriages",30921,3092,309,Manufacture of other transport equipment,Manufacturing
722,"Non-motorized bicycles and other cycles, including cycle- rickshaws, (delivery) tricycles, tandems, childrenã¢â¬â¢s bicycles and tricycles, baby carriages related business activity",30921,3092,309,Manufacture of other transport equipment,Manufacturing
722,"Services related to non-motorized bicycles and other cycles, including cycle- rickshaws, (delivery) tricycles, tandems, childrenã¢â¬â¢s bicycles and tricycles, baby carriages",30921,3092,309,Manufacture of other transport equipment,Manufacturing
723,Manufacture of invalid carriages with or without motor,30922,3092,309,Manufacture of other transport equipment,Manufacturing
723,Invalid carriages with or without motor related business activity,30922,3092,309,Manufacture of other transport equipment,Manufacturing
723,Services related to invalid carriages with or without motor,30922,3092,309,Manufacture of other transport equipment,Manufacturing
724,"Manufacture of parts and accessories for bicycles, cycle -rickshaws and invalid carriages",30923,3092,309,Manufacture of other transport equipment,Manufacturing
724,"Parts and accessories for bicycles, cycle -rickshaws and invalid carriages related business activity",30923,3092,309,Manufacture of other transport equipment,Manufacturing
724,"Services related to parts and accessories for bicycles, cycle -rickshaws and invalid carriages",30923,3092,309,Manufacture of other transport equipment,Manufacturing
725,Manufacture of vehicles drawn by animals,30991,3099,309,Manufacture of other transport equipment,Manufacturing
725,Vehicles drawn by animals related business activity,30991,3099,309,Manufacture of other transport equipment,Manufacturing
725,Services related to vehicles drawn by animals,30991,3099,309,Manufacture of other transport equipment,Manufacturing
726,"Manufacture of other transport equipments n.e.c. such as pushcarts, handcarts etc",30999,3099,309,Manufacture of other transport equipment,Manufacturing
726,"Other transport equipments n.e.c. such as pushcarts, handcarts etc related business activity",30999,3099,309,Manufacture of other transport equipment,Manufacturing
726,"Services related to other transport equipments n.e.c. such as pushcarts, handcarts etc",30999,3099,309,Manufacture of other transport equipment,Manufacturing
727,Manufacture of furniture made of wood,31001,3100,310,Manufacture of furniture,Manufacturing
727,Furniture made wood related business activity,31001,3100,310,Manufacture of furniture,Manufacturing
727,Services related to furniture made wood,31001,3100,310,Manufacture of furniture,Manufacturing
728,Manufacture of furniture made of cane & reed,31002,3100,310,Manufacture of furniture,Manufacturing
728,Furniture made cane & reed related business activity,31002,3100,310,Manufacture of furniture,Manufacturing
728,Services related to furniture made cane & reed,31002,3100,310,Manufacture of furniture,Manufacturing
729,Manufacture of furniture primarily of metal,31003,3100,310,Manufacture of furniture,Manufacturing
729,Furniture primarily metal related business activity,31003,3100,310,Manufacture of furniture,Manufacturing
729,Services related to furniture primarily metal,31003,3100,310,Manufacture of furniture,Manufacturing
730,Manufacture of furniture primarily of plastic,31004,3100,310,Manufacture of furniture,Manufacturing
730,Furniture primarily plastic related business activity,31004,3100,310,Manufacture of furniture,Manufacturing
730,Services related to furniture primarily plastic,31004,3100,310,Manufacture of furniture,Manufacturing
731,Manufacture of mattresses and pillows,31005,3100,310,Manufacture of furniture,Manufacturing
731,Mattresses and pillows related business activity,31005,3100,310,Manufacture of furniture,Manufacturing
731,Services related to mattresses and pillows,31005,3100,310,Manufacture of furniture,Manufacturing
732,Manufacture of other furniture n.e.c.,31009,3100,310,Manufacture of furniture,Manufacturing
732,Other furniture n.e.c. related business activity,31009,3100,310,Manufacture of furniture,Manufacturing
732,Services related to other furniture n.e.c.,31009,3100,310,Manufacture of furniture,Manufacturing
733,"Manufacture of jewellery of gold, silver and other precious or base metal metal clad with precious metals or precious or semi-precious stones, or of combinations of precious metal and precious or semi-precious stones or of other materials",32111,3211,321,Other manufacturing,Manufacturing
733,"Jewellery gold, silver and other precious or base metal metal clad with precious metals or precious or semi-precious stones, or combinations precious metal and precious or semi-precious stones or other materials related business activity",32111,3211,321,Other manufacturing,Manufacturing
733,"Services related to jewellery gold, silver and other precious or base metal metal clad with precious metals or precious or semi-precious stones, or combinations precious metal and precious or semi-precious stones or other materials",32111,3211,321,Other manufacturing,Manufacturing
734,Working of diamonds and other precious and semi-precious stones including the working of industrial quality stones and synthetic or reconstructed precious or semi-precious stones,32112,3211,321,Other manufacturing,Manufacturing
734,Working diamonds and other precious and semi-precious stones including the working industrial quality stones and synthetic or reconstructed precious or semi-precious stones related business activity,32112,3211,321,Other manufacturing,Manufacturing
734,Services related to working diamonds and other precious and semi-precious stones including the working industrial quality stones and synthetic or reconstructed precious or semi-precious stones,32112,3211,321,Other manufacturing,Manufacturing
735,Production of worked pearls,32113,3211,321,Other manufacturing,Manufacturing
735,Worked pearls related business activity,32113,3211,321,Other manufacturing,Manufacturing
735,Services related to worked pearls,32113,3211,321,Other manufacturing,Manufacturing
736,"Manufacture of coins, including coins for use as legal tender, whether or not of precious metal",32114,3211,321,Other manufacturing,Manufacturing
736,"Coins, including coins for use as legal tender, whether or not precious metal related business activity",32114,3211,321,Other manufacturing,Manufacturing
736,"Services related to coins, including coins for use as legal tender, whether or not precious metal",32114,3211,321,Other manufacturing,Manufacturing
737,"Manufacture of other articles of gold, silver and other precious and semi precious metal and stone",32119,3211,321,Other manufacturing,Manufacturing
737,"Other articles gold, silver and other precious and semi precious metal and stone related business activity",32119,3211,321,Other manufacturing,Manufacturing
737,"Services related to other articles gold, silver and other precious and semi precious metal and stone",32119,3211,321,Other manufacturing,Manufacturing
738,Manufacture of imitation jewellery and related articles,32120,3212,321,Other manufacturing,Manufacturing
738,Imitation jewellery and related articles related business activity,32120,3212,321,Other manufacturing,Manufacturing
738,Services related to imitation jewellery and related articles,32120,3212,321,Other manufacturing,Manufacturing
739,Manufacture of stringed instruments (non-electronic),32201,3220,322,Other manufacturing,Manufacturing
739,Stringed instruments (non-electronic) related business activity,32201,3220,322,Other manufacturing,Manufacturing
739,Services related to stringed instruments (non-electronic),32201,3220,322,Other manufacturing,Manufacturing
740,"Manufacture of wind instruments, accordions, harmonium and similar instruments and mouth organs",32202,3220,322,Other manufacturing,Manufacturing
740,"Wind instruments, accordions, harmonium and similar instruments and mouth organs related business activity",32202,3220,322,Other manufacturing,Manufacturing
740,"Services related to wind instruments, accordions, harmonium and similar instruments and mouth organs",32202,3220,322,Other manufacturing,Manufacturing
741,Manufacture of percussion musical instruments,32203,3220,322,Other manufacturing,Manufacturing
741,Percussion musical instruments related business activity,32203,3220,322,Other manufacturing,Manufacturing
741,Services related to percussion musical instruments,32203,3220,322,Other manufacturing,Manufacturing
742,"Manufacture of musical instruments, the sound of which is produced electronically",32204,3220,322,Other manufacturing,Manufacturing
742,"Musical instruments, the sound which is produced electronically related business activity",32204,3220,322,Other manufacturing,Manufacturing
742,"Services related to musical instruments, the sound which is produced electronically",32204,3220,322,Other manufacturing,Manufacturing
743,Manufacture of other musical instruments n.e.c.,32209,3220,322,Other manufacturing,Manufacturing
743,Other musical instruments n.e.c. related business activity,32209,3220,322,Other manufacturing,Manufacturing
743,Services related to other musical instruments n.e.c.,32209,3220,322,Other manufacturing,Manufacturing
744,Manufacture of sports goods,32300,3230,323,Other manufacturing,Manufacturing
744,Sports goods related business activity,32300,3230,323,Other manufacturing,Manufacturing
744,Services related to sports goods,32300,3230,323,Other manufacturing,Manufacturing
745,Manufacture of dolls and toy animals,32401,3240,324,Other manufacturing,Manufacturing
745,Dolls and toy animals related business activity,32401,3240,324,Other manufacturing,Manufacturing
745,Services related to dolls and toy animals,32401,3240,324,Other manufacturing,Manufacturing
746,"Manufacture of wheeled toys designed to be ridden, including plastic bicycles and tricycles",32402,3240,324,Other manufacturing,Manufacturing
746,"Wheeled toys designed to be ridden, including plastic bicycles and tricycles related business activity",32402,3240,324,Other manufacturing,Manufacturing
746,"Services related to wheeled toys designed to be ridden, including plastic bicycles and tricycles",32402,3240,324,Other manufacturing,Manufacturing
747,"Manufacture of pin-tables, coin-operated games, billiards, special tables for casino games, etc.",32403,3240,324,Other manufacturing,Manufacturing
747,"Pin-tables, coin-operated games, billiards, special tables for casino games, etc. related business activity",32403,3240,324,Other manufacturing,Manufacturing
747,"Services related to pin-tables, coin-operated games, billiards, special tables for casino games, etc.",32403,3240,324,Other manufacturing,Manufacturing
748,Manufacture of playing cards,32404,3240,324,Other manufacturing,Manufacturing
748,Playing cards related business activity,32404,3240,324,Other manufacturing,Manufacturing
748,Services related to playing cards,32404,3240,324,Other manufacturing,Manufacturing
749,Manufacture of electronic games,32405,3240,324,Other manufacturing,Manufacturing
749,Electronic games related business activity,32405,3240,324,Other manufacturing,Manufacturing
749,Services related to electronic games,32405,3240,324,Other manufacturing,Manufacturing
750,Manufacture of other games and toys n.e.c.,32409,3240,324,Other manufacturing,Manufacturing
750,Other games and toys n.e.c. related business activity,32409,3240,324,Other manufacturing,Manufacturing
750,Services related to other games and toys n.e.c.,32409,3240,324,Other manufacturing,Manufacturing
751,"Manufacture of dental fillings and cements (except denture adhesive or cement), dental wax and other dental plaster preparations; manufacture of dental laboratory furnaces, dental instruments, artificial teeth, bridges, etc., made in dental labs",32501,3250,325,Other manufacturing,Manufacturing
751,"Dental fillings and cements (except denture adhesive or cement), dental wax and other dental plaster preparations; dental laboratory furnaces, dental instruments, artificial teeth, bridges, etc., made in dental labs related business activity",32501,3250,325,Other manufacturing,Manufacturing
751,"Services related to dental fillings and cements (except denture adhesive or cement), dental wax and other dental plaster preparations; dental laboratory furnaces, dental instruments, artificial teeth, bridges, etc., made in dental labs",32501,3250,325,Other manufacturing,Manufacturing
752,"Manufacture of laboratory apparatus (laboratory ultrasonic cleaning machinery, laboratory sterilizers, laboratory type distilling apparatus, laboratory centrifuges etc.)",32502,3250,325,Other manufacturing,Manufacturing
752,"Laboratory apparatus (laboratory ultrasonic cleaning machinery, laboratory sterilizers, laboratory type distilling apparatus, laboratory centrifuges etc.) related business activity",32502,3250,325,Other manufacturing,Manufacturing
752,"Services related to laboratory apparatus (laboratory ultrasonic cleaning machinery, laboratory sterilizers, laboratory type distilling apparatus, laboratory centrifuges etc.)",32502,3250,325,Other manufacturing,Manufacturing
753,"Manufacture of medical, surgical, dental or veterinary furniture such as operating tables, examination tables, dentistsÃ¢â¬â¢ chairs etc.",32503,3250,325,Other manufacturing,Manufacturing
753,"Medical, surgical, dental or veterinary furniture such as operating tables, examination tables, dentistsã¢â¬â¢ chairs etc. related business activity",32503,3250,325,Other manufacturing,Manufacturing
753,"Services related to medical, surgical, dental or veterinary furniture such as operating tables, examination tables, dentistsã¢â¬â¢ chairs etc.",32503,3250,325,Other manufacturing,Manufacturing
754,"Manufacture of bone plates and screws, syringes, needles, catheters, cannulae, etc.",32504,3250,325,Other manufacturing,Manufacturing
754,"Bone plates and screws, syringes, needles, catheters, cannulae, etc. related business activity",32504,3250,325,Other manufacturing,Manufacturing
754,"Services related to bone plates and screws, syringes, needles, catheters, cannulae, etc.",32504,3250,325,Other manufacturing,Manufacturing
755,Manufacture of measuring instruments suc as thermometers etc.,32505,3250,325,Other manufacturing,Manufacturing
755,Measuring instruments suc as thermometers etc. related business activity,32505,3250,325,Other manufacturing,Manufacturing
755,Services related to measuring instruments suc as thermometers etc.,32505,3250,325,Other manufacturing,Manufacturing
756,Manufacture of orthopedic and prosthetic devices,32506,3250,325,Other manufacturing,Manufacturing
756,Orthopedic and prosthetic devices related business activity,32506,3250,325,Other manufacturing,Manufacturing
756,Services related to orthopedic and prosthetic devices,32506,3250,325,Other manufacturing,Manufacturing
757,"Manufacture of ophthalmic goods, eyeglasses, sunglasses, lenses ground to prescription, contact lenses, safety goggles etc.",32507,3250,325,Other manufacturing,Manufacturing
757,"Ophthalmic goods, eyeglasses, sunglasses, lenses ground to prescription, contact lenses, safety goggles etc. related business activity",32507,3250,325,Other manufacturing,Manufacturing
757,"Services related to ophthalmic goods, eyeglasses, sunglasses, lenses ground to prescription, contact lenses, safety goggles etc.",32507,3250,325,Other manufacturing,Manufacturing
758,Manufacture of other medical and dental instruments n.e.c.,32509,3250,325,Other manufacturing,Manufacturing
758,Other medical and dental instruments n.e.c. related business activity,32509,3250,325,Other manufacturing,Manufacturing
758,Services related to other medical and dental instruments n.e.c.,32509,3250,325,Other manufacturing,Manufacturing
759,"Manufacture of stationary articles such as pens and pencils of all kinds whether or not mechanical, pencil leads, date, sealing or numbering stamps, hand-operated devices for printing or embossing labels, hand printing sets, prepared typewriter ribbons",32901,3290,329,Other manufacturing,Manufacturing
759,"Stationary articles such as pens and pencils all kinds whether or not mechanical, pencil leads, date, sealing or numbering stamps, hand-operated devices for printing or embossing labels, hand printing sets, prepared typewriter ribbons related business activity",32901,3290,329,Other manufacturing,Manufacturing
759,"Services related to stationary articles such as pens and pencils all kinds whether or not mechanical, pencil leads, date, sealing or numbering stamps, hand-operated devices for printing or embossing labels, hand printing sets, prepared typewriter ribbons",32901,3290,329,Other manufacturing,Manufacturing
760,Manufacture of protective safety equipment,32902,3290,329,Other manufacturing,Manufacturing
760,Protective safety equipment related business activity,32902,3290,329,Other manufacturing,Manufacturing
760,Services related to protective safety equipment,32902,3290,329,Other manufacturing,Manufacturing
761,"Manufacture of umbrellas, sun-umbrellas, walking sticks, seat-stick",32903,3290,329,Other manufacturing,Manufacturing
761,"Umbrellas, sun-umbrellas, walking sticks, seat-stick related business activity",32903,3290,329,Other manufacturing,Manufacturing
761,"Services related to umbrellas, sun-umbrellas, walking sticks, seat-stick",32903,3290,329,Other manufacturing,Manufacturing
762,"Manufacture of articles of personal use such as cigarette lighters, smoking pipes, combs, hair slides, scent sprays, vacuum flasks and other vacuum vessels for personal or household use, wigs, false beards, eyebrows etc.",32904,3290,329,Other manufacturing,Manufacturing
762,"Articles personal use such as cigarette lighters, smoking pipes, combs, hair slides, scent sprays, vacuum flasks and other vacuum vessels for personal or household use, wigs, false beards, eyebrows etc. related business activity",32904,3290,329,Other manufacturing,Manufacturing
762,"Services related to articles personal use such as cigarette lighters, smoking pipes, combs, hair slides, scent sprays, vacuum flasks and other vacuum vessels for personal or household use, wigs, false beards, eyebrows etc.",32904,3290,329,Other manufacturing,Manufacturing
763,Manufacture of other articles n.e.c.,32909,3290,329,Other manufacturing,Manufacturing
763,Other articles n.e.c. related business activity,32909,3290,329,Other manufacturing,Manufacturing
763,Services related to other articles n.e.c.,32909,3290,329,Other manufacturing,Manufacturing
764,Repair and maintenance of structural products,33111,3311,331,Repair and installation of machinery and equipment,Manufacturing
764,Repair and maintenance structural products related business activity,33111,3311,331,Repair and installation of machinery and equipment,Manufacturing
764,Services related to repair and maintenance structural products,33111,3311,331,Repair and installation of machinery and equipment,Manufacturing
765,Repair and maintenance of pipes and pipelines,33112,3311,331,Repair and installation of machinery and equipment,Manufacturing
765,Repair and maintenance pipes and pipelines related business activity,33112,3311,331,Repair and installation of machinery and equipment,Manufacturing
765,Services related to repair and maintenance pipes and pipelines,33112,3311,331,Repair and installation of machinery and equipment,Manufacturing
766,"Repair and maintenance of metal tanks, reservoirs, containers, steel shipping drums etc.",33113,3311,331,Repair and installation of machinery and equipment,Manufacturing
766,"Repair and maintenance metal tanks, reservoirs, containers, steel shipping drums etc. related business activity",33113,3311,331,Repair and installation of machinery and equipment,Manufacturing
766,"Services related to repair and maintenance metal tanks, reservoirs, containers, steel shipping drums etc.",33113,3311,331,Repair and installation of machinery and equipment,Manufacturing
767,"Repair and maintenance of steam or other vapour generators and auxiliary plant for use with steam generators such as condensers, economizers, superheaters, steam collectors and accumulators",33114,3311,331,Repair and installation of machinery and equipment,Manufacturing
767,"Repair and maintenance steam or other vapour generators and auxiliary plant for use with steam generators such as condensers, economizers, superheaters, steam collectors and accumulators related business activity",33114,3311,331,Repair and installation of machinery and equipment,Manufacturing
767,"Services related to repair and maintenance steam or other vapour generators and auxiliary plant for use with steam generators such as condensers, economizers, superheaters, steam collectors and accumulators",33114,3311,331,Repair and installation of machinery and equipment,Manufacturing
768,Repair and maintenance of other fabricated metal products,33119,3311,331,Repair and installation of machinery and equipment,Manufacturing
768,Repair and maintenance other fabricated metal products related business activity,33119,3311,331,Repair and installation of machinery and equipment,Manufacturing
768,Services related to repair and maintenance other fabricated metal products,33119,3311,331,Repair and installation of machinery and equipment,Manufacturing
769,"Repair and maintenance of engines and turbines excluding aircraft, vehicle and cycle engines",33121,3312,331,Repair and installation of machinery and equipment,Manufacturing
769,"Repair and maintenance engines and turbines excluding aircraft, vehicle and cycle engines related business activity",33121,3312,331,Repair and installation of machinery and equipment,Manufacturing
769,"Services related to repair and maintenance engines and turbines excluding aircraft, vehicle and cycle engines",33121,3312,331,Repair and installation of machinery and equipment,Manufacturing
770,"Repair and maintenance of pumps and related equipment, fluid power equipment, valves",33122,3312,331,Repair and installation of machinery and equipment,Manufacturing
770,"Repair and maintenance pumps and related equipment, fluid power equipment, valves related business activity",33122,3312,331,Repair and installation of machinery and equipment,Manufacturing
770,"Services related to repair and maintenance pumps and related equipment, fluid power equipment, valves",33122,3312,331,Repair and installation of machinery and equipment,Manufacturing
771,"Repair and maintenance of metal cutting and metal forming machine tools and accessories, power-driven hand-tools and other machine tools",33123,3312,331,Repair and installation of machinery and equipment,Manufacturing
771,"Repair and maintenance metal cutting and metal forming machine tools and accessories, power-driven hand-tools and other machine tools related business activity",33123,3312,331,Repair and installation of machinery and equipment,Manufacturing
771,"Services related to repair and maintenance metal cutting and metal forming machine tools and accessories, power-driven hand-tools and other machine tools",33123,3312,331,Repair and installation of machinery and equipment,Manufacturing
772,Repair and maintenance of agricultural machinery and forestry and logging machinery including agricultural tractors,33124,3312,331,Repair and installation of machinery and equipment,Manufacturing
772,Repair and maintenance agricultural machinery and forestry and logging machinery including agricultural tractors related business activity,33124,3312,331,Repair and installation of machinery and equipment,Manufacturing
772,Services related to repair and maintenance agricultural machinery and forestry and logging machinery including agricultural tractors,33124,3312,331,Repair and installation of machinery and equipment,Manufacturing
773,"Repair and maintenance of mining, construction, and oil and gas field machinery; metallurgy machinery",33125,3312,331,Repair and installation of machinery and equipment,Manufacturing
773,"Repair and maintenance mining, construction, and oil and gas field machinery; metallurgy machinery related business activity",33125,3312,331,Repair and installation of machinery and equipment,Manufacturing
773,"Services related to repair and maintenance mining, construction, and oil and gas field machinery; metallurgy machinery",33125,3312,331,Repair and installation of machinery and equipment,Manufacturing
774,"Repair and maintenance of food, beverage, and tobacco processing machinery",33126,3312,331,Repair and installation of machinery and equipment,Manufacturing
774,"Repair and maintenance food, beverage, and tobacco machinery related business activity",33126,3312,331,Repair and installation of machinery and equipment,Manufacturing
774,"Services related to repair and maintenance food, beverage, and tobacco machinery",33126,3312,331,Repair and installation of machinery and equipment,Manufacturing
775,"Repair and maintenance of textile apparel, leather production machinery and papermaking machinery",33127,3312,331,Repair and installation of machinery and equipment,Manufacturing
775,"Repair and maintenance textile apparel, leather machinery and papermaking machinery related business activity",33127,3312,331,Repair and installation of machinery and equipment,Manufacturing
775,"Services related to repair and maintenance textile apparel, leather machinery and papermaking machinery",33127,3312,331,Repair and installation of machinery and equipment,Manufacturing
776,"Repair and maintenance of other special purpose machinery of division 28 (weighing equipment, vending machines, cash registers, photocopy machines, calculators, typewriters etc.)",33129,3312,331,Repair and installation of machinery and equipment,Manufacturing
776,"Repair and maintenance other special purpose machinery division 28 (weighing equipment, vending machines, cash registers, photocopy machines, calculators, typewriters etc.) related business activity",33129,3312,331,Repair and installation of machinery and equipment,Manufacturing
776,"Services related to repair and maintenance other special purpose machinery division 28 (weighing equipment, vending machines, cash registers, photocopy machines, calculators, typewriters etc.)",33129,3312,331,Repair and installation of machinery and equipment,Manufacturing
777,"Repair and maintenance of measuring, testing, navigating and control equipment of group 265",33131,3313,331,Repair and installation of machinery and equipment,Manufacturing
777,"Repair and maintenance measuring, testing, navigating and control equipment group 265 related business activity",33131,3313,331,Repair and installation of machinery and equipment,Manufacturing
777,"Services related to repair and maintenance measuring, testing, navigating and control equipment group 265",33131,3313,331,Repair and installation of machinery and equipment,Manufacturing
778,"Repair and maintenance of irradiation, electromedical and electro theraputic equipmemts of class 2660",33132,3313,331,Repair and installation of machinery and equipment,Manufacturing
778,"Repair and maintenance irradiation, electromedical and electro theraputic equipmemts class 2660 related business activity",33132,3313,331,Repair and installation of machinery and equipment,Manufacturing
778,"Services related to repair and maintenance irradiation, electromedical and electro theraputic equipmemts class 2660",33132,3313,331,Repair and installation of machinery and equipment,Manufacturing
779,Repair and maintenance of optical instruments and equipment of class 2670,33133,3313,331,Repair and installation of machinery and equipment,Manufacturing
779,Repair and maintenance optical instruments and equipment class 2670 related business activity,33133,3313,331,Repair and installation of machinery and equipment,Manufacturing
779,Services related to repair and maintenance optical instruments and equipment class 2670,33133,3313,331,Repair and installation of machinery and equipment,Manufacturing
780,Repair of electrical equipment,33140,3314,331,Repair and installation of machinery and equipment,Manufacturing
780,Repair electrical equipment related business activity,33140,3314,331,Repair and installation of machinery and equipment,Manufacturing
780,Services related to repair electrical equipment,33140,3314,331,Repair and installation of machinery and equipment,Manufacturing
781,"Repair of transport equipment, except motor vehicles",33150,3315,331,Repair and installation of machinery and equipment,Manufacturing
781,"Repair transport equipment, except motor vehicles related business activity",33150,3315,331,Repair and installation of machinery and equipment,Manufacturing
781,"Services related to repair transport equipment, except motor vehicles",33150,3315,331,Repair and installation of machinery and equipment,Manufacturing
782,Repair of other equipment,33190,3319,331,Repair and installation of machinery and equipment,Manufacturing
782,Repair other equipment related business activity,33190,3319,331,Repair and installation of machinery and equipment,Manufacturing
782,Services related to repair other equipment,33190,3319,331,Repair and installation of machinery and equipment,Manufacturing
783,Installation of industrial machinery and equipment,33200,3320,332,Repair and installation of machinery and equipment,Manufacturing
783,Installation industrial machinery and equipment related business activity,33200,3320,332,Repair and installation of machinery and equipment,Manufacturing
783,Services related to installation industrial machinery and equipment,33200,3320,332,Repair and installation of machinery and equipment,Manufacturing
784,Electric power generation by hydroelectric power plants,35101,3510,351,"Electricity, gas, steam and air conditioning supply","Electricity, gas, steam and air conditioning supply"
784,Electric power generation by hydroelectric power plants related business activity,35101,3510,351,"Electricity, gas, steam and air conditioning supply","Electricity, gas, steam and air conditioning supply"
784,Services related to electric power generation by hydroelectric power plants,35101,3510,351,"Electricity, gas, steam and air conditioning supply","Electricity, gas, steam and air conditioning supply"
785,Electric power generation by coal based thermal power plants,35102,3510,351,"Electricity, gas, steam and air conditioning supply","Electricity, gas, steam and air conditioning supply"
785,Electric power generation by coal based thermal power plants related business activity,35102,3510,351,"Electricity, gas, steam and air conditioning supply","Electricity, gas, steam and air conditioning supply"
785,Services related to electric power generation by coal based thermal power plants,35102,3510,351,"Electricity, gas, steam and air conditioning supply","Electricity, gas, steam and air conditioning supply"
786,"Electric power generation by non-coal based thermal (e.g. diesel, gas )",35103,3510,351,"Electricity, gas, steam and air conditioning supply","Electricity, gas, steam and air conditioning supply"
786,"Electric power generation by non-coal based thermal (e.g. diesel, gas ) related business activity",35103,3510,351,"Electricity, gas, steam and air conditioning supply","Electricity, gas, steam and air conditioning supply"
786,"Services related to electric power generation by non-coal based thermal (e.g. diesel, gas )",35103,3510,351,"Electricity, gas, steam and air conditioning supply","Electricity, gas, steam and air conditioning supply"
787,Electric power generation and transmission by nuclear power plants,35104,3510,351,"Electricity, gas, steam and air conditioning supply","Electricity, gas, steam and air conditioning supply"
787,Electric power generation and transmission by nuclear power plants related business activity,35104,3510,351,"Electricity, gas, steam and air conditioning supply","Electricity, gas, steam and air conditioning supply"
787,Services related to electric power generation and transmission by nuclear power plants,35104,3510,351,"Electricity, gas, steam and air conditioning supply","Electricity, gas, steam and air conditioning supply"
788,Electric power generation using solar energy,35105,3510,351,"Electricity, gas, steam and air conditioning supply","Electricity, gas, steam and air conditioning supply"
788,Electric power generation using solar energy related business activity,35105,3510,351,"Electricity, gas, steam and air conditioning supply","Electricity, gas, steam and air conditioning supply"
788,Services related to electric power generation using solar energy,35105,3510,351,"Electricity, gas, steam and air conditioning supply","Electricity, gas, steam and air conditioning supply"
789,Electric power generation using other non conventional sources,35106,3510,351,"Electricity, gas, steam and air conditioning supply","Electricity, gas, steam and air conditioning supply"
789,Electric power generation using other non conventional sources related business activity,35106,3510,351,"Electricity, gas, steam and air conditioning supply","Electricity, gas, steam and air conditioning supply"
789,Services related to electric power generation using other non conventional sources,35106,3510,351,"Electricity, gas, steam and air conditioning supply","Electricity, gas, steam and air conditioning supply"
790,Transmission of electric energy,35107,3510,351,"Electricity, gas, steam and air conditioning supply","Electricity, gas, steam and air conditioning supply"
790,Transmission electric energy related business activity,35107,3510,351,"Electricity, gas, steam and air conditioning supply","Electricity, gas, steam and air conditioning supply"
790,Services related to transmission electric energy,35107,3510,351,"Electricity, gas, steam and air conditioning supply","Electricity, gas, steam and air conditioning supply"
791,"Collection and distribution of electric energy to households, industrial, commercial and other users n.e.c.",35109,3510,351,"Electricity, gas, steam and air conditioning supply","Electricity, gas, steam and air conditioning supply"
791,"Collection and distribution electric energy to households, industrial, commercial and other users n.e.c. related business activity",35109,3510,351,"Electricity, gas, steam and air conditioning supply","Electricity, gas, steam and air conditioning supply"
791,"Services related to collection and distribution electric energy to households, industrial, commercial and other users n.e.c.",35109,3510,351,"Electricity, gas, steam and air conditioning supply","Electricity, gas, steam and air conditioning supply"
792,Manufacture of gas,35201,3520,352,"Electricity, gas, steam and air conditioning supply","Electricity, gas, steam and air conditioning supply"
792,Gas related business activity,35201,3520,352,"Electricity, gas, steam and air conditioning supply","Electricity, gas, steam and air conditioning supply"
792,Services related to gas,35201,3520,352,"Electricity, gas, steam and air conditioning supply","Electricity, gas, steam and air conditioning supply"
793,Disrtibution and sale of gaseous fuels through mains,35202,3520,352,"Electricity, gas, steam and air conditioning supply","Electricity, gas, steam and air conditioning supply"
793,Disrtibution and sale gaseous fuels through mains related business activity,35202,3520,352,"Electricity, gas, steam and air conditioning supply","Electricity, gas, steam and air conditioning supply"
793,Services related to disrtibution and sale gaseous fuels through mains,35202,3520,352,"Electricity, gas, steam and air conditioning supply","Electricity, gas, steam and air conditioning supply"
794,"Production, collection and distribution of steam and hot water for heating, power and other purposes",35301,3530,353,"Electricity, gas, steam and air conditioning supply","Electricity, gas, steam and air conditioning supply"
794,"Production, collection and distribution steam and hot water for heating, power and other purposes related business activity",35301,3530,353,"Electricity, gas, steam and air conditioning supply","Electricity, gas, steam and air conditioning supply"
794,"Services related to production, collection and distribution steam and hot water for heating, power and other purposes",35301,3530,353,"Electricity, gas, steam and air conditioning supply","Electricity, gas, steam and air conditioning supply"
795,Production and distribution of cooled air and chilled water for cooling purposes,35302,3530,353,"Electricity, gas, steam and air conditioning supply","Electricity, gas, steam and air conditioning supply"
795,And distribution cooled air and chilled water for cooling purposes related business activity,35302,3530,353,"Electricity, gas, steam and air conditioning supply","Electricity, gas, steam and air conditioning supply"
795,Services related to and distribution cooled air and chilled water for cooling purposes,35302,3530,353,"Electricity, gas, steam and air conditioning supply","Electricity, gas, steam and air conditioning supply"
796,"Production of ice, including ice for food and non-food (e.g. cooling) purposes",35303,3530,353,"Electricity, gas, steam and air conditioning supply","Electricity, gas, steam and air conditioning supply"
796,"Ice, including ice for food and non-food (e.g. cooling) purposes related business activity",35303,3530,353,"Electricity, gas, steam and air conditioning supply","Electricity, gas, steam and air conditioning supply"
796,"Services related to ice, including ice for food and non-food (e.g. cooling) purposes",35303,3530,353,"Electricity, gas, steam and air conditioning supply","Electricity, gas, steam and air conditioning supply"
797,"Water collection, treatment and supply",36000,3600,360,"Water collection, treatment and supply","Water supply; sewerage, waste management and remediation activities"
797,"Water collection, treatment and supply related business activity",36000,3600,360,"Water collection, treatment and supply","Water supply; sewerage, waste management and remediation activities"
797,"Services related to water collection, treatment and supply",36000,3600,360,"Water collection, treatment and supply","Water supply; sewerage, waste management and remediation activities"
798,The operation and maintenance of sewer systems,37001,3700,370,Sewerage,"Water supply; sewerage, waste management and remediation activities"
798,The operation and maintenance sewer systems related business activity,37001,3700,370,Sewerage,"Water supply; sewerage, waste management and remediation activities"
798,Services related to the operation and maintenance sewer systems,37001,3700,370,Sewerage,"Water supply; sewerage, waste management and remediation activities"
799,"Collecting and transporting of human or industrial waste water or rain water by means of sewerage networks, collectors, tanks and other means of transport (sewage vehicles etc.)",37002,3700,370,Sewerage,"Water supply; sewerage, waste management and remediation activities"
799,"Collecting and transporting human or industrial waste water or rain water by means sewerage networks, collectors, tanks and other means transport (sewage vehicles etc.) related business activity",37002,3700,370,Sewerage,"Water supply; sewerage, waste management and remediation activities"
799,"Services related to collecting and transporting human or industrial waste water or rain water by means sewerage networks, collectors, tanks and other means transport (sewage vehicles etc.)",37002,3700,370,Sewerage,"Water supply; sewerage, waste management and remediation activities"
800,"Treatment of waste water or sewer by means of physical, chemical or biological processes",37003,3700,370,Sewerage,"Water supply; sewerage, waste management and remediation activities"
800,"Treatment waste water or sewer by means physical, chemical or biological processes related business activity",37003,3700,370,Sewerage,"Water supply; sewerage, waste management and remediation activities"
800,"Services related to treatment waste water or sewer by means physical, chemical or biological processes",37003,3700,370,Sewerage,"Water supply; sewerage, waste management and remediation activities"
801,Collection of non-hazardous waste,38110,3811,381,"Waste collection, treatment and disposal activities; materials recovery","Water supply; sewerage, waste management and remediation activities"
801,Collection non-hazardous waste related business activity,38110,3811,381,"Waste collection, treatment and disposal activities; materials recovery","Water supply; sewerage, waste management and remediation activities"
801,Services related to collection non-hazardous waste,38110,3811,381,"Waste collection, treatment and disposal activities; materials recovery","Water supply; sewerage, waste management and remediation activities"
802,Collection of hazardous waste,38120,3812,381,"Waste collection, treatment and disposal activities; materials recovery","Water supply; sewerage, waste management and remediation activities"
802,Collection hazardous waste related business activity,38120,3812,381,"Waste collection, treatment and disposal activities; materials recovery","Water supply; sewerage, waste management and remediation activities"
802,Services related to collection hazardous waste,38120,3812,381,"Waste collection, treatment and disposal activities; materials recovery","Water supply; sewerage, waste management and remediation activities"
803,Treatment and disposal of non-hazardous waste,38210,3821,382,"Waste collection, treatment and disposal activities; materials recovery","Water supply; sewerage, waste management and remediation activities"
803,Treatment and disposal non-hazardous waste related business activity,38210,3821,382,"Waste collection, treatment and disposal activities; materials recovery","Water supply; sewerage, waste management and remediation activities"
803,Services related to treatment and disposal non-hazardous waste,38210,3821,382,"Waste collection, treatment and disposal activities; materials recovery","Water supply; sewerage, waste management and remediation activities"
804,"Treatment and disposal of toxic live or dead animals and other, contaminated waste, disposal of used goods; incineration of hazardous waste",38221,3822,382,"Waste collection, treatment and disposal activities; materials recovery","Water supply; sewerage, waste management and remediation activities"
804,"Treatment and disposal toxic live or dead animals and other, contaminated waste, disposal used goods; incineration hazardous waste related business activity",38221,3822,382,"Waste collection, treatment and disposal activities; materials recovery","Water supply; sewerage, waste management and remediation activities"
804,"Services related to treatment and disposal toxic live or dead animals and other, contaminated waste, disposal used goods; incineration hazardous waste",38221,3822,382,"Waste collection, treatment and disposal activities; materials recovery","Water supply; sewerage, waste management and remediation activities"
805,"Treatment, disposal and storage of radioactive nuclear waste",38222,3822,382,"Waste collection, treatment and disposal activities; materials recovery","Water supply; sewerage, waste management and remediation activities"
805,"Treatment, disposal and storage radioactive nuclear waste related business activity",38222,3822,382,"Waste collection, treatment and disposal activities; materials recovery","Water supply; sewerage, waste management and remediation activities"
805,"Services related to treatment, disposal and storage radioactive nuclear waste",38222,3822,382,"Waste collection, treatment and disposal activities; materials recovery","Water supply; sewerage, waste management and remediation activities"
806,Materials recovery,38300,3830,383,"Waste collection, treatment and disposal activities; materials recovery","Water supply; sewerage, waste management and remediation activities"
806,Materials recovery related business activity,38300,3830,383,"Waste collection, treatment and disposal activities; materials recovery","Water supply; sewerage, waste management and remediation activities"
806,Services related to materials recovery,38300,3830,383,"Waste collection, treatment and disposal activities; materials recovery","Water supply; sewerage, waste management and remediation activities"
807,Remediation activities and other waste management services,39000,3900,390,Remediation activities and other waste management services,"Water supply; sewerage, waste management and remediation activities"
807,Remediation and other waste management services related business activity,39000,3900,390,Remediation activities and other waste management services,"Water supply; sewerage, waste management and remediation activities"
807,Services related to remediation and other waste management services,39000,3900,390,Remediation activities and other waste management services,"Water supply; sewerage, waste management and remediation activities"
808,Construction of buildings carried out on own-account basis or on a fee or contract basis,41001,4100,410,Construction of buildings,Construction
808,Construction buildings carried out on own-account basis or on a fee or contract basis related business activity,41001,4100,410,Construction of buildings,Construction
808,Services related to construction buildings carried out on own-account basis or on a fee or contract basis,41001,4100,410,Construction of buildings,Construction
809,"Activities relating to alteration, addition, repair, maintenance carried out on own-account basis or on a fee or contract basis",41002,4100,410,Construction of buildings,Construction
809,"Relating to alteration, addition, repair, maintenance carried out on own-account basis or on a fee or contract basis related business activity",41002,4100,410,Construction of buildings,Construction
809,"Services related to relating to alteration, addition, repair, maintenance carried out on own-account basis or on a fee or contract basis",41002,4100,410,Construction of buildings,Construction
810,Assembly and erection of prefabricated constructions on the site,41003,4100,410,Construction of buildings,Construction
810,Assembly and erection prefabricated constructions on the site related business activity,41003,4100,410,Construction of buildings,Construction
810,Services related to assembly and erection prefabricated constructions on the site,41003,4100,410,Construction of buildings,Construction
811,"Construction and maintenance of motorways, streets, roads, other vehicular and pedestrian ways, highways, bridges, tunnels and subways",42101,4210,421,Civil engineering,Construction
811,"Construction and maintenance motorways, streets, roads, other vehicular and pedestrian ways, highways, bridges, tunnels and subways related business activity",42101,4210,421,Civil engineering,Construction
811,"Services related to construction and maintenance motorways, streets, roads, other vehicular and pedestrian ways, highways, bridges, tunnels and subways",42101,4210,421,Civil engineering,Construction
812,Construction and maintenance of railways and rail-bridges,42102,4210,421,Civil engineering,Construction
812,Construction and maintenance railways and rail-bridges related business activity,42102,4210,421,Civil engineering,Construction
812,Services related to construction and maintenance railways and rail-bridges,42102,4210,421,Civil engineering,Construction
813,Construction and maintenance of airfield runways,42103,4210,421,Civil engineering,Construction
813,Construction and maintenance airfield runways related business activity,42103,4210,421,Civil engineering,Construction
813,Services related to construction and maintenance airfield runways,42103,4210,421,Civil engineering,Construction
814,Construction and maintenance of power plants,42201,4220,422,Civil engineering,Construction
814,Construction and maintenance power plants related business activity,42201,4220,422,Civil engineering,Construction
814,Services related to construction and maintenance power plants,42201,4220,422,Civil engineering,Construction
815,"Construction/erection and maintenance of power, telecommunication and transmission lines",42202,4220,422,Civil engineering,Construction
815,"Construction/erection and maintenance power, telecommunication and transmission lines related business activity",42202,4220,422,Civil engineering,Construction
815,"Services related to construction/erection and maintenance power, telecommunication and transmission lines",42202,4220,422,Civil engineering,Construction
816,Construction of long distance pipelines or urban pipelines,42203,4220,422,Civil engineering,Construction
816,Construction long distance pipelines or urban pipelines related business activity,42203,4220,422,Civil engineering,Construction
816,Services related to construction long distance pipelines or urban pipelines,42203,4220,422,Civil engineering,Construction
817,"Construction and maintenance of water main and line connection, water reservoirs including irrigation system (canal)",42204,4220,422,Civil engineering,Construction
817,"Construction and maintenance water main and line connection, water reservoirs including irrigation system (canal) related business activity",42204,4220,422,Civil engineering,Construction
817,"Services related to construction and maintenance water main and line connection, water reservoirs including irrigation system (canal)",42204,4220,422,Civil engineering,Construction
818,Construction and repair of sewer systems including sewage disposal plants and pumping stations,42205,4220,422,Civil engineering,Construction
818,Construction and repair sewer systems including sewage disposal plants and pumping stations related business activity,42205,4220,422,Civil engineering,Construction
818,Services related to construction and repair sewer systems including sewage disposal plants and pumping stations,42205,4220,422,Civil engineering,Construction
819,Water well drilling,42206,4220,422,Civil engineering,Construction
819,Water well drilling related business activity,42206,4220,422,Civil engineering,Construction
819,Services related to water well drilling,42206,4220,422,Civil engineering,Construction
820,Construction of utility projects n.e.c.,42209,4220,422,Civil engineering,Construction
820,Construction utility projects n.e.c. related business activity,42209,4220,422,Civil engineering,Construction
820,Services related to construction utility projects n.e.c.,42209,4220,422,Civil engineering,Construction
821,Construction and maintenance of industrial facilities such as refineries chemical plants etc.,42901,4290,429,Civil engineering,Construction
821,Construction and maintenance industrial facilities such as refineries chemical plants etc. related business activity,42901,4290,429,Civil engineering,Construction
821,Services related to construction and maintenance industrial facilities such as refineries chemical plants etc.,42901,4290,429,Civil engineering,Construction
822,"Construction of waterways, harbours and river works, dredging of waterways",42902,4290,429,Civil engineering,Construction
822,"Construction waterways, harbours and river works, dredging waterways related business activity",42902,4290,429,Civil engineering,Construction
822,"Services related to construction waterways, harbours and river works, dredging waterways",42902,4290,429,Civil engineering,Construction
823,Construction of dams etc.,42903,4290,429,Civil engineering,Construction
823,Construction dams etc. related business activity,42903,4290,429,Civil engineering,Construction
823,Services related to construction dams etc.,42903,4290,429,Civil engineering,Construction
824,Construction of outdoor sports facilities,42904,4290,429,Civil engineering,Construction
824,Construction outdoor sports facilities related business activity,42904,4290,429,Civil engineering,Construction
824,Services related to construction outdoor sports facilities,42904,4290,429,Civil engineering,Construction
825,Other civil engineering projects n.e.c.,42909,4290,429,Civil engineering,Construction
825,Other civil engineering projects n.e.c. related business activity,42909,4290,429,Civil engineering,Construction
825,Services related to other civil engineering projects n.e.c.,42909,4290,429,Civil engineering,Construction
826,Demolition,43110,4311,431,Specialized construction activities,Construction
826,Demolition related business activity,43110,4311,431,Specialized construction activities,Construction
826,Services related to demolition,43110,4311,431,Specialized construction activities,Construction
827,Site preparation for mining including overburden removal and other development and preparation of mineral properties and sites except oil and gas sites,43121,4312,431,Specialized construction activities,Construction
827,Site preparation for including overburden removal and other development and preparation mineral properties and sites except oil and gas sites related business activity,43121,4312,431,Specialized construction activities,Construction
827,Services related to site preparation for including overburden removal and other development and preparation mineral properties and sites except oil and gas sites,43121,4312,431,Specialized construction activities,Construction
828,"Site preparation including drilling, boring and core sampling for construction, geophysical, geological or similar purposes",43122,4312,431,Specialized construction activities,Construction
828,"Site preparation including drilling, boring and core sampling for construction, geophysical, geological or similar purposes related business activity",43122,4312,431,Specialized construction activities,Construction
828,"Services related to site preparation including drilling, boring and core sampling for construction, geophysical, geological or similar purposes",43122,4312,431,Specialized construction activities,Construction
829,"Clearing of building sites, earth moving: excavation, landfill, levelling and grading of construction sites, trench digging, rock removal, blasting etc.",43123,4312,431,Specialized construction activities,Construction
829,"Clearing building sites, earth moving: excavation, landfill, levelling and grading construction sites, trench digging, rock removal, blasting etc. related business activity",43123,4312,431,Specialized construction activities,Construction
829,"Services related to clearing building sites, earth moving: excavation, landfill, levelling and grading construction sites, trench digging, rock removal, blasting etc.",43123,4312,431,Specialized construction activities,Construction
830,Other site preparation activities n.e.c.,43129,4312,431,Specialized construction activities,Construction
830,Other site preparation n.e.c. related business activity,43129,4312,431,Specialized construction activities,Construction
830,Services related to other site preparation n.e.c.,43129,4312,431,Specialized construction activities,Construction
831,Installation of electrical wiring and fittings,43211,4321,432,Specialized construction activities,Construction
831,Installation electrical wiring and fittings related business activity,43211,4321,432,Specialized construction activities,Construction
831,Services related to installation electrical wiring and fittings,43211,4321,432,Specialized construction activities,Construction
832,"Installation of telecommunications wiring, computer network and cable television wiring, including fibre optic, satellite dishes",43212,4321,432,Specialized construction activities,Construction
832,"Installation telecommunications wiring, computer network and cable television wiring, including fibre optic, satellite dishes related business activity",43212,4321,432,Specialized construction activities,Construction
832,"Services related to installation telecommunications wiring, computer network and cable television wiring, including fibre optic, satellite dishes",43212,4321,432,Specialized construction activities,Construction
833,Installation of street lighting and electrical signals,43213,4321,432,Specialized construction activities,Construction
833,Installation street lighting and electrical signals related business activity,43213,4321,432,Specialized construction activities,Construction
833,Services related to installation street lighting and electrical signals,43213,4321,432,Specialized construction activities,Construction
834,Installation of fire alarm system and burgler alarm system,43214,4321,432,Specialized construction activities,Construction
834,Installation fire alarm system and burgler alarm system related business activity,43214,4321,432,Specialized construction activities,Construction
834,Services related to installation fire alarm system and burgler alarm system,43214,4321,432,Specialized construction activities,Construction
835,Other electrical electrical installation n.e.c.,43219,4321,432,Specialized construction activities,Construction
835,Other electrical electrical installation n.e.c. related business activity,43219,4321,432,Specialized construction activities,Construction
835,Services related to other electrical electrical installation n.e.c.,43219,4321,432,Specialized construction activities,Construction
836,"Installation of plumbing for water, gas and sanitation equipments",43221,4322,432,Specialized construction activities,Construction
836,"Installation plumbing for water, gas and sanitation equipments related business activity",43221,4322,432,Specialized construction activities,Construction
836,"Services related to installation plumbing for water, gas and sanitation equipments",43221,4322,432,Specialized construction activities,Construction
837,"Installation of heating systems (electric, gas and oil), furnaces, cooling towers, non-electric solar energy collectors etc.",43222,4322,432,Specialized construction activities,Construction
837,"Installation heating systems (electric, gas and oil), furnaces, cooling towers, non-electric solar energy collectors etc. related business activity",43222,4322,432,Specialized construction activities,Construction
837,"Services related to installation heating systems (electric, gas and oil), furnaces, cooling towers, non-electric solar energy collectors etc.",43222,4322,432,Specialized construction activities,Construction
838,"Other plumbing, heat and air conditioning activities n.e.c.",43229,4322,432,Specialized construction activities,Construction
838,"Other plumbing, heat and air conditioning n.e.c. related business activity",43229,4322,432,Specialized construction activities,Construction
838,"Services related to other plumbing, heat and air conditioning n.e.c.",43229,4322,432,Specialized construction activities,Construction
839,"Installation of elevators, escalators",43291,4329,432,Specialized construction activities,Construction
839,"Installation elevators, escalators related business activity",43291,4329,432,Specialized construction activities,Construction
839,"Services related to installation elevators, escalators",43291,4329,432,Specialized construction activities,Construction
840,"Installation of thermal, sound or vibration insulation system in buildings",43292,4329,432,Specialized construction activities,Construction
840,"Installation thermal, sound or vibration insulation system in buildings related business activity",43292,4329,432,Specialized construction activities,Construction
840,"Services related to installation thermal, sound or vibration insulation system in buildings",43292,4329,432,Specialized construction activities,Construction
841,Other construction projects n.e.c.,43299,4329,432,Specialized construction activities,Construction
841,Other construction projects n.e.c. related business activity,43299,4329,432,Specialized construction activities,Construction
841,Services related to other construction projects n.e.c.,43299,4329,432,Specialized construction activities,Construction
842,"Installation of doors, windows, door and window frames, fitted kitchens, of wood or other materials",43301,4330,433,Specialized construction activities,Construction
842,"Installation doors, windows, door and window frames, fitted kitchens, wood or other materials related business activity",43301,4330,433,Specialized construction activities,Construction
842,"Services related to installation doors, windows, door and window frames, fitted kitchens, wood or other materials",43301,4330,433,Specialized construction activities,Construction
843,"Interior completion such as ceilings, wooden wall coverings, movable partitions etc. ; Laying of parquet and other wood floor coverings, carpets and linoleum, wallpaper; tiling with ceramic, concrete or cut stone ceramic etc.",43302,4330,433,Specialized construction activities,Construction
843,"Interior completion such as ceilings, wooden wall coverings, movable partitions etc. ; laying parquet and other wood floor coverings, carpets and linoleum, wallpaper; tiling with ceramic, concrete or cut stone ceramic etc. related business activity",43302,4330,433,Specialized construction activities,Construction
843,"Services related to interior completion such as ceilings, wooden wall coverings, movable partitions etc. ; laying parquet and other wood floor coverings, carpets and linoleum, wallpaper; tiling with ceramic, concrete or cut stone ceramic etc.",43302,4330,433,Specialized construction activities,Construction
844,"Interior and exterior painting, glazing, plastering and decorating of buildings or civil engineering structures",43303,4330,433,Specialized construction activities,Construction
844,"Interior and exterior painting, glazing, plastering and decorating buildings or civil engineering structures related business activity",43303,4330,433,Specialized construction activities,Construction
844,"Services related to interior and exterior painting, glazing, plastering and decorating buildings or civil engineering structures",43303,4330,433,Specialized construction activities,Construction
845,Other building completion and finishing,43309,4330,433,Specialized construction activities,Construction
845,Other building completion and finishing related business activity,43309,4330,433,Specialized construction activities,Construction
845,Services related to other building completion and finishing,43309,4330,433,Specialized construction activities,Construction
846,Other specialized construction activities,43900,4390,439,Specialized construction activities,Construction
846,Other specialized construction activities related business activity,43900,4390,439,Specialized construction activities,Construction
846,Services related to other specialized construction activities,43900,4390,439,Specialized construction activities,Construction
847,"Wholesale and retail sale of new vehicles (passenger motor vehicles, ambulances, minibuses, jeeps, trucks, trailers and semi-trailers)",45101,4510,451,Wholesale and retail trade and repair of motor vehicles and motorcycles,Wholesale and retail trade; repair of motor vehicles and motorcycles
847,"And sale new vehicles (passenger motor vehicles, ambulances, minibuses, jeeps, trucks, trailers and semi-trailers) related business activity",45101,4510,451,Wholesale and retail trade and repair of motor vehicles and motorcycles,Wholesale and retail trade; repair of motor vehicles and motorcycles
847,"Services related to and sale new vehicles (passenger motor vehicles, ambulances, minibuses, jeeps, trucks, trailers and semi-trailers)",45101,4510,451,Wholesale and retail trade and repair of motor vehicles and motorcycles,Wholesale and retail trade; repair of motor vehicles and motorcycles
848,Wholesale and retail sale of used motor vehicles,45102,4510,451,Wholesale and retail trade and repair of motor vehicles and motorcycles,Wholesale and retail trade; repair of motor vehicles and motorcycles
848,And sale used motor vehicles related business activity,45102,4510,451,Wholesale and retail trade and repair of motor vehicles and motorcycles,Wholesale and retail trade; repair of motor vehicles and motorcycles
848,Services related to and sale used motor vehicles,45102,4510,451,Wholesale and retail trade and repair of motor vehicles and motorcycles,Wholesale and retail trade; repair of motor vehicles and motorcycles
849,Maintenance and repair of motor vehicles,45200,4520,452,Wholesale and retail trade and repair of motor vehicles and motorcycles,Wholesale and retail trade; repair of motor vehicles and motorcycles
849,Maintenance and repair motor vehicles related business activity,45200,4520,452,Wholesale and retail trade and repair of motor vehicles and motorcycles,Wholesale and retail trade; repair of motor vehicles and motorcycles
849,Services related to maintenance and repair motor vehicles,45200,4520,452,Wholesale and retail trade and repair of motor vehicles and motorcycles,Wholesale and retail trade; repair of motor vehicles and motorcycles
850,Sale of motor vehicle parts and accessories,45300,4530,453,Wholesale and retail trade and repair of motor vehicles and motorcycles,Wholesale and retail trade; repair of motor vehicles and motorcycles
850,Sale motor vehicle parts and accessories related business activity,45300,4530,453,Wholesale and retail trade and repair of motor vehicles and motorcycles,Wholesale and retail trade; repair of motor vehicles and motorcycles
850,Services related to sale motor vehicle parts and accessories,45300,4530,453,Wholesale and retail trade and repair of motor vehicles and motorcycles,Wholesale and retail trade; repair of motor vehicles and motorcycles
851,"Wholesale or retail sale of new motorcycles, mopeds, scooters and three wheelers",45401,4540,454,Wholesale and retail trade and repair of motor vehicles and motorcycles,Wholesale and retail trade; repair of motor vehicles and motorcycles
851,"Or sale new motorcycles, mopeds, scooters and three wheelers related business activity",45401,4540,454,Wholesale and retail trade and repair of motor vehicles and motorcycles,Wholesale and retail trade; repair of motor vehicles and motorcycles
851,"Services related to or sale new motorcycles, mopeds, scooters and three wheelers",45401,4540,454,Wholesale and retail trade and repair of motor vehicles and motorcycles,Wholesale and retail trade; repair of motor vehicles and motorcycles
852,"Wholesale or retail sale of parts and accessories of motorcycles, mopeds, scooters and three wheelers",45402,4540,454,Wholesale and retail trade and repair of motor vehicles and motorcycles,Wholesale and retail trade; repair of motor vehicles and motorcycles
852,"Or sale parts and accessories motorcycles, mopeds, scooters and three wheelers related business activity",45402,4540,454,Wholesale and retail trade and repair of motor vehicles and motorcycles,Wholesale and retail trade; repair of motor vehicles and motorcycles
852,"Services related to or sale parts and accessories motorcycles, mopeds, scooters and three wheelers",45402,4540,454,Wholesale and retail trade and repair of motor vehicles and motorcycles,Wholesale and retail trade; repair of motor vehicles and motorcycles
853,"Maintenance and repair of motor cycles, mopeds, scooters and three wheelers",45403,4540,454,Wholesale and retail trade and repair of motor vehicles and motorcycles,Wholesale and retail trade; repair of motor vehicles and motorcycles
853,"Maintenance and repair motor cycles, mopeds, scooters and three wheelers related business activity",45403,4540,454,Wholesale and retail trade and repair of motor vehicles and motorcycles,Wholesale and retail trade; repair of motor vehicles and motorcycles
853,"Services related to maintenance and repair motor cycles, mopeds, scooters and three wheelers",45403,4540,454,Wholesale and retail trade and repair of motor vehicles and motorcycles,Wholesale and retail trade; repair of motor vehicles and motorcycles
854,"Activities of commission agents, brokers dealing in wholesale trade of agricultural raw material, live animals, food, beverages, intoxicants and textiles",46101,4610,461,"Wholesale trade, except of motor vehicles and motorcycles",Wholesale and retail trade; repair of motor vehicles and motorcycles
854,"Commission agents, brokers dealing in trade agricultural raw material, live animals, food, beverages, intoxicants and textiles related business activity",46101,4610,461,"Wholesale trade, except of motor vehicles and motorcycles",Wholesale and retail trade; repair of motor vehicles and motorcycles
854,"Services related to commission agents, brokers dealing in trade agricultural raw material, live animals, food, beverages, intoxicants and textiles",46101,4610,461,"Wholesale trade, except of motor vehicles and motorcycles",Wholesale and retail trade; repair of motor vehicles and motorcycles
855,"Activities of commission agents dealing in wholesale trade inwood, paper, skin, leather and fur, fuel, petroleum products, chemicals, perfumery and cosmetics, glass, minerals, ores and metals",46102,4610,461,"Wholesale trade, except of motor vehicles and motorcycles",Wholesale and retail trade; repair of motor vehicles and motorcycles
855,"Commission agents dealing in trade inwood, paper, skin, leather and fur, fuel, petroleum products, chemicals, perfumery and cosmetics, glass, minerals, ores and metals related business activity",46102,4610,461,"Wholesale trade, except of motor vehicles and motorcycles",Wholesale and retail trade; repair of motor vehicles and motorcycles
855,"Services related to commission agents dealing in trade inwood, paper, skin, leather and fur, fuel, petroleum products, chemicals, perfumery and cosmetics, glass, minerals, ores and metals",46102,4610,461,"Wholesale trade, except of motor vehicles and motorcycles",Wholesale and retail trade; repair of motor vehicles and motorcycles
856,"Activities of commission agents dealing in wholesale trade in machinery & equipment, other than transport machinery",46103,4610,461,"Wholesale trade, except of motor vehicles and motorcycles",Wholesale and retail trade; repair of motor vehicles and motorcycles
856,"Commission agents dealing in trade in machinery & equipment, other than transport machinery related business activity",46103,4610,461,"Wholesale trade, except of motor vehicles and motorcycles",Wholesale and retail trade; repair of motor vehicles and motorcycles
856,"Services related to commission agents dealing in trade in machinery & equipment, other than transport machinery",46103,4610,461,"Wholesale trade, except of motor vehicles and motorcycles",Wholesale and retail trade; repair of motor vehicles and motorcycles
857,Activities of other commission agents n.e.c. (including commission agents working in emerging areas for wholesale trade,46109,4610,461,"Wholesale trade, except of motor vehicles and motorcycles",Wholesale and retail trade; repair of motor vehicles and motorcycles
857,Other commission agents n.e.c. (including commission agents working in emerging areas for trade related business activity,46109,4610,461,"Wholesale trade, except of motor vehicles and motorcycles",Wholesale and retail trade; repair of motor vehicles and motorcycles
857,Services related to other commission agents n.e.c. (including commission agents working in emerging areas for trade,46109,4610,461,"Wholesale trade, except of motor vehicles and motorcycles",Wholesale and retail trade; repair of motor vehicles and motorcycles
858,Wholesale of cereals & pulses,46201,4620,462,"Wholesale trade, except of motor vehicles and motorcycles",Wholesale and retail trade; repair of motor vehicles and motorcycles
858,Cereals & pulses related business activity,46201,4620,462,"Wholesale trade, except of motor vehicles and motorcycles",Wholesale and retail trade; repair of motor vehicles and motorcycles
858,Services related to cereals & pulses,46201,4620,462,"Wholesale trade, except of motor vehicles and motorcycles",Wholesale and retail trade; repair of motor vehicles and motorcycles
859,"Wholesale of un-manufactured tobacco, paan (betel leaf), opium, ganja, cinchona etc",46202,4620,462,"Wholesale trade, except of motor vehicles and motorcycles",Wholesale and retail trade; repair of motor vehicles and motorcycles
859,"Un-manufactured tobacco, paan (betel leaf), opium, ganja, cinchona etc related business activity",46202,4620,462,"Wholesale trade, except of motor vehicles and motorcycles",Wholesale and retail trade; repair of motor vehicles and motorcycles
859,"Services related to un-manufactured tobacco, paan (betel leaf), opium, ganja, cinchona etc",46202,4620,462,"Wholesale trade, except of motor vehicles and motorcycles",Wholesale and retail trade; repair of motor vehicles and motorcycles
860,Wholesale of live animals and poultry,46203,4620,462,"Wholesale trade, except of motor vehicles and motorcycles",Wholesale and retail trade; repair of motor vehicles and motorcycles
860,Live animals and poultry related business activity,46203,4620,462,"Wholesale trade, except of motor vehicles and motorcycles",Wholesale and retail trade; repair of motor vehicles and motorcycles
860,Services related to live animals and poultry,46203,4620,462,"Wholesale trade, except of motor vehicles and motorcycles",Wholesale and retail trade; repair of motor vehicles and motorcycles
861,"Wholesale of straw, fodder & other animal/poultry feed",46204,4620,462,"Wholesale trade, except of motor vehicles and motorcycles",Wholesale and retail trade; repair of motor vehicles and motorcycles
861,"Straw, fodder & other animal/poultry feed related business activity",46204,4620,462,"Wholesale trade, except of motor vehicles and motorcycles",Wholesale and retail trade; repair of motor vehicles and motorcycles
861,"Services related to straw, fodder & other animal/poultry feed",46204,4620,462,"Wholesale trade, except of motor vehicles and motorcycles",Wholesale and retail trade; repair of motor vehicles and motorcycles
862,Wholesale of flowers and plants,46205,4620,462,"Wholesale trade, except of motor vehicles and motorcycles",Wholesale and retail trade; repair of motor vehicles and motorcycles
862,Flowers and plants related business activity,46205,4620,462,"Wholesale trade, except of motor vehicles and motorcycles",Wholesale and retail trade; repair of motor vehicles and motorcycles
862,Services related to flowers and plants,46205,4620,462,"Wholesale trade, except of motor vehicles and motorcycles",Wholesale and retail trade; repair of motor vehicles and motorcycles
863,"Wholesale of hides, skins and leather",46206,4620,462,"Wholesale trade, except of motor vehicles and motorcycles",Wholesale and retail trade; repair of motor vehicles and motorcycles
863,"Hides, skins and leather related business activity",46206,4620,462,"Wholesale trade, except of motor vehicles and motorcycles",Wholesale and retail trade; repair of motor vehicles and motorcycles
863,"Services related to hides, skins and leather",46206,4620,462,"Wholesale trade, except of motor vehicles and motorcycles",Wholesale and retail trade; repair of motor vehicles and motorcycles
864,Wholesale of oilseed oleaginous fruits,46207,4620,462,"Wholesale trade, except of motor vehicles and motorcycles",Wholesale and retail trade; repair of motor vehicles and motorcycles
864,Oilseed oleaginous fruits related business activity,46207,4620,462,"Wholesale trade, except of motor vehicles and motorcycles",Wholesale and retail trade; repair of motor vehicles and motorcycles
864,Services related to oilseed oleaginous fruits,46207,4620,462,"Wholesale trade, except of motor vehicles and motorcycles",Wholesale and retail trade; repair of motor vehicles and motorcycles
865,Wholesale of sugarcane,46208,4620,462,"Wholesale trade, except of motor vehicles and motorcycles",Wholesale and retail trade; repair of motor vehicles and motorcycles
865,Sugarcane related business activity,46208,4620,462,"Wholesale trade, except of motor vehicles and motorcycles",Wholesale and retail trade; repair of motor vehicles and motorcycles
865,Services related to sugarcane,46208,4620,462,"Wholesale trade, except of motor vehicles and motorcycles",Wholesale and retail trade; repair of motor vehicles and motorcycles
866,Whole sale of other agriculture raw materials n.e.c.,46209,4620,462,"Wholesale trade, except of motor vehicles and motorcycles",Wholesale and retail trade; repair of motor vehicles and motorcycles
866,Whole sale other agriculture raw materials n.e.c. related business activity,46209,4620,462,"Wholesale trade, except of motor vehicles and motorcycles",Wholesale and retail trade; repair of motor vehicles and motorcycles
866,Services related to whole sale other agriculture raw materials n.e.c.,46209,4620,462,"Wholesale trade, except of motor vehicles and motorcycles",Wholesale and retail trade; repair of motor vehicles and motorcycles
867,Wholesale of fruits & vegetables,46301,4630,463,"Wholesale trade, except of motor vehicles and motorcycles",Wholesale and retail trade; repair of motor vehicles and motorcycles
867,Fruits & vegetables related business activity,46301,4630,463,"Wholesale trade, except of motor vehicles and motorcycles",Wholesale and retail trade; repair of motor vehicles and motorcycles
867,Services related to fruits & vegetables,46301,4630,463,"Wholesale trade, except of motor vehicles and motorcycles",Wholesale and retail trade; repair of motor vehicles and motorcycles
868,Wholesale of raw milk & dairy products,46302,4630,463,"Wholesale trade, except of motor vehicles and motorcycles",Wholesale and retail trade; repair of motor vehicles and motorcycles
868,Raw milk & dairy products related business activity,46302,4630,463,"Wholesale trade, except of motor vehicles and motorcycles",Wholesale and retail trade; repair of motor vehicles and motorcycles
868,Services related to raw milk & dairy products,46302,4630,463,"Wholesale trade, except of motor vehicles and motorcycles",Wholesale and retail trade; repair of motor vehicles and motorcycles
869,"Wholesale of meat, fish & eggs",46303,4630,463,"Wholesale trade, except of motor vehicles and motorcycles",Wholesale and retail trade; repair of motor vehicles and motorcycles
869,"Meat, fish & eggs related business activity",46303,4630,463,"Wholesale trade, except of motor vehicles and motorcycles",Wholesale and retail trade; repair of motor vehicles and motorcycles
869,"Services related to meat, fish & eggs",46303,4630,463,"Wholesale trade, except of motor vehicles and motorcycles",Wholesale and retail trade; repair of motor vehicles and motorcycles
870,"Wholesale of confectionery, bakery products and beverages other than intoxicants",46304,4630,463,"Wholesale trade, except of motor vehicles and motorcycles",Wholesale and retail trade; repair of motor vehicles and motorcycles
870,"Confectionery, bakery products and beverages other than intoxicants related business activity",46304,4630,463,"Wholesale trade, except of motor vehicles and motorcycles",Wholesale and retail trade; repair of motor vehicles and motorcycles
870,"Services related to confectionery, bakery products and beverages other than intoxicants",46304,4630,463,"Wholesale trade, except of motor vehicles and motorcycles",Wholesale and retail trade; repair of motor vehicles and motorcycles
871,"Wholesale of edible oils, fats, sugar and processed/manufactured spices etc.",46305,4630,463,"Wholesale trade, except of motor vehicles and motorcycles",Wholesale and retail trade; repair of motor vehicles and motorcycles
871,"Edible oils, fats, sugar and processed/manufactured spices etc. related business activity",46305,4630,463,"Wholesale trade, except of motor vehicles and motorcycles",Wholesale and retail trade; repair of motor vehicles and motorcycles
871,"Services related to edible oils, fats, sugar and processed/manufactured spices etc.",46305,4630,463,"Wholesale trade, except of motor vehicles and motorcycles",Wholesale and retail trade; repair of motor vehicles and motorcycles
872,"Wholesale of tea, coffee & cocoa",46306,4630,463,"Wholesale trade, except of motor vehicles and motorcycles",Wholesale and retail trade; repair of motor vehicles and motorcycles
872,"Tea, coffee & cocoa related business activity",46306,4630,463,"Wholesale trade, except of motor vehicles and motorcycles",Wholesale and retail trade; repair of motor vehicles and motorcycles
872,"Services related to tea, coffee & cocoa",46306,4630,463,"Wholesale trade, except of motor vehicles and motorcycles",Wholesale and retail trade; repair of motor vehicles and motorcycles
873,Wholesale of manufactured tobacco & tobacco products,46307,4630,463,"Wholesale trade, except of motor vehicles and motorcycles",Wholesale and retail trade; repair of motor vehicles and motorcycles
873,Manufactured tobacco & tobacco products related business activity,46307,4630,463,"Wholesale trade, except of motor vehicles and motorcycles",Wholesale and retail trade; repair of motor vehicles and motorcycles
873,Services related to manufactured tobacco & tobacco products,46307,4630,463,"Wholesale trade, except of motor vehicles and motorcycles",Wholesale and retail trade; repair of motor vehicles and motorcycles
874,Wholesale of intoxicants like wines and liquors,46308,4630,463,"Wholesale trade, except of motor vehicles and motorcycles",Wholesale and retail trade; repair of motor vehicles and motorcycles
874,Intoxicants like wines and liquors related business activity,46308,4630,463,"Wholesale trade, except of motor vehicles and motorcycles",Wholesale and retail trade; repair of motor vehicles and motorcycles
874,Services related to intoxicants like wines and liquors,46308,4630,463,"Wholesale trade, except of motor vehicles and motorcycles",Wholesale and retail trade; repair of motor vehicles and motorcycles
875,Wholesale of other basic/manufactured food stuffs n.e.c.,46309,4630,463,"Wholesale trade, except of motor vehicles and motorcycles",Wholesale and retail trade; repair of motor vehicles and motorcycles
875,Other basic/manufactured food stuffs n.e.c. related business activity,46309,4630,463,"Wholesale trade, except of motor vehicles and motorcycles",Wholesale and retail trade; repair of motor vehicles and motorcycles
875,Services related to other basic/manufactured food stuffs n.e.c.,46309,4630,463,"Wholesale trade, except of motor vehicles and motorcycles",Wholesale and retail trade; repair of motor vehicles and motorcycles
876,"Wholesale of textiles, fabrics, yarn, household linen, articles of clothing, floor coverings and tapestry, sports clothes",46411,4641,464,"Wholesale trade, except of motor vehicles and motorcycles",Wholesale and retail trade; repair of motor vehicles and motorcycles
876,"Textiles, fabrics, yarn, household linen, articles clothing, floor coverings and tapestry, sports clothes related business activity",46411,4641,464,"Wholesale trade, except of motor vehicles and motorcycles",Wholesale and retail trade; repair of motor vehicles and motorcycles
876,"Services related to textiles, fabrics, yarn, household linen, articles clothing, floor coverings and tapestry, sports clothes",46411,4641,464,"Wholesale trade, except of motor vehicles and motorcycles",Wholesale and retail trade; repair of motor vehicles and motorcycles
877,Wholesale of umbrella and clothing accessories,46412,4641,464,"Wholesale trade, except of motor vehicles and motorcycles",Wholesale and retail trade; repair of motor vehicles and motorcycles
877,Umbrella and clothing accessories related business activity,46412,4641,464,"Wholesale trade, except of motor vehicles and motorcycles",Wholesale and retail trade; repair of motor vehicles and motorcycles
877,Services related to umbrella and clothing accessories,46412,4641,464,"Wholesale trade, except of motor vehicles and motorcycles",Wholesale and retail trade; repair of motor vehicles and motorcycles
878,Wholesale of footwear,46413,4641,464,"Wholesale trade, except of motor vehicles and motorcycles",Wholesale and retail trade; repair of motor vehicles and motorcycles
878,Footwear related business activity,46413,4641,464,"Wholesale trade, except of motor vehicles and motorcycles",Wholesale and retail trade; repair of motor vehicles and motorcycles
878,Services related to footwear,46413,4641,464,"Wholesale trade, except of motor vehicles and motorcycles",Wholesale and retail trade; repair of motor vehicles and motorcycles
879,Wholesale of other clothing items n.e.c.,46419,4641,464,"Wholesale trade, except of motor vehicles and motorcycles",Wholesale and retail trade; repair of motor vehicles and motorcycles
879,Other clothing items n.e.c. related business activity,46419,4641,464,"Wholesale trade, except of motor vehicles and motorcycles",Wholesale and retail trade; repair of motor vehicles and motorcycles
879,Services related to other clothing items n.e.c.,46419,4641,464,"Wholesale trade, except of motor vehicles and motorcycles",Wholesale and retail trade; repair of motor vehicles and motorcycles
880,"Wholesale of toiletry, perfumery and cosmetics",46491,4649,464,"Wholesale trade, except of motor vehicles and motorcycles",Wholesale and retail trade; repair of motor vehicles and motorcycles
880,"Toiletry, perfumery and cosmetics related business activity",46491,4649,464,"Wholesale trade, except of motor vehicles and motorcycles",Wholesale and retail trade; repair of motor vehicles and motorcycles
880,"Services related to toiletry, perfumery and cosmetics",46491,4649,464,"Wholesale trade, except of motor vehicles and motorcycles",Wholesale and retail trade; repair of motor vehicles and motorcycles
881,"Wholesale of metal, porcelain and glass utensils; crockery and chinaware",46492,4649,464,"Wholesale trade, except of motor vehicles and motorcycles",Wholesale and retail trade; repair of motor vehicles and motorcycles
881,"Metal, porcelain and glass utensils; crockery and chinaware related business activity",46492,4649,464,"Wholesale trade, except of motor vehicles and motorcycles",Wholesale and retail trade; repair of motor vehicles and motorcycles
881,"Services related to metal, porcelain and glass utensils; crockery and chinaware",46492,4649,464,"Wholesale trade, except of motor vehicles and motorcycles",Wholesale and retail trade; repair of motor vehicles and motorcycles
882,Wholesale of furniture and fixtures,46493,4649,464,"Wholesale trade, except of motor vehicles and motorcycles",Wholesale and retail trade; repair of motor vehicles and motorcycles
882,Furniture and fixtures related business activity,46493,4649,464,"Wholesale trade, except of motor vehicles and motorcycles",Wholesale and retail trade; repair of motor vehicles and motorcycles
882,Services related to furniture and fixtures,46493,4649,464,"Wholesale trade, except of motor vehicles and motorcycles",Wholesale and retail trade; repair of motor vehicles and motorcycles
883,"Wholesale of watches, clocks and optical goods",46494,4649,464,"Wholesale trade, except of motor vehicles and motorcycles",Wholesale and retail trade; repair of motor vehicles and motorcycles
883,"Watches, clocks and optical goods related business activity",46494,4649,464,"Wholesale trade, except of motor vehicles and motorcycles",Wholesale and retail trade; repair of motor vehicles and motorcycles
883,"Services related to watches, clocks and optical goods",46494,4649,464,"Wholesale trade, except of motor vehicles and motorcycles",Wholesale and retail trade; repair of motor vehicles and motorcycles
884,"Wholesale of recorded audio or video tapes, CDs and DVDs",46495,4649,464,"Wholesale trade, except of motor vehicles and motorcycles",Wholesale and retail trade; repair of motor vehicles and motorcycles
884,"Recorded audio or video tapes, cds and dvds related business activity",46495,4649,464,"Wholesale trade, except of motor vehicles and motorcycles",Wholesale and retail trade; repair of motor vehicles and motorcycles
884,"Services related to recorded audio or video tapes, cds and dvds",46495,4649,464,"Wholesale trade, except of motor vehicles and motorcycles",Wholesale and retail trade; repair of motor vehicles and motorcycles
885,"Wholesale of paper and other stationery items; books, magazines and newspapers",46496,4649,464,"Wholesale trade, except of motor vehicles and motorcycles",Wholesale and retail trade; repair of motor vehicles and motorcycles
885,"Paper and other stationery items; books, magazines and newspapers related business activity",46496,4649,464,"Wholesale trade, except of motor vehicles and motorcycles",Wholesale and retail trade; repair of motor vehicles and motorcycles
885,"Services related to paper and other stationery items; books, magazines and newspapers",46496,4649,464,"Wholesale trade, except of motor vehicles and motorcycles",Wholesale and retail trade; repair of motor vehicles and motorcycles
886,Wholesale of pharmaceutical and medical goods,46497,4649,464,"Wholesale trade, except of motor vehicles and motorcycles",Wholesale and retail trade; repair of motor vehicles and motorcycles
886,Pharmaceutical and medical goods related business activity,46497,4649,464,"Wholesale trade, except of motor vehicles and motorcycles",Wholesale and retail trade; repair of motor vehicles and motorcycles
886,Services related to pharmaceutical and medical goods,46497,4649,464,"Wholesale trade, except of motor vehicles and motorcycles",Wholesale and retail trade; repair of motor vehicles and motorcycles
887,Wholesale of precious metals and jewellery,46498,4649,464,"Wholesale trade, except of motor vehicles and motorcycles",Wholesale and retail trade; repair of motor vehicles and motorcycles
887,Precious metals and jewellery related business activity,46498,4649,464,"Wholesale trade, except of motor vehicles and motorcycles",Wholesale and retail trade; repair of motor vehicles and motorcycles
887,Services related to precious metals and jewellery,46498,4649,464,"Wholesale trade, except of motor vehicles and motorcycles",Wholesale and retail trade; repair of motor vehicles and motorcycles
888,"Wholesale of other households goods, n.e.c. [Includes wholesale of household equipment and appliances, n.e.c; photographic equipment, games, toys and sports goods (also includes bicycles, cycle rickshaw, tonga & other non-mechanised vehicles);]",46499,4649,464,"Wholesale trade, except of motor vehicles and motorcycles",Wholesale and retail trade; repair of motor vehicles and motorcycles
888,"Other households goods, n.e.c. [includes household equipment and appliances, n.e.c; photographic equipment, games, toys and sports goods (also includes bicycles, cycle rickshaw, tonga & other non-mechanised vehicles);] related business activity",46499,4649,464,"Wholesale trade, except of motor vehicles and motorcycles",Wholesale and retail trade; repair of motor vehicles and motorcycles
888,"Services related to other households goods, n.e.c. [includes household equipment and appliances, n.e.c; photographic equipment, games, toys and sports goods (also includes bicycles, cycle rickshaw, tonga & other non-mechanised vehicles);]",46499,4649,464,"Wholesale trade, except of motor vehicles and motorcycles",Wholesale and retail trade; repair of motor vehicles and motorcycles
889,Wholesale of computers and computer peripheral equipment,46511,4651,465,"Wholesale trade, except of motor vehicles and motorcycles",Wholesale and retail trade; repair of motor vehicles and motorcycles
889,Computers and computer peripheral equipment related business activity,46511,4651,465,"Wholesale trade, except of motor vehicles and motorcycles",Wholesale and retail trade; repair of motor vehicles and motorcycles
889,Services related to computers and computer peripheral equipment,46511,4651,465,"Wholesale trade, except of motor vehicles and motorcycles",Wholesale and retail trade; repair of motor vehicles and motorcycles
890,Wholesale of software,46512,4651,465,"Wholesale trade, except of motor vehicles and motorcycles",Wholesale and retail trade; repair of motor vehicles and motorcycles
890,Software related business activity,46512,4651,465,"Wholesale trade, except of motor vehicles and motorcycles",Wholesale and retail trade; repair of motor vehicles and motorcycles
890,Services related to software,46512,4651,465,"Wholesale trade, except of motor vehicles and motorcycles",Wholesale and retail trade; repair of motor vehicles and motorcycles
891,"Wholesale of electronic valves and tubes, semiconductor devices, microchips, integrated circuits and printed circuits",46521,4652,465,"Wholesale trade, except of motor vehicles and motorcycles",Wholesale and retail trade; repair of motor vehicles and motorcycles
891,"Electronic valves and tubes, semiconductor devices, microchips, integrated circuits and printed circuits related business activity",46521,4652,465,"Wholesale trade, except of motor vehicles and motorcycles",Wholesale and retail trade; repair of motor vehicles and motorcycles
891,"Services related to electronic valves and tubes, semiconductor devices, microchips, integrated circuits and printed circuits",46521,4652,465,"Wholesale trade, except of motor vehicles and motorcycles",Wholesale and retail trade; repair of motor vehicles and motorcycles
892,"Wholesale of radio, television and other consumer electronics including CD/ DVD players and recorders",46522,4652,465,"Wholesale trade, except of motor vehicles and motorcycles",Wholesale and retail trade; repair of motor vehicles and motorcycles
892,"Radio, television and other consumer electronics including cd/ dvd players and recorders related business activity",46522,4652,465,"Wholesale trade, except of motor vehicles and motorcycles",Wholesale and retail trade; repair of motor vehicles and motorcycles
892,"Services related to radio, television and other consumer electronics including cd/ dvd players and recorders",46522,4652,465,"Wholesale trade, except of motor vehicles and motorcycles",Wholesale and retail trade; repair of motor vehicles and motorcycles
893,"Wholesale of blank audio and video tapes and diskettes, magnetic and optical disks (CDs, DVDs) and parts",46523,4652,465,"Wholesale trade, except of motor vehicles and motorcycles",Wholesale and retail trade; repair of motor vehicles and motorcycles
893,"Blank audio and video tapes and diskettes, magnetic and optical disks (cds, dvds) and parts related business activity",46523,4652,465,"Wholesale trade, except of motor vehicles and motorcycles",Wholesale and retail trade; repair of motor vehicles and motorcycles
893,"Services related to blank audio and video tapes and diskettes, magnetic and optical disks (cds, dvds) and parts",46523,4652,465,"Wholesale trade, except of motor vehicles and motorcycles",Wholesale and retail trade; repair of motor vehicles and motorcycles
894,"Wholesale of telephone, mobile phone and communications equipment and parts",46524,4652,465,"Wholesale trade, except of motor vehicles and motorcycles",Wholesale and retail trade; repair of motor vehicles and motorcycles
894,"Telephone, mobile phone and communications equipment and parts related business activity",46524,4652,465,"Wholesale trade, except of motor vehicles and motorcycles",Wholesale and retail trade; repair of motor vehicles and motorcycles
894,"Services related to telephone, mobile phone and communications equipment and parts",46524,4652,465,"Wholesale trade, except of motor vehicles and motorcycles",Wholesale and retail trade; repair of motor vehicles and motorcycles
895,Wholesale of other electronic equipments and parts thereof,46529,4652,465,"Wholesale trade, except of motor vehicles and motorcycles",Wholesale and retail trade; repair of motor vehicles and motorcycles
895,Other electronic equipments and parts thereof related business activity,46529,4652,465,"Wholesale trade, except of motor vehicles and motorcycles",Wholesale and retail trade; repair of motor vehicles and motorcycles
895,Services related to other electronic equipments and parts thereof,46529,4652,465,"Wholesale trade, except of motor vehicles and motorcycles",Wholesale and retail trade; repair of motor vehicles and motorcycles
896,Wholesale of tractors used in agriculture and forestry,46531,4653,465,"Wholesale trade, except of motor vehicles and motorcycles",Wholesale and retail trade; repair of motor vehicles and motorcycles
896,Tractors used in agriculture and forestry related business activity,46531,4653,465,"Wholesale trade, except of motor vehicles and motorcycles",Wholesale and retail trade; repair of motor vehicles and motorcycles
896,Services related to tractors used in agriculture and forestry,46531,4653,465,"Wholesale trade, except of motor vehicles and motorcycles",Wholesale and retail trade; repair of motor vehicles and motorcycles
897,"Wholesale of ploughs, manure spreaders, seeders, harvesters, threshers",46532,4653,465,"Wholesale trade, except of motor vehicles and motorcycles",Wholesale and retail trade; repair of motor vehicles and motorcycles
897,"Ploughs, manure spreaders, seeders, harvesters, threshers related business activity",46532,4653,465,"Wholesale trade, except of motor vehicles and motorcycles",Wholesale and retail trade; repair of motor vehicles and motorcycles
897,"Services related to ploughs, manure spreaders, seeders, harvesters, threshers",46532,4653,465,"Wholesale trade, except of motor vehicles and motorcycles",Wholesale and retail trade; repair of motor vehicles and motorcycles
898,"Wholesale of milking machines, poultry-keeping machines, bee-keeping machines",46533,4653,465,"Wholesale trade, except of motor vehicles and motorcycles",Wholesale and retail trade; repair of motor vehicles and motorcycles
898,"Milking machines, poultry-keeping machines, bee-keeping machines related business activity",46533,4653,465,"Wholesale trade, except of motor vehicles and motorcycles",Wholesale and retail trade; repair of motor vehicles and motorcycles
898,"Services related to milking machines, poultry-keeping machines, bee-keeping machines",46533,4653,465,"Wholesale trade, except of motor vehicles and motorcycles",Wholesale and retail trade; repair of motor vehicles and motorcycles
899,Wholesale of other agriculture machinery n.e.c.,46539,4653,465,"Wholesale trade, except of motor vehicles and motorcycles",Wholesale and retail trade; repair of motor vehicles and motorcycles
899,Other agriculture machinery n.e.c. related business activity,46539,4653,465,"Wholesale trade, except of motor vehicles and motorcycles",Wholesale and retail trade; repair of motor vehicles and motorcycles
899,Services related to other agriculture machinery n.e.c.,46539,4653,465,"Wholesale trade, except of motor vehicles and motorcycles",Wholesale and retail trade; repair of motor vehicles and motorcycles
900,"Wholesale of office machinery and equipment, except computers and computer peripheral equipment",46591,4659,465,"Wholesale trade, except of motor vehicles and motorcycles",Wholesale and retail trade; repair of motor vehicles and motorcycles
900,"Office machinery and equipment, except computers and computer peripheral equipment related business activity",46591,4659,465,"Wholesale trade, except of motor vehicles and motorcycles",Wholesale and retail trade; repair of motor vehicles and motorcycles
900,"Services related to office machinery and equipment, except computers and computer peripheral equipment",46591,4659,465,"Wholesale trade, except of motor vehicles and motorcycles",Wholesale and retail trade; repair of motor vehicles and motorcycles
901,"Wholesale of transport equipment except motor vehicles, motorcycles and bicycles",46592,4659,465,"Wholesale trade, except of motor vehicles and motorcycles",Wholesale and retail trade; repair of motor vehicles and motorcycles
901,"Transport equipment except motor vehicles, motorcycles and bicycles related business activity",46592,4659,465,"Wholesale trade, except of motor vehicles and motorcycles",Wholesale and retail trade; repair of motor vehicles and motorcycles
901,"Services related to transport equipment except motor vehicles, motorcycles and bicycles",46592,4659,465,"Wholesale trade, except of motor vehicles and motorcycles",Wholesale and retail trade; repair of motor vehicles and motorcycles
902,"Wholesale of electrical machinery, equipment and supplies, n.e.c.",46593,4659,465,"Wholesale trade, except of motor vehicles and motorcycles",Wholesale and retail trade; repair of motor vehicles and motorcycles
902,"Electrical machinery, equipment and supplies, n.e.c. related business activity",46593,4659,465,"Wholesale trade, except of motor vehicles and motorcycles",Wholesale and retail trade; repair of motor vehicles and motorcycles
902,"Services related to electrical machinery, equipment and supplies, n.e.c.",46593,4659,465,"Wholesale trade, except of motor vehicles and motorcycles",Wholesale and retail trade; repair of motor vehicles and motorcycles
903,Wholesale of construction and civil engineering machinery and equipment,46594,4659,465,"Wholesale trade, except of motor vehicles and motorcycles",Wholesale and retail trade; repair of motor vehicles and motorcycles
903,Construction and civil engineering machinery and equipment related business activity,46594,4659,465,"Wholesale trade, except of motor vehicles and motorcycles",Wholesale and retail trade; repair of motor vehicles and motorcycles
903,Services related to construction and civil engineering machinery and equipment,46594,4659,465,"Wholesale trade, except of motor vehicles and motorcycles",Wholesale and retail trade; repair of motor vehicles and motorcycles
904,"Wholesale of machinery and equipment for the textile, wood and metal industries etc.",46595,4659,465,"Wholesale trade, except of motor vehicles and motorcycles",Wholesale and retail trade; repair of motor vehicles and motorcycles
904,"Machinery and equipment for the textile, wood and metal industries etc. related business activity",46595,4659,465,"Wholesale trade, except of motor vehicles and motorcycles",Wholesale and retail trade; repair of motor vehicles and motorcycles
904,"Services related to machinery and equipment for the textile, wood and metal industries etc.",46595,4659,465,"Wholesale trade, except of motor vehicles and motorcycles",Wholesale and retail trade; repair of motor vehicles and motorcycles
905,"Wholesale of scientific, medical and surgical machinery and equipment",46596,4659,465,"Wholesale trade, except of motor vehicles and motorcycles",Wholesale and retail trade; repair of motor vehicles and motorcycles
905,"Scientific, medical and surgical machinery and equipment related business activity",46596,4659,465,"Wholesale trade, except of motor vehicles and motorcycles",Wholesale and retail trade; repair of motor vehicles and motorcycles
905,"Services related to scientific, medical and surgical machinery and equipment",46596,4659,465,"Wholesale trade, except of motor vehicles and motorcycles",Wholesale and retail trade; repair of motor vehicles and motorcycles
906,"Wholesale of other machinery, equipment and supplies n.e.c. including computer-controlled machine tools and computer-controlled sewing and knitting machines",46599,4659,465,"Wholesale trade, except of motor vehicles and motorcycles",Wholesale and retail trade; repair of motor vehicles and motorcycles
906,"Other machinery, equipment and supplies n.e.c. including computer-controlled machine tools and computer-controlled sewing and knitting machines related business activity",46599,4659,465,"Wholesale trade, except of motor vehicles and motorcycles",Wholesale and retail trade; repair of motor vehicles and motorcycles
906,"Services related to other machinery, equipment and supplies n.e.c. including computer-controlled machine tools and computer-controlled sewing and knitting machines",46599,4659,465,"Wholesale trade, except of motor vehicles and motorcycles",Wholesale and retail trade; repair of motor vehicles and motorcycles
907,"Wholesale of solid, liquid and gaseous fuels and related products",46610,4661,466,"Wholesale trade, except of motor vehicles and motorcycles",Wholesale and retail trade; repair of motor vehicles and motorcycles
907,"Solid, liquid and gaseous fuels and related products related business activity",46610,4661,466,"Wholesale trade, except of motor vehicles and motorcycles",Wholesale and retail trade; repair of motor vehicles and motorcycles
907,"Services related to solid, liquid and gaseous fuels and related products",46610,4661,466,"Wholesale trade, except of motor vehicles and motorcycles",Wholesale and retail trade; repair of motor vehicles and motorcycles
908,Wholesale of metals and metal ores,46620,4662,466,"Wholesale trade, except of motor vehicles and motorcycles",Wholesale and retail trade; repair of motor vehicles and motorcycles
908,Metals and metal ores related business activity,46620,4662,466,"Wholesale trade, except of motor vehicles and motorcycles",Wholesale and retail trade; repair of motor vehicles and motorcycles
908,Services related to metals and metal ores,46620,4662,466,"Wholesale trade, except of motor vehicles and motorcycles",Wholesale and retail trade; repair of motor vehicles and motorcycles
909,Wholesale of wood in the rough and products of primary processing of wood,46631,4663,466,"Wholesale trade, except of motor vehicles and motorcycles",Wholesale and retail trade; repair of motor vehicles and motorcycles
909,Wood in the rough and products primary wood related business activity,46631,4663,466,"Wholesale trade, except of motor vehicles and motorcycles",Wholesale and retail trade; repair of motor vehicles and motorcycles
909,Services related to wood in the rough and products primary wood,46631,4663,466,"Wholesale trade, except of motor vehicles and motorcycles",Wholesale and retail trade; repair of motor vehicles and motorcycles
910,"Wholesale of construction materials (sand, gravel etc.)",46632,4663,466,"Wholesale trade, except of motor vehicles and motorcycles",Wholesale and retail trade; repair of motor vehicles and motorcycles
910,"Construction materials (sand, gravel etc.) related business activity",46632,4663,466,"Wholesale trade, except of motor vehicles and motorcycles",Wholesale and retail trade; repair of motor vehicles and motorcycles
910,"Services related to construction materials (sand, gravel etc.)",46632,4663,466,"Wholesale trade, except of motor vehicles and motorcycles",Wholesale and retail trade; repair of motor vehicles and motorcycles
911,"Wholesale of hardware and sanitary fittings and fixtures and flat glass including tools such as hammers, saws, screwdrivers and other hand tools",46633,4663,466,"Wholesale trade, except of motor vehicles and motorcycles",Wholesale and retail trade; repair of motor vehicles and motorcycles
911,"Hardware and sanitary fittings and fixtures and flat glass including tools such as hammers, saws, screwdrivers and other hand tools related business activity",46633,4663,466,"Wholesale trade, except of motor vehicles and motorcycles",Wholesale and retail trade; repair of motor vehicles and motorcycles
911,"Services related to hardware and sanitary fittings and fixtures and flat glass including tools such as hammers, saws, screwdrivers and other hand tools",46633,4663,466,"Wholesale trade, except of motor vehicles and motorcycles",Wholesale and retail trade; repair of motor vehicles and motorcycles
912,"Wholesale of paints, varnishes, and lacquers",46634,4663,466,"Wholesale trade, except of motor vehicles and motorcycles",Wholesale and retail trade; repair of motor vehicles and motorcycles
912,"Paints, varnishes, and lacquers related business activity",46634,4663,466,"Wholesale trade, except of motor vehicles and motorcycles",Wholesale and retail trade; repair of motor vehicles and motorcycles
912,"Services related to paints, varnishes, and lacquers",46634,4663,466,"Wholesale trade, except of motor vehicles and motorcycles",Wholesale and retail trade; repair of motor vehicles and motorcycles
913,Wholesale of other construction equipment n.e.c.,46639,4663,466,"Wholesale trade, except of motor vehicles and motorcycles",Wholesale and retail trade; repair of motor vehicles and motorcycles
913,Other construction equipment n.e.c. related business activity,46639,4663,466,"Wholesale trade, except of motor vehicles and motorcycles",Wholesale and retail trade; repair of motor vehicles and motorcycles
913,Services related to other construction equipment n.e.c.,46639,4663,466,"Wholesale trade, except of motor vehicles and motorcycles",Wholesale and retail trade; repair of motor vehicles and motorcycles
914,Wholesale of industrial chemicals,46691,4669,466,"Wholesale trade, except of motor vehicles and motorcycles",Wholesale and retail trade; repair of motor vehicles and motorcycles
914,Industrial chemicals related business activity,46691,4669,466,"Wholesale trade, except of motor vehicles and motorcycles",Wholesale and retail trade; repair of motor vehicles and motorcycles
914,Services related to industrial chemicals,46691,4669,466,"Wholesale trade, except of motor vehicles and motorcycles",Wholesale and retail trade; repair of motor vehicles and motorcycles
915,Wholesale of fertilizers and agrochemical products,46692,4669,466,"Wholesale trade, except of motor vehicles and motorcycles",Wholesale and retail trade; repair of motor vehicles and motorcycles
915,Fertilizers and agrochemical products related business activity,46692,4669,466,"Wholesale trade, except of motor vehicles and motorcycles",Wholesale and retail trade; repair of motor vehicles and motorcycles
915,Services related to fertilizers and agrochemical products,46692,4669,466,"Wholesale trade, except of motor vehicles and motorcycles",Wholesale and retail trade; repair of motor vehicles and motorcycles
916,Wholesale of plastic materials in primary forms,46693,4669,466,"Wholesale trade, except of motor vehicles and motorcycles",Wholesale and retail trade; repair of motor vehicles and motorcycles
916,Plastic materials in primary forms related business activity,46693,4669,466,"Wholesale trade, except of motor vehicles and motorcycles",Wholesale and retail trade; repair of motor vehicles and motorcycles
916,Services related to plastic materials in primary forms,46693,4669,466,"Wholesale trade, except of motor vehicles and motorcycles",Wholesale and retail trade; repair of motor vehicles and motorcycles
917,Wholesale of rubber,46694,4669,466,"Wholesale trade, except of motor vehicles and motorcycles",Wholesale and retail trade; repair of motor vehicles and motorcycles
917,Rubber related business activity,46694,4669,466,"Wholesale trade, except of motor vehicles and motorcycles",Wholesale and retail trade; repair of motor vehicles and motorcycles
917,Services related to rubber,46694,4669,466,"Wholesale trade, except of motor vehicles and motorcycles",Wholesale and retail trade; repair of motor vehicles and motorcycles
918,Wholesale of textile fibres etc.,46695,4669,466,"Wholesale trade, except of motor vehicles and motorcycles",Wholesale and retail trade; repair of motor vehicles and motorcycles
918,Textile fibres etc. related business activity,46695,4669,466,"Wholesale trade, except of motor vehicles and motorcycles",Wholesale and retail trade; repair of motor vehicles and motorcycles
918,Services related to textile fibres etc.,46695,4669,466,"Wholesale trade, except of motor vehicles and motorcycles",Wholesale and retail trade; repair of motor vehicles and motorcycles
919,Wholesale of paper in bulk,46696,4669,466,"Wholesale trade, except of motor vehicles and motorcycles",Wholesale and retail trade; repair of motor vehicles and motorcycles
919,Paper in bulk related business activity,46696,4669,466,"Wholesale trade, except of motor vehicles and motorcycles",Wholesale and retail trade; repair of motor vehicles and motorcycles
919,Services related to paper in bulk,46696,4669,466,"Wholesale trade, except of motor vehicles and motorcycles",Wholesale and retail trade; repair of motor vehicles and motorcycles
920,Wholesale of precious stones,46697,4669,466,"Wholesale trade, except of motor vehicles and motorcycles",Wholesale and retail trade; repair of motor vehicles and motorcycles
920,Precious stones related business activity,46697,4669,466,"Wholesale trade, except of motor vehicles and motorcycles",Wholesale and retail trade; repair of motor vehicles and motorcycles
920,Services related to precious stones,46697,4669,466,"Wholesale trade, except of motor vehicles and motorcycles",Wholesale and retail trade; repair of motor vehicles and motorcycles
921,Wholesale of metal and non-metal waste and scrap n.e.c.,46699,4669,466,"Wholesale trade, except of motor vehicles and motorcycles",Wholesale and retail trade; repair of motor vehicles and motorcycles
921,Metal and non-metal waste and scrap n.e.c. related business activity,46699,4669,466,"Wholesale trade, except of motor vehicles and motorcycles",Wholesale and retail trade; repair of motor vehicles and motorcycles
921,Services related to metal and non-metal waste and scrap n.e.c.,46699,4669,466,"Wholesale trade, except of motor vehicles and motorcycles",Wholesale and retail trade; repair of motor vehicles and motorcycles
922,Wholesale trade via e-commerce excluding activities of commission agents,46901,4690,469,"Wholesale trade, except of motor vehicles and motorcycles",Wholesale and retail trade; repair of motor vehicles and motorcycles
922,Trade via e-commerce excluding commission agents related business activity,46901,4690,469,"Wholesale trade, except of motor vehicles and motorcycles",Wholesale and retail trade; repair of motor vehicles and motorcycles
922,Services related to trade via e-commerce excluding commission agents,46901,4690,469,"Wholesale trade, except of motor vehicles and motorcycles",Wholesale and retail trade; repair of motor vehicles and motorcycles
923,Other non-specialised wholesale trade n.e.c.,46909,4690,469,"Wholesale trade, except of motor vehicles and motorcycles",Wholesale and retail trade; repair of motor vehicles and motorcycles
923,Other non-specialised trade n.e.c. related business activity,46909,4690,469,"Wholesale trade, except of motor vehicles and motorcycles",Wholesale and retail trade; repair of motor vehicles and motorcycles
923,Services related to other non-specialised trade n.e.c.,46909,4690,469,"Wholesale trade, except of motor vehicles and motorcycles",Wholesale and retail trade; repair of motor vehicles and motorcycles
924,"Retail sale in non-specialized stores with food, beverages or tobacco predominating",47110,4711,471,"Retail trade, except of motor vehicles and motorcycles",Wholesale and retail trade; repair of motor vehicles and motorcycles
924,"Sale in non-specialized stores with food, beverages or tobacco predominating related business activity",47110,4711,471,"Retail trade, except of motor vehicles and motorcycles",Wholesale and retail trade; repair of motor vehicles and motorcycles
924,"Services related to sale in non-specialized stores with food, beverages or tobacco predominating",47110,4711,471,"Retail trade, except of motor vehicles and motorcycles",Wholesale and retail trade; repair of motor vehicles and motorcycles
925,Other retail sale in non-specialized stores,47190,4719,471,"Retail trade, except of motor vehicles and motorcycles",Wholesale and retail trade; repair of motor vehicles and motorcycles
925,Other sale in non-specialized stores related business activity,47190,4719,471,"Retail trade, except of motor vehicles and motorcycles",Wholesale and retail trade; repair of motor vehicles and motorcycles
925,Services related to other sale in non-specialized stores,47190,4719,471,"Retail trade, except of motor vehicles and motorcycles",Wholesale and retail trade; repair of motor vehicles and motorcycles
926,"Retail sale of cereals and pulses, tea, coffee, spices and flour",47211,4721,472,"Retail trade, except of motor vehicles and motorcycles",Wholesale and retail trade; repair of motor vehicles and motorcycles
926,"Sale cereals and pulses, tea, coffee, spices and flour related business activity",47211,4721,472,"Retail trade, except of motor vehicles and motorcycles",Wholesale and retail trade; repair of motor vehicles and motorcycles
926,"Services related to sale cereals and pulses, tea, coffee, spices and flour",47211,4721,472,"Retail trade, except of motor vehicles and motorcycles",Wholesale and retail trade; repair of motor vehicles and motorcycles
927,Retail sale of fresh or preserved fruit and vegetables,47212,4721,472,"Retail trade, except of motor vehicles and motorcycles",Wholesale and retail trade; repair of motor vehicles and motorcycles
927,Sale fresh or preserved fruit and vegetables related business activity,47212,4721,472,"Retail trade, except of motor vehicles and motorcycles",Wholesale and retail trade; repair of motor vehicles and motorcycles
927,Services related to sale fresh or preserved fruit and vegetables,47212,4721,472,"Retail trade, except of motor vehicles and motorcycles",Wholesale and retail trade; repair of motor vehicles and motorcycles
928,"Retail sale of meat, meat products, poultry products, fish, other seafood and products thereof",47213,4721,472,"Retail trade, except of motor vehicles and motorcycles",Wholesale and retail trade; repair of motor vehicles and motorcycles
928,"Sale meat, meat products, poultry products, fish, other seafood and products thereof related business activity",47213,4721,472,"Retail trade, except of motor vehicles and motorcycles",Wholesale and retail trade; repair of motor vehicles and motorcycles
928,"Services related to sale meat, meat products, poultry products, fish, other seafood and products thereof",47213,4721,472,"Retail trade, except of motor vehicles and motorcycles",Wholesale and retail trade; repair of motor vehicles and motorcycles
929,"Retail sale of bakery products, dairy products and eggs",47214,4721,472,"Retail trade, except of motor vehicles and motorcycles",Wholesale and retail trade; repair of motor vehicles and motorcycles
929,"Sale bakery products, dairy products and eggs related business activity",47214,4721,472,"Retail trade, except of motor vehicles and motorcycles",Wholesale and retail trade; repair of motor vehicles and motorcycles
929,"Services related to sale bakery products, dairy products and eggs",47214,4721,472,"Retail trade, except of motor vehicles and motorcycles",Wholesale and retail trade; repair of motor vehicles and motorcycles
930,Retail sale of sugar confectionery and sweetmeat,47215,4721,472,"Retail trade, except of motor vehicles and motorcycles",Wholesale and retail trade; repair of motor vehicles and motorcycles
930,Sale sugar confectionery and sweetmeat related business activity,47215,4721,472,"Retail trade, except of motor vehicles and motorcycles",Wholesale and retail trade; repair of motor vehicles and motorcycles
930,Services related to sale sugar confectionery and sweetmeat,47215,4721,472,"Retail trade, except of motor vehicles and motorcycles",Wholesale and retail trade; repair of motor vehicles and motorcycles
931,Retail sale of other food products n.e.c.,47219,4721,472,"Retail trade, except of motor vehicles and motorcycles",Wholesale and retail trade; repair of motor vehicles and motorcycles
931,Sale other food products n.e.c. related business activity,47219,4721,472,"Retail trade, except of motor vehicles and motorcycles",Wholesale and retail trade; repair of motor vehicles and motorcycles
931,Services related to sale other food products n.e.c.,47219,4721,472,"Retail trade, except of motor vehicles and motorcycles",Wholesale and retail trade; repair of motor vehicles and motorcycles
932,Retail sale of alcoholic beverages not consumed on the spot,47221,4722,472,"Retail trade, except of motor vehicles and motorcycles",Wholesale and retail trade; repair of motor vehicles and motorcycles
932,Sale alcoholic beverages not consumed on the spot related business activity,47221,4722,472,"Retail trade, except of motor vehicles and motorcycles",Wholesale and retail trade; repair of motor vehicles and motorcycles
932,Services related to sale alcoholic beverages not consumed on the spot,47221,4722,472,"Retail trade, except of motor vehicles and motorcycles",Wholesale and retail trade; repair of motor vehicles and motorcycles
933,Retail sale of non-alcoholic beverages including icecream not for consumption on the premises,47222,4722,472,"Retail trade, except of motor vehicles and motorcycles",Wholesale and retail trade; repair of motor vehicles and motorcycles
933,Sale non-alcoholic beverages including icecream not for consumption on the premises related business activity,47222,4722,472,"Retail trade, except of motor vehicles and motorcycles",Wholesale and retail trade; repair of motor vehicles and motorcycles
933,Services related to sale non-alcoholic beverages including icecream not for consumption on the premises,47222,4722,472,"Retail trade, except of motor vehicles and motorcycles",Wholesale and retail trade; repair of motor vehicles and motorcycles
934,Retail sale of tobacco products in specialized stores,47230,4723,472,"Retail trade, except of motor vehicles and motorcycles",Wholesale and retail trade; repair of motor vehicles and motorcycles
934,Sale tobacco products in specialized stores related business activity,47230,4723,472,"Retail trade, except of motor vehicles and motorcycles",Wholesale and retail trade; repair of motor vehicles and motorcycles
934,Services related to sale tobacco products in specialized stores,47230,4723,472,"Retail trade, except of motor vehicles and motorcycles",Wholesale and retail trade; repair of motor vehicles and motorcycles
935,Retail sale of automotive fuel in specialized stores [includes the activity of petrol filling stations.,47300,4730,473,"Retail trade, except of motor vehicles and motorcycles",Wholesale and retail trade; repair of motor vehicles and motorcycles
935,Sale automotive fuel in specialized stores [includes the petrol filling stations. related business activity,47300,4730,473,"Retail trade, except of motor vehicles and motorcycles",Wholesale and retail trade; repair of motor vehicles and motorcycles
935,Services related to sale automotive fuel in specialized stores [includes the petrol filling stations.,47300,4730,473,"Retail trade, except of motor vehicles and motorcycles",Wholesale and retail trade; repair of motor vehicles and motorcycles
936,Retail sale of computers and computer peripherals,47411,4741,474,"Retail trade, except of motor vehicles and motorcycles",Wholesale and retail trade; repair of motor vehicles and motorcycles
936,Sale computers and computer peripherals related business activity,47411,4741,474,"Retail trade, except of motor vehicles and motorcycles",Wholesale and retail trade; repair of motor vehicles and motorcycles
936,Services related to sale computers and computer peripherals,47411,4741,474,"Retail trade, except of motor vehicles and motorcycles",Wholesale and retail trade; repair of motor vehicles and motorcycles
937,Retail sale of video games,47412,4741,474,"Retail trade, except of motor vehicles and motorcycles",Wholesale and retail trade; repair of motor vehicles and motorcycles
937,Sale video games related business activity,47412,4741,474,"Retail trade, except of motor vehicles and motorcycles",Wholesale and retail trade; repair of motor vehicles and motorcycles
937,Services related to sale video games,47412,4741,474,"Retail trade, except of motor vehicles and motorcycles",Wholesale and retail trade; repair of motor vehicles and motorcycles
938,Retail sale of non-customized software,47413,4741,474,"Retail trade, except of motor vehicles and motorcycles",Wholesale and retail trade; repair of motor vehicles and motorcycles
938,Sale non-customized software related business activity,47413,4741,474,"Retail trade, except of motor vehicles and motorcycles",Wholesale and retail trade; repair of motor vehicles and motorcycles
938,Services related to sale non-customized software,47413,4741,474,"Retail trade, except of motor vehicles and motorcycles",Wholesale and retail trade; repair of motor vehicles and motorcycles
939,Retail sale of telecommunication equipment,47414,4741,474,"Retail trade, except of motor vehicles and motorcycles",Wholesale and retail trade; repair of motor vehicles and motorcycles
939,Sale telecommunication equipment related business activity,47414,4741,474,"Retail trade, except of motor vehicles and motorcycles",Wholesale and retail trade; repair of motor vehicles and motorcycles
939,Services related to sale telecommunication equipment,47414,4741,474,"Retail trade, except of motor vehicles and motorcycles",Wholesale and retail trade; repair of motor vehicles and motorcycles
940,Retail sale of audio and video equipment in specialized stores,47420,4742,474,"Retail trade, except of motor vehicles and motorcycles",Wholesale and retail trade; repair of motor vehicles and motorcycles
940,Sale audio and video equipment in specialized stores related business activity,47420,4742,474,"Retail trade, except of motor vehicles and motorcycles",Wholesale and retail trade; repair of motor vehicles and motorcycles
940,Services related to sale audio and video equipment in specialized stores,47420,4742,474,"Retail trade, except of motor vehicles and motorcycles",Wholesale and retail trade; repair of motor vehicles and motorcycles
941,Retail sale of textiles in specialized stores,47510,4751,475,"Retail trade, except of motor vehicles and motorcycles",Wholesale and retail trade; repair of motor vehicles and motorcycles
941,Sale textiles in specialized stores related business activity,47510,4751,475,"Retail trade, except of motor vehicles and motorcycles",Wholesale and retail trade; repair of motor vehicles and motorcycles
941,Services related to sale textiles in specialized stores,47510,4751,475,"Retail trade, except of motor vehicles and motorcycles",Wholesale and retail trade; repair of motor vehicles and motorcycles
942,"Retail sale of building material such as bricks, wood, sanitary equipment",47521,4752,475,"Retail trade, except of motor vehicles and motorcycles",Wholesale and retail trade; repair of motor vehicles and motorcycles
942,"Sale building material such as bricks, wood, sanitary equipment related business activity",47521,4752,475,"Retail trade, except of motor vehicles and motorcycles",Wholesale and retail trade; repair of motor vehicles and motorcycles
942,"Services related to sale building material such as bricks, wood, sanitary equipment",47521,4752,475,"Retail trade, except of motor vehicles and motorcycles",Wholesale and retail trade; repair of motor vehicles and motorcycles
943,"Retail sale of hardware including paints, varnishes and lacquers and do-it- yourself materials and equipments",47522,4752,475,"Retail trade, except of motor vehicles and motorcycles",Wholesale and retail trade; repair of motor vehicles and motorcycles
943,"Sale hardware including paints, varnishes and lacquers and do-it- yourself materials and equipments related business activity",47522,4752,475,"Retail trade, except of motor vehicles and motorcycles",Wholesale and retail trade; repair of motor vehicles and motorcycles
943,"Services related to sale hardware including paints, varnishes and lacquers and do-it- yourself materials and equipments",47522,4752,475,"Retail trade, except of motor vehicles and motorcycles",Wholesale and retail trade; repair of motor vehicles and motorcycles
944,Retail sale of glass,47523,4752,475,"Retail trade, except of motor vehicles and motorcycles",Wholesale and retail trade; repair of motor vehicles and motorcycles
944,Sale glass related business activity,47523,4752,475,"Retail trade, except of motor vehicles and motorcycles",Wholesale and retail trade; repair of motor vehicles and motorcycles
944,Services related to sale glass,47523,4752,475,"Retail trade, except of motor vehicles and motorcycles",Wholesale and retail trade; repair of motor vehicles and motorcycles
945,"Retail sale of carpets, rugs, curtains and net curtains",47531,4753,475,"Retail trade, except of motor vehicles and motorcycles",Wholesale and retail trade; repair of motor vehicles and motorcycles
945,"Sale carpets, rugs, curtains and net curtains related business activity",47531,4753,475,"Retail trade, except of motor vehicles and motorcycles",Wholesale and retail trade; repair of motor vehicles and motorcycles
945,"Services related to sale carpets, rugs, curtains and net curtains",47531,4753,475,"Retail trade, except of motor vehicles and motorcycles",Wholesale and retail trade; repair of motor vehicles and motorcycles
946,Retail sale of wallpaper and floor coverings,47532,4753,475,"Retail trade, except of motor vehicles and motorcycles",Wholesale and retail trade; repair of motor vehicles and motorcycles
946,Sale wallpaper and floor coverings related business activity,47532,4753,475,"Retail trade, except of motor vehicles and motorcycles",Wholesale and retail trade; repair of motor vehicles and motorcycles
946,Services related to sale wallpaper and floor coverings,47532,4753,475,"Retail trade, except of motor vehicles and motorcycles",Wholesale and retail trade; repair of motor vehicles and motorcycles
947,Retail sale of household furniture,47591,4759,475,"Retail trade, except of motor vehicles and motorcycles",Wholesale and retail trade; repair of motor vehicles and motorcycles
947,Sale household furniture related business activity,47591,4759,475,"Retail trade, except of motor vehicles and motorcycles",Wholesale and retail trade; repair of motor vehicles and motorcycles
947,Services related to sale household furniture,47591,4759,475,"Retail trade, except of motor vehicles and motorcycles",Wholesale and retail trade; repair of motor vehicles and motorcycles
948,"Retail sale of household utensils and cutlery, crockery, glassware, china and pottery",47592,4759,475,"Retail trade, except of motor vehicles and motorcycles",Wholesale and retail trade; repair of motor vehicles and motorcycles
948,"Sale household utensils and cutlery, crockery, glassware, china and pottery related business activity",47592,4759,475,"Retail trade, except of motor vehicles and motorcycles",Wholesale and retail trade; repair of motor vehicles and motorcycles
948,"Services related to sale household utensils and cutlery, crockery, glassware, china and pottery",47592,4759,475,"Retail trade, except of motor vehicles and motorcycles",Wholesale and retail trade; repair of motor vehicles and motorcycles
949,"Retail sale of gas stoves, cooking/kitchen appliances",47593,4759,475,"Retail trade, except of motor vehicles and motorcycles",Wholesale and retail trade; repair of motor vehicles and motorcycles
949,"Sale gas stoves, cooking/kitchen appliances related business activity",47593,4759,475,"Retail trade, except of motor vehicles and motorcycles",Wholesale and retail trade; repair of motor vehicles and motorcycles
949,"Services related to sale gas stoves, cooking/kitchen appliances",47593,4759,475,"Retail trade, except of motor vehicles and motorcycles",Wholesale and retail trade; repair of motor vehicles and motorcycles
950,"Retail sale of refrigerators, washing machines and other electrical/electronic household goods",47594,4759,475,"Retail trade, except of motor vehicles and motorcycles",Wholesale and retail trade; repair of motor vehicles and motorcycles
950,"Sale refrigerators, washing machines and other electrical/electronic household goods related business activity",47594,4759,475,"Retail trade, except of motor vehicles and motorcycles",Wholesale and retail trade; repair of motor vehicles and motorcycles
950,"Services related to sale refrigerators, washing machines and other electrical/electronic household goods",47594,4759,475,"Retail trade, except of motor vehicles and motorcycles",Wholesale and retail trade; repair of motor vehicles and motorcycles
951,Retail sale of musical instruments,47595,4759,475,"Retail trade, except of motor vehicles and motorcycles",Wholesale and retail trade; repair of motor vehicles and motorcycles
951,Sale musical instruments related business activity,47595,4759,475,"Retail trade, except of motor vehicles and motorcycles",Wholesale and retail trade; repair of motor vehicles and motorcycles
951,Services related to sale musical instruments,47595,4759,475,"Retail trade, except of motor vehicles and motorcycles",Wholesale and retail trade; repair of motor vehicles and motorcycles
952,"Retail sale of other household appliances n.e.c. ( security systems, such as locking devices, safes, and vaults, without installation or maintenance services etc.)",47599,4759,475,"Retail trade, except of motor vehicles and motorcycles",Wholesale and retail trade; repair of motor vehicles and motorcycles
952,"Sale other household appliances n.e.c. ( security systems, such as locking devices, safes, and vaults, without installation or maintenance etc.) related business activity",47599,4759,475,"Retail trade, except of motor vehicles and motorcycles",Wholesale and retail trade; repair of motor vehicles and motorcycles
952,"Services related to sale other household appliances n.e.c. ( security systems, such as locking devices, safes, and vaults, without installation or maintenance etc.)",47599,4759,475,"Retail trade, except of motor vehicles and motorcycles",Wholesale and retail trade; repair of motor vehicles and motorcycles
953,Retail sale of books of all kinds,47611,4761,476,"Retail trade, except of motor vehicles and motorcycles",Wholesale and retail trade; repair of motor vehicles and motorcycles
953,Sale books all kinds related business activity,47611,4761,476,"Retail trade, except of motor vehicles and motorcycles",Wholesale and retail trade; repair of motor vehicles and motorcycles
953,Services related to sale books all kinds,47611,4761,476,"Retail trade, except of motor vehicles and motorcycles",Wholesale and retail trade; repair of motor vehicles and motorcycles
954,Retail sale of newspapers and magazines,47612,4761,476,"Retail trade, except of motor vehicles and motorcycles",Wholesale and retail trade; repair of motor vehicles and motorcycles
954,Sale newspapers and magazines related business activity,47612,4761,476,"Retail trade, except of motor vehicles and motorcycles",Wholesale and retail trade; repair of motor vehicles and motorcycles
954,Services related to sale newspapers and magazines,47612,4761,476,"Retail trade, except of motor vehicles and motorcycles",Wholesale and retail trade; repair of motor vehicles and motorcycles
955,"Retail sale of stationery office supplies such as pens, pencils, paper etc.",47613,4761,476,"Retail trade, except of motor vehicles and motorcycles",Wholesale and retail trade; repair of motor vehicles and motorcycles
955,"Sale stationery office supplies such as pens, pencils, paper etc. related business activity",47613,4761,476,"Retail trade, except of motor vehicles and motorcycles",Wholesale and retail trade; repair of motor vehicles and motorcycles
955,"Services related to sale stationery office supplies such as pens, pencils, paper etc.",47613,4761,476,"Retail trade, except of motor vehicles and motorcycles",Wholesale and retail trade; repair of motor vehicles and motorcycles
956,Retail sale of music and video recordings in specialized stores,47620,4762,476,"Retail trade, except of motor vehicles and motorcycles",Wholesale and retail trade; repair of motor vehicles and motorcycles
956,Sale music and video recordings in specialized stores related business activity,47620,4762,476,"Retail trade, except of motor vehicles and motorcycles",Wholesale and retail trade; repair of motor vehicles and motorcycles
956,Services related to sale music and video recordings in specialized stores,47620,4762,476,"Retail trade, except of motor vehicles and motorcycles",Wholesale and retail trade; repair of motor vehicles and motorcycles
957,Retail sale of sporting equipment in specialized stores,47630,4763,476,"Retail trade, except of motor vehicles and motorcycles",Wholesale and retail trade; repair of motor vehicles and motorcycles
957,Sale sporting equipment in specialized stores related business activity,47630,4763,476,"Retail trade, except of motor vehicles and motorcycles",Wholesale and retail trade; repair of motor vehicles and motorcycles
957,Services related to sale sporting equipment in specialized stores,47630,4763,476,"Retail trade, except of motor vehicles and motorcycles",Wholesale and retail trade; repair of motor vehicles and motorcycles
958,"Retail sale of readymade garments, hosiery goods, other articles of clothing and clothing accessories such as gloves, ties, braces etc.",47711,4771,477,"Retail trade, except of motor vehicles and motorcycles",Wholesale and retail trade; repair of motor vehicles and motorcycles
958,"Sale readymade garments, hosiery goods, other articles clothing and clothing accessories such as gloves, ties, braces etc. related business activity",47711,4771,477,"Retail trade, except of motor vehicles and motorcycles",Wholesale and retail trade; repair of motor vehicles and motorcycles
958,"Services related to sale readymade garments, hosiery goods, other articles clothing and clothing accessories such as gloves, ties, braces etc.",47711,4771,477,"Retail trade, except of motor vehicles and motorcycles",Wholesale and retail trade; repair of motor vehicles and motorcycles
959,Retail sale of articles of fur and artificial fur,47712,4771,477,"Retail trade, except of motor vehicles and motorcycles",Wholesale and retail trade; repair of motor vehicles and motorcycles
959,Sale articles fur and artificial fur related business activity,47712,4771,477,"Retail trade, except of motor vehicles and motorcycles",Wholesale and retail trade; repair of motor vehicles and motorcycles
959,Services related to sale articles fur and artificial fur,47712,4771,477,"Retail trade, except of motor vehicles and motorcycles",Wholesale and retail trade; repair of motor vehicles and motorcycles
960,Retail sale of footwear,47713,4771,477,"Retail trade, except of motor vehicles and motorcycles",Wholesale and retail trade; repair of motor vehicles and motorcycles
960,Sale footwear related business activity,47713,4771,477,"Retail trade, except of motor vehicles and motorcycles",Wholesale and retail trade; repair of motor vehicles and motorcycles
960,Services related to sale footwear,47713,4771,477,"Retail trade, except of motor vehicles and motorcycles",Wholesale and retail trade; repair of motor vehicles and motorcycles
961,Retail sale of leather goods and travel accessories of leather and leather substitutes,47714,4771,477,"Retail trade, except of motor vehicles and motorcycles",Wholesale and retail trade; repair of motor vehicles and motorcycles
961,Sale leather goods and travel accessories leather and leather substitutes related business activity,47714,4771,477,"Retail trade, except of motor vehicles and motorcycles",Wholesale and retail trade; repair of motor vehicles and motorcycles
961,Services related to sale leather goods and travel accessories leather and leather substitutes,47714,4771,477,"Retail trade, except of motor vehicles and motorcycles",Wholesale and retail trade; repair of motor vehicles and motorcycles
962,"Retail sale of pharmaceuticals, medical and orthopaedic goods and toilet articles",47721,4772,477,"Retail trade, except of motor vehicles and motorcycles",Wholesale and retail trade; repair of motor vehicles and motorcycles
962,"Sale pharmaceuticals, medical and orthopaedic goods and toilet articles related business activity",47721,4772,477,"Retail trade, except of motor vehicles and motorcycles",Wholesale and retail trade; repair of motor vehicles and motorcycles
962,"Services related to sale pharmaceuticals, medical and orthopaedic goods and toilet articles",47721,4772,477,"Retail trade, except of motor vehicles and motorcycles",Wholesale and retail trade; repair of motor vehicles and motorcycles
963,Retail sale of perfumery and cosmetic articles,47722,4772,477,"Retail trade, except of motor vehicles and motorcycles",Wholesale and retail trade; repair of motor vehicles and motorcycles
963,Sale perfumery and cosmetic articles related business activity,47722,4772,477,"Retail trade, except of motor vehicles and motorcycles",Wholesale and retail trade; repair of motor vehicles and motorcycles
963,Services related to sale perfumery and cosmetic articles,47722,4772,477,"Retail trade, except of motor vehicles and motorcycles",Wholesale and retail trade; repair of motor vehicles and motorcycles
964,"Retail sale of photographic, optical and precision equipment",47731,4773,477,"Retail trade, except of motor vehicles and motorcycles",Wholesale and retail trade; repair of motor vehicles and motorcycles
964,"Sale photographic, optical and precision equipment related business activity",47731,4773,477,"Retail trade, except of motor vehicles and motorcycles",Wholesale and retail trade; repair of motor vehicles and motorcycles
964,"Services related to sale photographic, optical and precision equipment",47731,4773,477,"Retail trade, except of motor vehicles and motorcycles",Wholesale and retail trade; repair of motor vehicles and motorcycles
965,Retail sale of watches and clocks,47732,4773,477,"Retail trade, except of motor vehicles and motorcycles",Wholesale and retail trade; repair of motor vehicles and motorcycles
965,Sale watches and clocks related business activity,47732,4773,477,"Retail trade, except of motor vehicles and motorcycles",Wholesale and retail trade; repair of motor vehicles and motorcycles
965,Services related to sale watches and clocks,47732,4773,477,"Retail trade, except of motor vehicles and motorcycles",Wholesale and retail trade; repair of motor vehicles and motorcycles
966,Retail sale of jewellery and immitation jewellery,47733,4773,477,"Retail trade, except of motor vehicles and motorcycles",Wholesale and retail trade; repair of motor vehicles and motorcycles
966,Sale jewellery and immitation jewellery related business activity,47733,4773,477,"Retail trade, except of motor vehicles and motorcycles",Wholesale and retail trade; repair of motor vehicles and motorcycles
966,Services related to sale jewellery and immitation jewellery,47733,4773,477,"Retail trade, except of motor vehicles and motorcycles",Wholesale and retail trade; repair of motor vehicles and motorcycles
967,"Retail sale of flowers, plants, pet animals and pet food",47734,4773,477,"Retail trade, except of motor vehicles and motorcycles",Wholesale and retail trade; repair of motor vehicles and motorcycles
967,"Sale flowers, plants, pet animals and pet food related business activity",47734,4773,477,"Retail trade, except of motor vehicles and motorcycles",Wholesale and retail trade; repair of motor vehicles and motorcycles
967,"Services related to sale flowers, plants, pet animals and pet food",47734,4773,477,"Retail trade, except of motor vehicles and motorcycles",Wholesale and retail trade; repair of motor vehicles and motorcycles
968,"Retail sale of souvenirs, craftwork and religious articles, stamps and coins",47735,4773,477,"Retail trade, except of motor vehicles and motorcycles",Wholesale and retail trade; repair of motor vehicles and motorcycles
968,"Sale souvenirs, craftwork and religious articles, stamps and coins related business activity",47735,4773,477,"Retail trade, except of motor vehicles and motorcycles",Wholesale and retail trade; repair of motor vehicles and motorcycles
968,"Services related to sale souvenirs, craftwork and religious articles, stamps and coins",47735,4773,477,"Retail trade, except of motor vehicles and motorcycles",Wholesale and retail trade; repair of motor vehicles and motorcycles
969,"Retail sale of household fuel oil, bottled gas, coal and fuel wood",47736,4773,477,"Retail trade, except of motor vehicles and motorcycles",Wholesale and retail trade; repair of motor vehicles and motorcycles
969,"Sale household fuel oil, bottled gas, coal and fuel wood related business activity",47736,4773,477,"Retail trade, except of motor vehicles and motorcycles",Wholesale and retail trade; repair of motor vehicles and motorcycles
969,"Services related to sale household fuel oil, bottled gas, coal and fuel wood",47736,4773,477,"Retail trade, except of motor vehicles and motorcycles",Wholesale and retail trade; repair of motor vehicles and motorcycles
970,"Retail sale of seeds, fertilisers, pesticides, machinery equipments and hand tools",47737,4773,477,"Retail trade, except of motor vehicles and motorcycles",Wholesale and retail trade; repair of motor vehicles and motorcycles
970,"Sale seeds, fertilisers, pesticides, machinery equipments and hand tools related business activity",47737,4773,477,"Retail trade, except of motor vehicles and motorcycles",Wholesale and retail trade; repair of motor vehicles and motorcycles
970,"Services related to sale seeds, fertilisers, pesticides, machinery equipments and hand tools",47737,4773,477,"Retail trade, except of motor vehicles and motorcycles",Wholesale and retail trade; repair of motor vehicles and motorcycles
971,Activities of commercial art galleries,47738,4773,477,"Retail trade, except of motor vehicles and motorcycles",Wholesale and retail trade; repair of motor vehicles and motorcycles
971,Commercial art galleries related business activity,47738,4773,477,"Retail trade, except of motor vehicles and motorcycles",Wholesale and retail trade; repair of motor vehicles and motorcycles
971,Services related to commercial art galleries,47738,4773,477,"Retail trade, except of motor vehicles and motorcycles",Wholesale and retail trade; repair of motor vehicles and motorcycles
972,"Other retail sale of new goods in specialized stores n.e.c (weapons and ammunition, non food products)",47739,4773,477,"Retail trade, except of motor vehicles and motorcycles",Wholesale and retail trade; repair of motor vehicles and motorcycles
972,"Other sale new goods in specialized stores n.e.c (weapons and ammunition, non food products) related business activity",47739,4773,477,"Retail trade, except of motor vehicles and motorcycles",Wholesale and retail trade; repair of motor vehicles and motorcycles
972,"Services related to other sale new goods in specialized stores n.e.c (weapons and ammunition, non food products)",47739,4773,477,"Retail trade, except of motor vehicles and motorcycles",Wholesale and retail trade; repair of motor vehicles and motorcycles
973,Retail sale of second-hand goods,47740,4774,477,"Retail trade, except of motor vehicles and motorcycles",Wholesale and retail trade; repair of motor vehicles and motorcycles
973,Sale second-hand goods related business activity,47740,4774,477,"Retail trade, except of motor vehicles and motorcycles",Wholesale and retail trade; repair of motor vehicles and motorcycles
973,Services related to sale second-hand goods,47740,4774,477,"Retail trade, except of motor vehicles and motorcycles",Wholesale and retail trade; repair of motor vehicles and motorcycles
974,"Retail sale via stalls and markets of food, beverages and tobacco products",47810,4781,478,"Retail trade, except of motor vehicles and motorcycles",Wholesale and retail trade; repair of motor vehicles and motorcycles
974,"Sale via stalls and markets food, beverages and tobacco products related business activity",47810,4781,478,"Retail trade, except of motor vehicles and motorcycles",Wholesale and retail trade; repair of motor vehicles and motorcycles
974,"Services related to sale via stalls and markets food, beverages and tobacco products",47810,4781,478,"Retail trade, except of motor vehicles and motorcycles",Wholesale and retail trade; repair of motor vehicles and motorcycles
975,"Retail sale via stalls and markets of textiles, clothing and footwear",47820,4782,478,"Retail trade, except of motor vehicles and motorcycles",Wholesale and retail trade; repair of motor vehicles and motorcycles
975,"Sale via stalls and markets textiles, clothing and footwear related business activity",47820,4782,478,"Retail trade, except of motor vehicles and motorcycles",Wholesale and retail trade; repair of motor vehicles and motorcycles
975,"Services related to sale via stalls and markets textiles, clothing and footwear",47820,4782,478,"Retail trade, except of motor vehicles and motorcycles",Wholesale and retail trade; repair of motor vehicles and motorcycles
976,Retail sale via stalls and markets of other goods,47890,4789,478,"Retail trade, except of motor vehicles and motorcycles",Wholesale and retail trade; repair of motor vehicles and motorcycles
976,Sale via stalls and markets other goods related business activity,47890,4789,478,"Retail trade, except of motor vehicles and motorcycles",Wholesale and retail trade; repair of motor vehicles and motorcycles
976,Services related to sale via stalls and markets other goods,47890,4789,478,"Retail trade, except of motor vehicles and motorcycles",Wholesale and retail trade; repair of motor vehicles and motorcycles
977,Retail sale via mail order houses,47911,4791,479,"Retail trade, except of motor vehicles and motorcycles",Wholesale and retail trade; repair of motor vehicles and motorcycles
977,Sale via mail order houses related business activity,47911,4791,479,"Retail trade, except of motor vehicles and motorcycles",Wholesale and retail trade; repair of motor vehicles and motorcycles
977,Services related to sale via mail order houses,47911,4791,479,"Retail trade, except of motor vehicles and motorcycles",Wholesale and retail trade; repair of motor vehicles and motorcycles
978,Retail sale via e-commerce,47912,4791,479,"Retail trade, except of motor vehicles and motorcycles",Wholesale and retail trade; repair of motor vehicles and motorcycles
978,Sale via e-commerce related business activity,47912,4791,479,"Retail trade, except of motor vehicles and motorcycles",Wholesale and retail trade; repair of motor vehicles and motorcycles
978,Services related to sale via e-commerce,47912,4791,479,"Retail trade, except of motor vehicles and motorcycles",Wholesale and retail trade; repair of motor vehicles and motorcycles
979,"Other retail sale not in stores, stalls or markets",47990,4799,479,"Retail trade, except of motor vehicles and motorcycles",Wholesale and retail trade; repair of motor vehicles and motorcycles
979,"Other sale not in stores, stalls or markets related business activity",47990,4799,479,"Retail trade, except of motor vehicles and motorcycles",Wholesale and retail trade; repair of motor vehicles and motorcycles
979,"Services related to other sale not in stores, stalls or markets",47990,4799,479,"Retail trade, except of motor vehicles and motorcycles",Wholesale and retail trade; repair of motor vehicles and motorcycles
980,Passenger rail transport,49110,4911,491,Land transport and transport via pipelines,Transportation and storage
980,Passenger rail transport related business activity,49110,4911,491,Land transport and transport via pipelines,Transportation and storage
980,Services related to passenger rail transport,49110,4911,491,Land transport and transport via pipelines,Transportation and storage
981,Freight rail transport,49120,4912,491,Land transport and transport via pipelines,Transportation and storage
981,Freight rail transport related business activity,49120,4912,491,Land transport and transport via pipelines,Transportation and storage
981,Services related to freight rail transport,49120,4912,491,Land transport and transport via pipelines,Transportation and storage
982,Urban or suburban passenger bus transport (excluding chartered bus),49211,4921,492,Land transport and transport via pipelines,Transportation and storage
982,Urban or suburban passenger bus transport (excluding chartered bus) related business activity,49211,4921,492,Land transport and transport via pipelines,Transportation and storage
982,Services related to urban or suburban passenger bus transport (excluding chartered bus),49211,4921,492,Land transport and transport via pipelines,Transportation and storage
983,Urban or suburban tramways,49212,4921,492,Land transport and transport via pipelines,Transportation and storage
983,Urban or suburban tramways related business activity,49212,4921,492,Land transport and transport via pipelines,Transportation and storage
983,Services related to urban or suburban tramways,49212,4921,492,Land transport and transport via pipelines,Transportation and storage
984,Urban or suburban underground or elevated rillways,49213,4921,492,Land transport and transport via pipelines,Transportation and storage
984,Urban or suburban underground or elevated rillways related business activity,49213,4921,492,Land transport and transport via pipelines,Transportation and storage
984,Services related to urban or suburban underground or elevated rillways,49213,4921,492,Land transport and transport via pipelines,Transportation and storage
985,Other urban or suburban passenger transport n.e.c.,49219,4921,492,Land transport and transport via pipelines,Transportation and storage
985,Other urban or suburban passenger transport n.e.c. related business activity,49219,4921,492,Land transport and transport via pipelines,Transportation and storage
985,Services related to other urban or suburban passenger transport n.e.c.,49219,4921,492,Land transport and transport via pipelines,Transportation and storage
986,Long-distance bus services,49221,4922,492,Land transport and transport via pipelines,Transportation and storage
986,Long-distance bus services related business activity,49221,4922,492,Land transport and transport via pipelines,Transportation and storage
986,Services related to long-distance bus services,49221,4922,492,Land transport and transport via pipelines,Transportation and storage
987,"Charters, excursions and other occasional coach services",49222,4922,492,Land transport and transport via pipelines,Transportation and storage
987,"Charters, excursions and other occasional coach services related business activity",49222,4922,492,Land transport and transport via pipelines,Transportation and storage
987,"Services related to charters, excursions and other occasional coach services",49222,4922,492,Land transport and transport via pipelines,Transportation and storage
988,Rental of private cars with driver,49223,4922,492,Land transport and transport via pipelines,Transportation and storage
988,Rental private cars with driver related business activity,49223,4922,492,Land transport and transport via pipelines,Transportation and storage
988,Services related to rental private cars with driver,49223,4922,492,Land transport and transport via pipelines,Transportation and storage
989,Taxi operation,49224,4922,492,Land transport and transport via pipelines,Transportation and storage
989,Taxi operation related business activity,49224,4922,492,Land transport and transport via pipelines,Transportation and storage
989,Services related to taxi operation,49224,4922,492,Land transport and transport via pipelines,Transportation and storage
990,Operation of school buses and buses for transport of employees,49225,4922,492,Land transport and transport via pipelines,Transportation and storage
990,Operation school buses and buses for transport employees related business activity,49225,4922,492,Land transport and transport via pipelines,Transportation and storage
990,Services related to operation school buses and buses for transport employees,49225,4922,492,Land transport and transport via pipelines,Transportation and storage
991,Passenger transport by man- or animal-drawn vehicles,49226,4922,492,Land transport and transport via pipelines,Transportation and storage
991,Passenger transport by man- or animal-drawn vehicles related business activity,49226,4922,492,Land transport and transport via pipelines,Transportation and storage
991,Services related to passenger transport by man- or animal-drawn vehicles,49226,4922,492,Land transport and transport via pipelines,Transportation and storage
992,Other non urban passenger land transport n.e.c.,49229,4922,492,Land transport and transport via pipelines,Transportation and storage
992,Other non urban passenger land transport n.e.c. related business activity,49229,4922,492,Land transport and transport via pipelines,Transportation and storage
992,Services related to other non urban passenger land transport n.e.c.,49229,4922,492,Land transport and transport via pipelines,Transportation and storage
993,Motorised road freight transport,49231,4923,492,Land transport and transport via pipelines,Transportation and storage
993,Motorised road freight transport related business activity,49231,4923,492,Land transport and transport via pipelines,Transportation and storage
993,Services related to motorised road freight transport,49231,4923,492,Land transport and transport via pipelines,Transportation and storage
994,Non-motorised road freight transport,49232,4923,492,Land transport and transport via pipelines,Transportation and storage
994,Non-motorised road freight transport related business activity,49232,4923,492,Land transport and transport via pipelines,Transportation and storage
994,Services related to non-motorised road freight transport,49232,4923,492,Land transport and transport via pipelines,Transportation and storage
995,Transport via pipeline,49300,4930,493,Land transport and transport via pipelines,Transportation and storage
995,Transport via pipeline related business activity,49300,4930,493,Land transport and transport via pipelines,Transportation and storage
995,Services related to transport via pipeline,49300,4930,493,Land transport and transport via pipelines,Transportation and storage
996,Sea and coastal ferry service,50111,5011,501,Water transport,Transportation and storage
996,Sea and coastal ferry service related business activity,50111,5011,501,Water transport,Transportation and storage
996,Services related to sea and coastal ferry service,50111,5011,501,Water transport,Transportation and storage
997,"Sea and coastal water cruise, water taxis and other sight seeing boats",50112,5011,501,Water transport,Transportation and storage
997,"Sea and coastal water cruise, water taxis and other sight seeing boats related business activity",50112,5011,501,Water transport,Transportation and storage
997,"Services related to sea and coastal water cruise, water taxis and other sight seeing boats",50112,5011,501,Water transport,Transportation and storage
998,Sea and coastal long distance water transport,50113,5011,501,Water transport,Transportation and storage
998,Sea and coastal long distance water transport related business activity,50113,5011,501,Water transport,Transportation and storage
998,Services related to sea and coastal long distance water transport,50113,5011,501,Water transport,Transportation and storage
999,Other sea and coastal water transport n.e.c.,50119,5011,501,Water transport,Transportation and storage
999,Other sea and coastal water transport n.e.c. related business activity,50119,5011,501,Water transport,Transportation and storage
999,Services related to other sea and coastal water transport n.e.c.,50119,5011,501,Water transport,Transportation and storage
1000,Sea and coastal freight water transport,50120,5012,501,Water transport,Transportation and storage
1000,Sea and coastal freight water transport related business activity,50120,5012,501,Water transport,Transportation and storage
1000,Services related to sea and coastal freight water transport,50120,5012,501,Water transport,Transportation and storage
1001,River ferry service,50211,5021,502,Water transport,Transportation and storage
1001,River ferry service related business activity,50211,5021,502,Water transport,Transportation and storage
1001,Services related to river ferry service,50211,5021,502,Water transport,Transportation and storage
1002,"River cruise, water taxi, boat services",50212,5021,502,Water transport,Transportation and storage
1002,"River cruise, water taxi, boat services related business activity",50212,5021,502,Water transport,Transportation and storage
1002,"Services related to river cruise, water taxi, boat services",50212,5021,502,Water transport,Transportation and storage
1003,Long distance river water transport,50213,5021,502,Water transport,Transportation and storage
1003,Long distance river water transport related business activity,50213,5021,502,Water transport,Transportation and storage
1003,Services related to long distance river water transport,50213,5021,502,Water transport,Transportation and storage
1004,Other inland water transport n.e.c.,50219,5021,502,Water transport,Transportation and storage
1004,Other inland water transport n.e.c. related business activity,50219,5021,502,Water transport,Transportation and storage
1004,Services related to other inland water transport n.e.c.,50219,5021,502,Water transport,Transportation and storage
1005,Inland freight water transport,50220,5022,502,Water transport,Transportation and storage
1005,Inland freight water transport related business activity,50220,5022,502,Water transport,Transportation and storage
1005,Services related to inland freight water transport,50220,5022,502,Water transport,Transportation and storage
1006,Passenger airways,51101,5110,511,Air transport,Transportation and storage
1006,Passenger airways related business activity,51101,5110,511,Air transport,Transportation and storage
1006,Services related to passenger airways,51101,5110,511,Air transport,Transportation and storage
1007,Helicopter services,51102,5110,511,Air transport,Transportation and storage
1007,Helicopter services related business activity,51102,5110,511,Air transport,Transportation and storage
1007,Services related to helicopter services,51102,5110,511,Air transport,Transportation and storage
1008,Other passenger air-transport n.e.c,51109,5110,511,Air transport,Transportation and storage
1008,Other passenger air-transport n.e.c related business activity,51109,5110,511,Air transport,Transportation and storage
1008,Services related to other passenger air-transport n.e.c,51109,5110,511,Air transport,Transportation and storage
1009,Freight air transport services,51201,5120,512,Air transport,Transportation and storage
1009,Freight air transport services related business activity,51201,5120,512,Air transport,Transportation and storage
1009,Services related to freight air transport services,51201,5120,512,Air transport,Transportation and storage
1010,Launching of satellites and space vehicles and space transport,51202,5120,512,Air transport,Transportation and storage
1010,Launching satellites and space vehicles and space transport related business activity,51202,5120,512,Air transport,Transportation and storage
1010,Services related to launching satellites and space vehicles and space transport,51202,5120,512,Air transport,Transportation and storage
1011,Warehousing of refrigerated (cold storage),52101,5210,521,Warehousing and support activities for transportation,Transportation and storage
1011,Warehousing refrigerated (cold storage) related business activity,52101,5210,521,Warehousing and support activities for transportation,Transportation and storage
1011,Services related to warehousing refrigerated (cold storage),52101,5210,521,Warehousing and support activities for transportation,Transportation and storage
1012,Warehousing non-refrigerated,52102,5210,521,Warehousing and support activities for transportation,Transportation and storage
1012,Warehousing non-refrigerated related business activity,52102,5210,521,Warehousing and support activities for transportation,Transportation and storage
1012,Services related to warehousing non-refrigerated,52102,5210,521,Warehousing and support activities for transportation,Transportation and storage
1013,"Storage and warehousing n.e.c.[Includes general merchandise warehouses and warehousing of furniture, automobiles, gas and oil, chemicals, textiles etc. Also included is storage of goods in foreign trade zones]",52109,5210,521,Warehousing and support activities for transportation,Transportation and storage
1013,"Storage and warehousing n.e.c.[includes general merchandise warehouses and warehousing furniture, automobiles, gas and oil, chemicals, textiles etc. also included is storage goods in foreign trade zones] related business activity",52109,5210,521,Warehousing and support activities for transportation,Transportation and storage
1013,"Services related to storage and warehousing n.e.c.[includes general merchandise warehouses and warehousing furniture, automobiles, gas and oil, chemicals, textiles etc. also included is storage goods in foreign trade zones]",52109,5210,521,Warehousing and support activities for transportation,Transportation and storage
1014,Car parking including motorcycle and bicycle parking,52211,5221,522,Warehousing and support activities for transportation,Transportation and storage
1014,Car parking including motorcycle and bicycle parking related business activity,52211,5221,522,Warehousing and support activities for transportation,Transportation and storage
1014,Services related to car parking including motorcycle and bicycle parking,52211,5221,522,Warehousing and support activities for transportation,Transportation and storage
1015,"Support service at railway stations, bus stations, bridges etc.",52212,5221,522,Warehousing and support activities for transportation,Transportation and storage
1015,"Support service at railway stations, bus stations, bridges etc. related business activity",52212,5221,522,Warehousing and support activities for transportation,Transportation and storage
1015,"Services related to support service at railway stations, bus stations, bridges etc.",52212,5221,522,Warehousing and support activities for transportation,Transportation and storage
1016,Switching and shunting,52213,5221,522,Warehousing and support activities for transportation,Transportation and storage
1016,Switching and shunting related business activity,52213,5221,522,Warehousing and support activities for transportation,Transportation and storage
1016,Services related to switching and shunting,52213,5221,522,Warehousing and support activities for transportation,Transportation and storage
1017,Other land transport services n.e.c,52219,5221,522,Warehousing and support activities for transportation,Transportation and storage
1017,Other land transport n.e.c related business activity,52219,5221,522,Warehousing and support activities for transportation,Transportation and storage
1017,Services related to other land transport n.e.c,52219,5221,522,Warehousing and support activities for transportation,Transportation and storage
1018,Service activities incidental to water transportation,52220,5222,522,Warehousing and support activities for transportation,Transportation and storage
1018,Service incidental to water transportation related business activity,52220,5222,522,Warehousing and support activities for transportation,Transportation and storage
1018,Services related to service incidental to water transportation,52220,5222,522,Warehousing and support activities for transportation,Transportation and storage
1019,"Activities related to air transport of passengers, animals or freight",52231,5223,522,Warehousing and support activities for transportation,Transportation and storage
1019,"Related to air transport passengers, animals or freight related business activity",52231,5223,522,Warehousing and support activities for transportation,Transportation and storage
1019,"Services related to related to air transport passengers, animals or freight",52231,5223,522,Warehousing and support activities for transportation,Transportation and storage
1020,Firefighting and fire-prevention services at airports,52232,5223,522,Warehousing and support activities for transportation,Transportation and storage
1020,Firefighting and fire-prevention at airports related business activity,52232,5223,522,Warehousing and support activities for transportation,Transportation and storage
1020,Services related to firefighting and fire-prevention at airports,52232,5223,522,Warehousing and support activities for transportation,Transportation and storage
1021,Cargo handling incidental to land transport,52241,5224,522,Warehousing and support activities for transportation,Transportation and storage
1021,Cargo handling incidental to land transport related business activity,52241,5224,522,Warehousing and support activities for transportation,Transportation and storage
1021,Services related to cargo handling incidental to land transport,52241,5224,522,Warehousing and support activities for transportation,Transportation and storage
1022,Cargo handling incidental to water transport,52242,5224,522,Warehousing and support activities for transportation,Transportation and storage
1022,Cargo handling incidental to water transport related business activity,52242,5224,522,Warehousing and support activities for transportation,Transportation and storage
1022,Services related to cargo handling incidental to water transport,52242,5224,522,Warehousing and support activities for transportation,Transportation and storage
1023,Cargo handling incidental to air transport,52243,5224,522,Warehousing and support activities for transportation,Transportation and storage
1023,Cargo handling incidental to air transport related business activity,52243,5224,522,Warehousing and support activities for transportation,Transportation and storage
1023,Services related to cargo handling incidental to air transport,52243,5224,522,Warehousing and support activities for transportation,Transportation and storage
1024,Activities of travel agents and tour operators,52291,5229,522,Warehousing and support activities for transportation,Transportation and storage
1024,Travel agents and tour operators related business activity,52291,5229,522,Warehousing and support activities for transportation,Transportation and storage
1024,Services related to travel agents and tour operators,52291,5229,522,Warehousing and support activities for transportation,Transportation and storage
1025,Activities of shipping cargo agents,52292,5229,522,Warehousing and support activities for transportation,Transportation and storage
1025,Shipping cargo agents related business activity,52292,5229,522,Warehousing and support activities for transportation,Transportation and storage
1025,Services related to shipping cargo agents,52292,5229,522,Warehousing and support activities for transportation,Transportation and storage
1026,Activities of movers and packers,52293,5229,522,Warehousing and support activities for transportation,Transportation and storage
1026,Movers and packers related business activity,52293,5229,522,Warehousing and support activities for transportation,Transportation and storage
1026,Services related to movers and packers,52293,5229,522,Warehousing and support activities for transportation,Transportation and storage
1027,Weighing of goods,52294,5229,522,Warehousing and support activities for transportation,Transportation and storage
1027,Weighing goods related business activity,52294,5229,522,Warehousing and support activities for transportation,Transportation and storage
1027,Services related to weighing goods,52294,5229,522,Warehousing and support activities for transportation,Transportation and storage
1028,Postal activities,53100,5310,531,Postal and courier activities,Transportation and storage
1028,Postal activities related business activity,53100,5310,531,Postal and courier activities,Transportation and storage
1028,Services related to postal activities,53100,5310,531,Postal and courier activities,Transportation and storage
1029,Courier activities,53200,5320,532,Postal and courier activities,Transportation and storage
1029,Courier activities related business activity,53200,5320,532,Postal and courier activities,Transportation and storage
1029,Services related to courier activities,53200,5320,532,Postal and courier activities,Transportation and storage
1030,"Hotels and Motels, inns, resorts providing short term lodging facilities; includes accommodation in house boats",55101,5510,551,Accommodation,Transportation and storage
1030,"Hotels and motels, inns, resorts providing short term lodging facilities; includes accommodation in house boats related business activity",55101,5510,551,Accommodation,Transportation and storage
1030,"Services related to hotels and motels, inns, resorts providing short term lodging facilities; includes accommodation in house boats",55101,5510,551,Accommodation,Transportation and storage
1031,"Provision of short term lodging facilities to members of a particular organisition such as govt. guest houses, company guest houses, circuit houses and similar establishments",55102,5510,551,Accommodation,Transportation and storage
1031,"Provision short term lodging facilities to members a particular organisition such as govt. guest houses, company guest houses, circuit houses and similar establishments related business activity",55102,5510,551,Accommodation,Transportation and storage
1031,"Services related to provision short term lodging facilities to members a particular organisition such as govt. guest houses, company guest houses, circuit houses and similar establishments",55102,5510,551,Accommodation,Transportation and storage
1032,"Provision of short stay accommodation n.e.c. (e.g. holiday homes, private guest houses etc.)",55109,5510,551,Accommodation,Transportation and storage
1032,"Provision short stay accommodation n.e.c. (e.g. holiday homes, private guest houses etc.) related business activity",55109,5510,551,Accommodation,Transportation and storage
1032,"Services related to provision short stay accommodation n.e.c. (e.g. holiday homes, private guest houses etc.)",55109,5510,551,Accommodation,Transportation and storage
1033,"Camping grounds, recreational vehicle parks and trailer parks",55200,5520,552,Accommodation,Transportation and storage
1033,"Camping grounds, recreational vehicle parks and trailer parks related business activity",55200,5520,552,Accommodation,Transportation and storage
1033,"Services related to camping grounds, recreational vehicle parks and trailer parks",55200,5520,552,Accommodation,Transportation and storage
1034,"Accommodation provided by student residences, school dormitories",55901,5590,559,Accommodation,Transportation and storage
1034,"Accommodation provided by student residences, school dormitories related business activity",55901,5590,559,Accommodation,Transportation and storage
1034,"Services related to accommodation provided by student residences, school dormitories",55901,5590,559,Accommodation,Transportation and storage
1035,Worker hostels and boarding houses,55902,5590,559,Accommodation,Transportation and storage
1035,Worker hostels and boarding houses related business activity,55902,5590,559,Accommodation,Transportation and storage
1035,Services related to worker hostels and boarding houses,55902,5590,559,Accommodation,Transportation and storage
1036,Restaurants without bars,56101,5610,561,Food and beverage service activities,Transportation and storage
1036,Restaurants without bars related business activity,56101,5610,561,Food and beverage service activities,Transportation and storage
1036,Services related to restaurants without bars,56101,5610,561,Food and beverage service activities,Transportation and storage
1037,"Cafeterias, fast-food restaurants and other food preparation in market stalls",56102,5610,561,Food and beverage service activities,Transportation and storage
1037,"Cafeterias, fast-food restaurants and other food preparation in market stalls related business activity",56102,5610,561,Food and beverage service activities,Transportation and storage
1037,"Services related to cafeterias, fast-food restaurants and other food preparation in market stalls",56102,5610,561,Food and beverage service activities,Transportation and storage
1038,"Ice cream mobile vendors, mobile food carts",56103,5610,561,Food and beverage service activities,Transportation and storage
1038,"Ice cream mobile vendors, mobile food carts related business activity",56103,5610,561,Food and beverage service activities,Transportation and storage
1038,"Services related to ice cream mobile vendors, mobile food carts",56103,5610,561,Food and beverage service activities,Transportation and storage
1039,"Restaurant and bar activities connected to transportation, when carried out by separate units",56104,5610,561,Food and beverage service activities,Transportation and storage
1039,"Restaurant and bar connected to transportation, when carried out by separate units related business activity",56104,5610,561,Food and beverage service activities,Transportation and storage
1039,"Services related to restaurant and bar connected to transportation, when carried out by separate units",56104,5610,561,Food and beverage service activities,Transportation and storage
1040,Event catering,56210,5621,562,Food and beverage service activities,Transportation and storage
1040,Event catering related business activity,56210,5621,562,Food and beverage service activities,Transportation and storage
1040,Services related to event catering,56210,5621,562,Food and beverage service activities,Transportation and storage
1041,Activities of food service contractors (e.g. for transportation companies),56291,5629,562,Food and beverage service activities,Transportation and storage
1041,Food service contractors (e.g. for transportation companies) related business activity,56291,5629,562,Food and beverage service activities,Transportation and storage
1041,Services related to food service contractors (e.g. for transportation companies),56291,5629,562,Food and beverage service activities,Transportation and storage
1042,"Operation of canteens or (e.g. for factories, offices, hospitals or schools) on a concession basis",56292,5629,562,Food and beverage service activities,Transportation and storage
1042,"Operation canteens or (e.g. for factories, offices, hospitals or schools) on a concession basis related business activity",56292,5629,562,Food and beverage service activities,Transportation and storage
1042,"Services related to operation canteens or (e.g. for factories, offices, hospitals or schools) on a concession basis",56292,5629,562,Food and beverage service activities,Transportation and storage
1043,Bars and Restaurants with bars,56301,5630,563,Food and beverage service activities,Transportation and storage
1043,Bars and restaurants with bars related business activity,56301,5630,563,Food and beverage service activities,Transportation and storage
1043,Services related to bars and restaurants with bars,56301,5630,563,Food and beverage service activities,Transportation and storage
1044,Tea/coffee shops,56302,5630,563,Food and beverage service activities,Transportation and storage
1044,Tea/coffee shops related business activity,56302,5630,563,Food and beverage service activities,Transportation and storage
1044,Services related to tea/coffee shops,56302,5630,563,Food and beverage service activities,Transportation and storage
1045,Fruit juice bars,56303,5630,563,Food and beverage service activities,Transportation and storage
1045,Fruit juice bars related business activity,56303,5630,563,Food and beverage service activities,Transportation and storage
1045,Services related to fruit juice bars,56303,5630,563,Food and beverage service activities,Transportation and storage
1046,Mobile beverage vendors,56304,5630,563,Food and beverage service activities,Transportation and storage
1046,Mobile beverage vendors related business activity,56304,5630,563,Food and beverage service activities,Transportation and storage
1046,Services related to mobile beverage vendors,56304,5630,563,Food and beverage service activities,Transportation and storage
1047,"Publishing of books, brochures, leaflets and similar publications, including publishing encyclopedias (including on CD-ROM)",58111,5811,581,Publishing activities,Information and communication
1047,"Publishing books, brochures, leaflets and similar publications, including publishing encyclopedias (including on cd-rom) related business activity",58111,5811,581,Publishing activities,Information and communication
1047,"Services related to publishing books, brochures, leaflets and similar publications, including publishing encyclopedias (including on cd-rom)",58111,5811,581,Publishing activities,Information and communication
1048,"Publishing of atlases, maps and charts",58112,5811,581,Publishing activities,Information and communication
1048,"Publishing atlases, maps and charts related business activity",58112,5811,581,Publishing activities,Information and communication
1048,"Services related to publishing atlases, maps and charts",58112,5811,581,Publishing activities,Information and communication
1049,Publishing of audio books,58113,5811,581,Publishing activities,Information and communication
1049,Publishing audio books related business activity,58113,5811,581,Publishing activities,Information and communication
1049,Services related to publishing audio books,58113,5811,581,Publishing activities,Information and communication
1050,Publishing of mailing lists and telephone directories,58121,5812,581,Publishing activities,Information and communication
1050,Publishing mailing lists and telephone directories related business activity,58121,5812,581,Publishing activities,Information and communication
1050,Services related to publishing mailing lists and telephone directories,58121,5812,581,Publishing activities,Information and communication
1051,"Publishing of other directories and compilations, such as case law, pharmaceutical compendia etc.",58122,5812,581,Publishing activities,Information and communication
1051,"Publishing other directories and compilations, such as case law, pharmaceutical compendia etc. related business activity",58122,5812,581,Publishing activities,Information and communication
1051,"Services related to publishing other directories and compilations, such as case law, pharmaceutical compendia etc.",58122,5812,581,Publishing activities,Information and communication
1052,Publishing of newspapers,58131,5813,581,Publishing activities,Information and communication
1052,Publishing newspapers related business activity,58131,5813,581,Publishing activities,Information and communication
1052,Services related to publishing newspapers,58131,5813,581,Publishing activities,Information and communication
1053,Publishing of journals and periodicals,58132,5813,581,Publishing activities,Information and communication
1053,Publishing journals and periodicals related business activity,58132,5813,581,Publishing activities,Information and communication
1053,Services related to publishing journals and periodicals,58132,5813,581,Publishing activities,Information and communication
1054,On-line publishing of statistics and other information,58191,5819,581,Publishing activities,Information and communication
1054,On-line publishing statistics and other information related business activity,58191,5819,581,Publishing activities,Information and communication
1054,Services related to on-line publishing statistics and other information,58191,5819,581,Publishing activities,Information and communication
1055,Other publishing activities (including on-line) n.e.c.,58199,5819,581,Publishing activities,Information and communication
1055,Other publishing (including on-line) n.e.c. related business activity,58199,5819,581,Publishing activities,Information and communication
1055,Services related to other publishing (including on-line) n.e.c.,58199,5819,581,Publishing activities,Information and communication
1056,Publishing of operating systems and system software,58201,5820,582,Publishing activities,Information and communication
1056,Publishing operating systems and system software related business activity,58201,5820,582,Publishing activities,Information and communication
1056,Services related to publishing operating systems and system software,58201,5820,582,Publishing activities,Information and communication
1057,Publishing of operating business and other applications,58202,5820,582,Publishing activities,Information and communication
1057,Publishing operating business and other applications related business activity,58202,5820,582,Publishing activities,Information and communication
1057,Services related to publishing operating business and other applications,58202,5820,582,Publishing activities,Information and communication
1058,Publishing of computer games for all platforms,58203,5820,582,Publishing activities,Information and communication
1058,Publishing computer games for all platforms related business activity,58203,5820,582,Publishing activities,Information and communication
1058,Services related to publishing computer games for all platforms,58203,5820,582,Publishing activities,Information and communication
1059,Production of motion picture,59111,5911,591,"Motion picture, video and television programme production, sound recording and music publishing activities",Information and communication
1059,Motion picture related business activity,59111,5911,591,"Motion picture, video and television programme production, sound recording and music publishing activities",Information and communication
1059,Services related to motion picture,59111,5911,591,"Motion picture, video and television programme production, sound recording and music publishing activities",Information and communication
1060,Video production,59112,5911,591,"Motion picture, video and television programme production, sound recording and music publishing activities",Information and communication
1060,Video production related business activity,59112,5911,591,"Motion picture, video and television programme production, sound recording and music publishing activities",Information and communication
1060,Services related to video production,59112,5911,591,"Motion picture, video and television programme production, sound recording and music publishing activities",Information and communication
1061,Production of television programmes or television commercials,59113,5911,591,"Motion picture, video and television programme production, sound recording and music publishing activities",Information and communication
1061,Television programmes or television commercials related business activity,59113,5911,591,"Motion picture, video and television programme production, sound recording and music publishing activities",Information and communication
1061,Services related to television programmes or television commercials,59113,5911,591,"Motion picture, video and television programme production, sound recording and music publishing activities",Information and communication
1062,Post production activities of motion picture,59121,5912,591,"Motion picture, video and television programme production, sound recording and music publishing activities",Information and communication
1062,Post motion picture related business activity,59121,5912,591,"Motion picture, video and television programme production, sound recording and music publishing activities",Information and communication
1062,Services related to post motion picture,59121,5912,591,"Motion picture, video and television programme production, sound recording and music publishing activities",Information and communication
1063,Post production activities of television programmes or television commercials,59122,5912,591,"Motion picture, video and television programme production, sound recording and music publishing activities",Information and communication
1063,Post television programmes or television commercials related business activity,59122,5912,591,"Motion picture, video and television programme production, sound recording and music publishing activities",Information and communication
1063,Services related to post television programmes or television commercials,59122,5912,591,"Motion picture, video and television programme production, sound recording and music publishing activities",Information and communication
1064,Post production activities of video production,59123,5912,591,"Motion picture, video and television programme production, sound recording and music publishing activities",Information and communication
1064,Post video production related business activity,59123,5912,591,"Motion picture, video and television programme production, sound recording and music publishing activities",Information and communication
1064,Services related to post video production,59123,5912,591,"Motion picture, video and television programme production, sound recording and music publishing activities",Information and communication
1065,Motion picture distribution,59131,5913,591,"Motion picture, video and television programme production, sound recording and music publishing activities",Information and communication
1065,Motion picture distribution related business activity,59131,5913,591,"Motion picture, video and television programme production, sound recording and music publishing activities",Information and communication
1065,Services related to motion picture distribution,59131,5913,591,"Motion picture, video and television programme production, sound recording and music publishing activities",Information and communication
1066,"Distribution of video tapes, CD and DVDs",59132,5913,591,"Motion picture, video and television programme production, sound recording and music publishing activities",Information and communication
1066,"Distribution video tapes, cd and dvds related business activity",59132,5913,591,"Motion picture, video and television programme production, sound recording and music publishing activities",Information and communication
1066,"Services related to distribution video tapes, cd and dvds",59132,5913,591,"Motion picture, video and television programme production, sound recording and music publishing activities",Information and communication
1067,Distribution of television programme,59133,5913,591,"Motion picture, video and television programme production, sound recording and music publishing activities",Information and communication
1067,Distribution television programme related business activity,59133,5913,591,"Motion picture, video and television programme production, sound recording and music publishing activities",Information and communication
1067,Services related to distribution television programme,59133,5913,591,"Motion picture, video and television programme production, sound recording and music publishing activities",Information and communication
1068,"Motion picture or video tape projection in cinemas, in the open air or in other projection facilities",59141,5914,591,"Motion picture, video and television programme production, sound recording and music publishing activities",Information and communication
1068,"Motion picture or video tape projection in cinemas, in the open air or in other projection facilities related business activity",59141,5914,591,"Motion picture, video and television programme production, sound recording and music publishing activities",Information and communication
1068,"Services related to motion picture or video tape projection in cinemas, in the open air or in other projection facilities",59141,5914,591,"Motion picture, video and television programme production, sound recording and music publishing activities",Information and communication
1069,Activities of cine-clubs,59142,5914,591,"Motion picture, video and television programme production, sound recording and music publishing activities",Information and communication
1069,Cine-clubs related business activity,59142,5914,591,"Motion picture, video and television programme production, sound recording and music publishing activities",Information and communication
1069,Services related to cine-clubs,59142,5914,591,"Motion picture, video and television programme production, sound recording and music publishing activities",Information and communication
1070,Activities of sound recording in studio or elsewhere,59201,5920,592,"Motion picture, video and television programme production, sound recording and music publishing activities",Information and communication
1070,Sound recording in studio or elsewhere related business activity,59201,5920,592,"Motion picture, video and television programme production, sound recording and music publishing activities",Information and communication
1070,Services related to sound recording in studio or elsewhere,59201,5920,592,"Motion picture, video and television programme production, sound recording and music publishing activities",Information and communication
1071,Activities of misic publishing,59202,5920,592,"Motion picture, video and television programme production, sound recording and music publishing activities",Information and communication
1071,Misic publishing related business activity,59202,5920,592,"Motion picture, video and television programme production, sound recording and music publishing activities",Information and communication
1071,Services related to misic publishing,59202,5920,592,"Motion picture, video and television programme production, sound recording and music publishing activities",Information and communication
1072,Radio broadcasting,60100,6010,601,Programming and broadcasting activities,Information and communication
1072,Radio broadcasting related business activity,60100,6010,601,Programming and broadcasting activities,Information and communication
1072,Services related to radio broadcasting,60100,6010,601,Programming and broadcasting activities,Information and communication
1073,"Activities of basic telecom services: telephone, telex and telegraph (includes the activities of STD/ISD booths)",61101,6110,611,Telecommunications,Information and communication
1073,"Basic telecom services: telephone, telex and telegraph (includes the std/isd booths) related business activity",61101,6110,611,Telecommunications,Information and communication
1073,"Services related to basic telecom services: telephone, telex and telegraph (includes the std/isd booths)",61101,6110,611,Telecommunications,Information and communication
1074,Maintenance of telecom network,61102,6110,611,Telecommunications,Information and communication
1074,Maintenance telecom network related business activity,61102,6110,611,Telecommunications,Information and communication
1074,Services related to maintenance telecom network,61102,6110,611,Telecommunications,Information and communication
1075,Activities of the cable operators,61103,6110,611,Telecommunications,Information and communication
1075,The cable operators related business activity,61103,6110,611,Telecommunications,Information and communication
1075,Services related to the cable operators,61103,6110,611,Telecommunications,Information and communication
1076,Activities of providing internet access by the operator of the wired infrastructure,61104,6110,611,Telecommunications,Information and communication
1076,Providing internet access by the operator the wired infrastructure related business activity,61104,6110,611,Telecommunications,Information and communication
1076,Services related to providing internet access by the operator the wired infrastructure,61104,6110,611,Telecommunications,Information and communication
1077,Activities of Internet access by the operator of the wireless infrastructure,61201,6120,612,Telecommunications,Information and communication
1077,Internet access by the operator the wireless infrastructure related business activity,61201,6120,612,Telecommunications,Information and communication
1077,Services related to internet access by the operator the wireless infrastructure,61201,6120,612,Telecommunications,Information and communication
1078,"Activities of maintaining and operating pageing, cellur and other tetecommunication networks",61202,6120,612,Telecommunications,Information and communication
1078,"Maintaining and operating pageing, cellur and other tetecommunication networks related business activity",61202,6120,612,Telecommunications,Information and communication
1078,"Services related to maintaining and operating pageing, cellur and other tetecommunication networks",61202,6120,612,Telecommunications,Information and communication
1079,Activities of other wireless telecommunications activities,61209,6120,612,Telecommunications,Information and communication
1079,Other wireless telecommunications activities related business activity,61209,6120,612,Telecommunications,Information and communication
1079,Services related to other wireless telecommunications activities,61209,6120,612,Telecommunications,Information and communication
1080,Activity of Internet access by the operator of the satellite infrastructure,61301,6130,613,Telecommunications,Information and communication
1080,Internet access by the operator the satellite infrastructure related business activity,61301,6130,613,Telecommunications,Information and communication
1080,Services related to internet access by the operator the satellite infrastructure,61301,6130,613,Telecommunications,Information and communication
1081,Other satellite telecommunications activities,61309,6130,613,Telecommunications,Information and communication
1081,Other satellite telecommunications activities related business activity,61309,6130,613,Telecommunications,Information and communication
1081,Services related to other satellite telecommunications activities,61309,6130,613,Telecommunications,Information and communication
1082,Other telecommunications activities,61900,6190,619,Telecommunications,Information and communication
1082,Other telecommunications activities related business activity,61900,6190,619,Telecommunications,Information and communication
1082,Services related to other telecommunications activities,61900,6190,619,Telecommunications,Information and communication
1083,"Writing , modifying, testing of computer program to meet the needs of a particular client excluding web-page designing",62011,6201,620,"Computer programming, consultancy and related activities",Information and communication
1083,"Writing , modifying, testing computer program to meet the needs a particular client excluding web-page designing related business activity",62011,6201,620,"Computer programming, consultancy and related activities",Information and communication
1083,"Services related to writing , modifying, testing computer program to meet the needs a particular client excluding web-page designing",62011,6201,620,"Computer programming, consultancy and related activities",Information and communication
1084,Web-page designing,62012,6201,620,"Computer programming, consultancy and related activities",Information and communication
1084,Web-page designing related business activity,62012,6201,620,"Computer programming, consultancy and related activities",Information and communication
1084,Services related to web-page designing,62012,6201,620,"Computer programming, consultancy and related activities",Information and communication
1085,Providing software support and maintenance to the clients,62013,6201,620,"Computer programming, consultancy and related activities",Information and communication
1085,Providing software support and maintenance to the clients related business activity,62013,6201,620,"Computer programming, consultancy and related activities",Information and communication
1085,Services related to providing software support and maintenance to the clients,62013,6201,620,"Computer programming, consultancy and related activities",Information and communication
1086,Computer consultancy and computer facilities management activities,62020,6202,620,"Computer programming, consultancy and related activities",Information and communication
1086,Computer consultancy and computer facilities management activities related business activity,62020,6202,620,"Computer programming, consultancy and related activities",Information and communication
1086,Services related to computer consultancy and computer facilities management activities,62020,6202,620,"Computer programming, consultancy and related activities",Information and communication
1087,Software installation,62091,6209,620,"Computer programming, consultancy and related activities",Information and communication
1087,Software installation related business activity,62091,6209,620,"Computer programming, consultancy and related activities",Information and communication
1087,Services related to software installation,62091,6209,620,"Computer programming, consultancy and related activities",Information and communication
1088,Computer disaster recovery,62092,6209,620,"Computer programming, consultancy and related activities",Information and communication
1088,Computer disaster recovery related business activity,62092,6209,620,"Computer programming, consultancy and related activities",Information and communication
1088,Services related to computer disaster recovery,62092,6209,620,"Computer programming, consultancy and related activities",Information and communication
1089,Other information technology and computer service activities n.e.c,62099,6209,620,"Computer programming, consultancy and related activities",Information and communication
1089,Other information technology and computer service n.e.c related business activity,62099,6209,620,"Computer programming, consultancy and related activities",Information and communication
1089,Services related to other information technology and computer service n.e.c,62099,6209,620,"Computer programming, consultancy and related activities",Information and communication
1090,Data processing activities including report writing,63111,6311,631,Information service activities,Information and communication
1090,Data including report writing related business activity,63111,6311,631,Information service activities,Information and communication
1090,Services related to data including report writing,63111,6311,631,Information service activities,Information and communication
1091,Web hosting activities,63112,6311,631,Information service activities,Information and communication
1091,Web hosting activities related business activity,63112,6311,631,Information service activities,Information and communication
1091,Services related to web hosting activities,63112,6311,631,Information service activities,Information and communication
1092,Providing general time-share mainframe facilities to clients,63113,6311,631,Information service activities,Information and communication
1092,Providing general time-share mainframe facilities to clients related business activity,63113,6311,631,Information service activities,Information and communication
1092,Services related to providing general time-share mainframe facilities to clients,63113,6311,631,Information service activities,Information and communication
1093,Providing data entry services,63114,6311,631,Information service activities,Information and communication
1093,Providing data entry services related business activity,63114,6311,631,Information service activities,Information and communication
1093,Services related to providing data entry services,63114,6311,631,Information service activities,Information and communication
1094,"Other data processing, hosting and related activities n.e.c.",63119,6311,631,Information service activities,Information and communication
1094,"Other data processing, hosting and related n.e.c. related business activity",63119,6311,631,Information service activities,Information and communication
1094,"Services related to other data processing, hosting and related n.e.c.",63119,6311,631,Information service activities,Information and communication
1095,Operation of web sites that use a search engine to generate and maintain extensive databases of internet addresses and content in an easily searchable format,63121,6312,631,Information service activities,Information and communication
1095,Operation web sites that use a search engine to generate and maintain extensive databases internet addresses and content in an easily searchable format related business activity,63121,6312,631,Information service activities,Information and communication
1095,Services related to operation web sites that use a search engine to generate and maintain extensive databases internet addresses and content in an easily searchable format,63121,6312,631,Information service activities,Information and communication
1096,"Operation of other websites that act as portals to the Internet, such as media sites providing periodically updated content",63122,6312,631,Information service activities,Information and communication
1096,"Operation other websites that act as portals to the internet, such as media sites providing periodically updated content related business activity",63122,6312,631,Information service activities,Information and communication
1096,"Services related to operation other websites that act as portals to the internet, such as media sites providing periodically updated content",63122,6312,631,Information service activities,Information and communication
1097,News agency activities,63910,6391,639,Information service activities,Information and communication
1097,News agency activities related business activity,63910,6391,639,Information service activities,Information and communication
1097,Services related to news agency activities,63910,6391,639,Information service activities,Information and communication
1098,Telephone based information services,63991,6399,639,Information service activities,Information and communication
1098,Telephone based information services related business activity,63991,6399,639,Information service activities,Information and communication
1098,Services related to telephone based information services,63991,6399,639,Information service activities,Information and communication
1099,Activities of cyber café,63992,6399,639,Information service activities,Information and communication
1099,Cyber café related business activity,63992,6399,639,Information service activities,Information and communication
1099,Services related to cyber café,63992,6399,639,Information service activities,Information and communication
1100,Other information service activities n.e.c.,63999,6399,639,Information service activities,Information and communication
1100,Other information service n.e.c. related business activity,63999,6399,639,Information service activities,Information and communication
1100,Services related to other information service n.e.c.,63999,6399,639,Information service activities,Information and communication
1101,Central banking,64110,6411,641,"Financial service activities, except insurance and pension funding",Financial and insurance activities
1101,Central banking related business activity,64110,6411,641,"Financial service activities, except insurance and pension funding",Financial and insurance activities
1101,Services related to central banking,64110,6411,641,"Financial service activities, except insurance and pension funding",Financial and insurance activities
1102,"Monetary intermediation of commercial banks, saving banks. postal savings bank and discount houses",64191,6419,641,"Financial service activities, except insurance and pension funding",Financial and insurance activities
1102,"Monetary intermediation commercial banks, saving banks. postal savings bank and discount houses related business activity",64191,6419,641,"Financial service activities, except insurance and pension funding",Financial and insurance activities
1102,"Services related to monetary intermediation commercial banks, saving banks. postal savings bank and discount houses",64191,6419,641,"Financial service activities, except insurance and pension funding",Financial and insurance activities
1103,Activities of specialized institutions granting credit for house purchases that also take deposits,64192,6419,641,"Financial service activities, except insurance and pension funding",Financial and insurance activities
1103,Specialized institutions granting credit for house purchases that also take deposits related business activity,64192,6419,641,"Financial service activities, except insurance and pension funding",Financial and insurance activities
1103,Services related to specialized institutions granting credit for house purchases that also take deposits,64192,6419,641,"Financial service activities, except insurance and pension funding",Financial and insurance activities
1104,Other monetary intermediation services n.e.c.,64199,6419,641,"Financial service activities, except insurance and pension funding",Financial and insurance activities
1104,Other monetary intermediation n.e.c. related business activity,64199,6419,641,"Financial service activities, except insurance and pension funding",Financial and insurance activities
1104,Services related to other monetary intermediation n.e.c.,64199,6419,641,"Financial service activities, except insurance and pension funding",Financial and insurance activities
1105,Activities of holding companies,64200,6420,642,"Financial service activities, except insurance and pension funding",Financial and insurance activities
1105,Holding companies related business activity,64200,6420,642,"Financial service activities, except insurance and pension funding",Financial and insurance activities
1105,Services related to holding companies,64200,6420,642,"Financial service activities, except insurance and pension funding",Financial and insurance activities
1106,"Trusts, funds and other financial vehicles",64300,6430,643,"Financial service activities, except insurance and pension funding",Financial and insurance activities
1106,"Trusts, funds and other financial vehicles related business activity",64300,6430,643,"Financial service activities, except insurance and pension funding",Financial and insurance activities
1106,"Services related to trusts, funds and other financial vehicles",64300,6430,643,"Financial service activities, except insurance and pension funding",Financial and insurance activities
1107,Financial leasing,64910,6491,649,"Financial service activities, except insurance and pension funding",Financial and insurance activities
1107,Financial leasing related business activity,64910,6491,649,"Financial service activities, except insurance and pension funding",Financial and insurance activities
1107,Services related to financial leasing,64910,6491,649,"Financial service activities, except insurance and pension funding",Financial and insurance activities
1108,Other credit granting,64920,6492,649,"Financial service activities, except insurance and pension funding",Financial and insurance activities
1108,Other credit granting related business activity,64920,6492,649,"Financial service activities, except insurance and pension funding",Financial and insurance activities
1108,Services related to other credit granting,64920,6492,649,"Financial service activities, except insurance and pension funding",Financial and insurance activities
1109,"Other financial service activities, except insurance and pension funding activities, n.e.c.",64990,6499,649,"Financial service activities, except insurance and pension funding",Financial and insurance activities
1109,"Other financial service activities, except insurance and pension funding activities, n.e.c. related business activity",64990,6499,649,"Financial service activities, except insurance and pension funding",Financial and insurance activities
1109,"Services related to other financial service activities, except insurance and pension funding activities, n.e.c.",64990,6499,649,"Financial service activities, except insurance and pension funding",Financial and insurance activities
1110,Reinsurance,65020,6502,650,"Insurance, reinsurance and pension funding, except compulsory social security",Financial and insurance activities
1110,Reinsurance related business activity,65020,6502,650,"Insurance, reinsurance and pension funding, except compulsory social security",Financial and insurance activities
1110,Services related to reinsurance,65020,6502,650,"Insurance, reinsurance and pension funding, except compulsory social security",Financial and insurance activities
1111,Life insurance,65110,6511,651,"Insurance, reinsurance and pension funding, except compulsory social security",Financial and insurance activities
1111,Life insurance related business activity,65110,6511,651,"Insurance, reinsurance and pension funding, except compulsory social security",Financial and insurance activities
1111,Services related to life insurance,65110,6511,651,"Insurance, reinsurance and pension funding, except compulsory social security",Financial and insurance activities
1112,Non-life insurance,65120,6512,651,"Insurance, reinsurance and pension funding, except compulsory social security",Financial and insurance activities
1112,Non-life insurance related business activity,65120,6512,651,"Insurance, reinsurance and pension funding, except compulsory social security",Financial and insurance activities
1112,Services related to non-life insurance,65120,6512,651,"Insurance, reinsurance and pension funding, except compulsory social security",Financial and insurance activities
1113,Pension funding,65300,6530,653,"Insurance, reinsurance and pension funding, except compulsory social security",Financial and insurance activities
1113,Pension funding related business activity,65300,6530,653,"Insurance, reinsurance and pension funding, except compulsory social security",Financial and insurance activities
1113,Services related to pension funding,65300,6530,653,"Insurance, reinsurance and pension funding, except compulsory social security",Financial and insurance activities
1114,Administration of financial markets,66110,6611,661,Other financial activities,Financial and insurance activities
1114,Administration financial markets related business activity,66110,6611,661,Other financial activities,Financial and insurance activities
1114,Services related to administration financial markets,66110,6611,661,Other financial activities,Financial and insurance activities
1115,Security and commodity contracts brokerage,66120,6612,661,Other financial activities,Financial and insurance activities
1115,Security and commodity contracts brokerage related business activity,66120,6612,661,Other financial activities,Financial and insurance activities
1115,Services related to security and commodity contracts brokerage,66120,6612,661,Other financial activities,Financial and insurance activities
1116,Activities auxiliary to financial service activities n.e.c.,66190,6619,661,Other financial activities,Financial and insurance activities
1116,Auxiliary to financial service n.e.c. related business activity,66190,6619,661,Other financial activities,Financial and insurance activities
1116,Services related to auxiliary to financial service n.e.c.,66190,6619,661,Other financial activities,Financial and insurance activities
1117,Risk and damage evaluation,66210,6621,662,Other financial activities,Financial and insurance activities
1117,Risk and damage evaluation related business activity,66210,6621,662,Other financial activities,Financial and insurance activities
1117,Services related to risk and damage evaluation,66210,6621,662,Other financial activities,Financial and insurance activities
1118,Activities of insurance agents and brokers,66220,6622,662,Other financial activities,Financial and insurance activities
1118,Insurance agents and brokers related business activity,66220,6622,662,Other financial activities,Financial and insurance activities
1118,Services related to insurance agents and brokers,66220,6622,662,Other financial activities,Financial and insurance activities
1119,Other activities auxiliary to insurance and pension funding,66290,6629,662,Other financial activities,Financial and insurance activities
1119,Other auxiliary to insurance and pension funding related business activity,66290,6629,662,Other financial activities,Financial and insurance activities
1119,Services related to other auxiliary to insurance and pension funding,66290,6629,662,Other financial activities,Financial and insurance activities
1120,Management of mutual funds,66301,6630,663,Other financial activities,Financial and insurance activities
1120,Management mutual funds related business activity,66301,6630,663,Other financial activities,Financial and insurance activities
1120,Services related to management mutual funds,66301,6630,663,Other financial activities,Financial and insurance activities
1121,Management of pension funds,66302,6630,663,Other financial activities,Financial and insurance activities
1121,Management pension funds related business activity,66302,6630,663,Other financial activities,Financial and insurance activities
1121,Services related to management pension funds,66302,6630,663,Other financial activities,Financial and insurance activities
1122,Management of other investment funds,66309,6630,663,Other financial activities,Financial and insurance activities
1122,Management other investment funds related business activity,66309,6630,663,Other financial activities,Financial and insurance activities
1122,Services related to management other investment funds,66309,6630,663,Other financial activities,Financial and insurance activities
1123,Real estate activities with own or leased property,68100,6810,681,Real estate activities,Real estate activities
1123,Real estate with own or leased property related business activity,68100,6810,681,Real estate activities,Real estate activities
1123,Services related to real estate with own or leased property,68100,6810,681,Real estate activities,Real estate activities
1124,Real estate activities on a fee or contract basis,68200,6820,682,Real estate activities,Real estate activities
1124,Real estate on a fee or contract basis related business activity,68200,6820,682,Real estate activities,Real estate activities
1124,Services related to real estate on a fee or contract basis,68200,6820,682,Real estate activities,Real estate activities
1125,Legal activities,69100,6910,691,Legal and accounting activities,"Professional, scientific and technical activities"
1125,Legal activities related business activity,69100,6910,691,Legal and accounting activities,"Professional, scientific and technical activities"
1125,Services related to legal activities,69100,6910,691,Legal and accounting activities,"Professional, scientific and technical activities"
1126,"Accounting, bookkeeping and auditing activities",69201,6920,692,Legal and accounting activities,"Professional, scientific and technical activities"
1126,"Accounting, bookkeeping and auditing activities related business activity",69201,6920,692,Legal and accounting activities,"Professional, scientific and technical activities"
1126,"Services related to accounting, bookkeeping and auditing activities",69201,6920,692,Legal and accounting activities,"Professional, scientific and technical activities"
1127,Tax consultancy,69202,6920,692,Legal and accounting activities,"Professional, scientific and technical activities"
1127,Tax consultancy related business activity,69202,6920,692,Legal and accounting activities,"Professional, scientific and technical activities"
1127,Services related to tax consultancy,69202,6920,692,Legal and accounting activities,"Professional, scientific and technical activities"
1128,Activities of head offices,70100,7010,701,Activities of head offices; management consultancy activities,"Professional, scientific and technical activities"
1128,Head offices related business activity,70100,7010,701,Activities of head offices; management consultancy activities,"Professional, scientific and technical activities"
1128,Services related to head offices,70100,7010,701,Activities of head offices; management consultancy activities,"Professional, scientific and technical activities"
1129,Management consultancy activities,70200,7020,702,Activities of head offices; management consultancy activities,"Professional, scientific and technical activities"
1129,Management consultancy activities related business activity,70200,7020,702,Activities of head offices; management consultancy activities,"Professional, scientific and technical activities"
1129,Services related to management consultancy activities,70200,7020,702,Activities of head offices; management consultancy activities,"Professional, scientific and technical activities"
1130,Architectural and engineering activities and related technical consultancy,71100,7110,711,Architecture and engineering activities; technical testing and analysis,"Professional, scientific and technical activities"
1130,Architectural and engineering and related technical consultancy related business activity,71100,7110,711,Architecture and engineering activities; technical testing and analysis,"Professional, scientific and technical activities"
1130,Services related to architectural and engineering and related technical consultancy,71100,7110,711,Architecture and engineering activities; technical testing and analysis,"Professional, scientific and technical activities"
1131,Technical testing and analysis,71200,7120,712,Architecture and engineering activities; technical testing and analysis,"Professional, scientific and technical activities"
1131,Technical testing and analysis related business activity,71200,7120,712,Architecture and engineering activities; technical testing and analysis,"Professional, scientific and technical activities"
1131,Services related to technical testing and analysis,71200,7120,712,Architecture and engineering activities; technical testing and analysis,"Professional, scientific and technical activities"
1132,Research and experimental development on natural sciences and engineering,72100,7210,721,Scientific research and development,"Professional, scientific and technical activities"
1132,Research and experimental development on natural sciences and engineering related business activity,72100,7210,721,Scientific research and development,"Professional, scientific and technical activities"
1132,Services related to research and experimental development on natural sciences and engineering,72100,7210,721,Scientific research and development,"Professional, scientific and technical activities"
1133,Research and experimental development on social sciences and humanities,72200,7220,722,Scientific research and development,"Professional, scientific and technical activities"
1133,Research and experimental development on social sciences and humanities related business activity,72200,7220,722,Scientific research and development,"Professional, scientific and technical activities"
1133,Services related to research and experimental development on social sciences and humanities,72200,7220,722,Scientific research and development,"Professional, scientific and technical activities"
1134,Advertising,73100,7310,731,Advertising and market research,"Professional, scientific and technical activities"
1134,Advertising related business activity,73100,7310,731,Advertising and market research,"Professional, scientific and technical activities"
1134,Services related to advertising,73100,7310,731,Advertising and market research,"Professional, scientific and technical activities"
1135,Market research and public opinion polling,73200,7320,732,Advertising and market research,"Professional, scientific and technical activities"
1135,Market research and public opinion polling related business activity,73200,7320,732,Advertising and market research,"Professional, scientific and technical activities"
1135,Services related to market research and public opinion polling,73200,7320,732,Advertising and market research,"Professional, scientific and technical activities"
1136,"Fashion design related to textiles, wearing apparel, shoes, jewelry, furniture and other fashion goods as well as other personal or household goods",74101,7410,741,"Other professional, scientific and technical activities","Professional, scientific and technical activities"
1136,"Fashion design related to textiles, wearing apparel, shoes, jewelry, furniture and other fashion goods as well as other personal or household goods related business activity",74101,7410,741,"Other professional, scientific and technical activities","Professional, scientific and technical activities"
1136,"Services related to fashion design related to textiles, wearing apparel, shoes, jewelry, furniture and other fashion goods as well as other personal or household goods",74101,7410,741,"Other professional, scientific and technical activities","Professional, scientific and technical activities"
1137,Activities of interior decorators,74102,7410,741,"Other professional, scientific and technical activities","Professional, scientific and technical activities"
1137,Interior decorators related business activity,74102,7410,741,"Other professional, scientific and technical activities","Professional, scientific and technical activities"
1137,Services related to interior decorators,74102,7410,741,"Other professional, scientific and technical activities","Professional, scientific and technical activities"
1138,Services of graphic designers,74103,7410,741,"Other professional, scientific and technical activities","Professional, scientific and technical activities"
1138,Graphic designers related business activity,74103,7410,741,"Other professional, scientific and technical activities","Professional, scientific and technical activities"
1138,Services related to graphic designers,74103,7410,741,"Other professional, scientific and technical activities","Professional, scientific and technical activities"
1139,Other specialized design activities n.e.c.,74109,7410,741,"Other professional, scientific and technical activities","Professional, scientific and technical activities"
1139,Other specialized design n.e.c. related business activity,74109,7410,741,"Other professional, scientific and technical activities","Professional, scientific and technical activities"
1139,Services related to other specialized design n.e.c.,74109,7410,741,"Other professional, scientific and technical activities","Professional, scientific and technical activities"
1140,Commercial and consumer photograph production,74201,7420,742,"Other professional, scientific and technical activities","Professional, scientific and technical activities"
1140,Commercial and consumer photograph production related business activity,74201,7420,742,"Other professional, scientific and technical activities","Professional, scientific and technical activities"
1140,Services related to commercial and consumer photograph production,74201,7420,742,"Other professional, scientific and technical activities","Professional, scientific and technical activities"
1141,Photographic film processing,74202,7420,742,"Other professional, scientific and technical activities","Professional, scientific and technical activities"
1141,Photographic film processing related business activity,74202,7420,742,"Other professional, scientific and technical activities","Professional, scientific and technical activities"
1141,Services related to photographic film processing,74202,7420,742,"Other professional, scientific and technical activities","Professional, scientific and technical activities"
1142,Activities of photojournalists,74203,7420,742,"Other professional, scientific and technical activities","Professional, scientific and technical activities"
1142,Photojournalists related business activity,74203,7420,742,"Other professional, scientific and technical activities","Professional, scientific and technical activities"
1142,Services related to photojournalists,74203,7420,742,"Other professional, scientific and technical activities","Professional, scientific and technical activities"
1143,Microfilming of documents,74204,7420,742,"Other professional, scientific and technical activities","Professional, scientific and technical activities"
1143,Microfilming documents related business activity,74204,7420,742,"Other professional, scientific and technical activities","Professional, scientific and technical activities"
1143,Services related to microfilming documents,74204,7420,742,"Other professional, scientific and technical activities","Professional, scientific and technical activities"
1144,Other photographic activities,74209,7420,742,"Other professional, scientific and technical activities","Professional, scientific and technical activities"
1144,Other photographic activities related business activity,74209,7420,742,"Other professional, scientific and technical activities","Professional, scientific and technical activities"
1144,Services related to other photographic activities,74209,7420,742,"Other professional, scientific and technical activities","Professional, scientific and technical activities"
1145,Business brokerage activities,74901,7490,749,"Other professional, scientific and technical activities","Professional, scientific and technical activities"
1145,Business brokerage activities related business activity,74901,7490,749,"Other professional, scientific and technical activities","Professional, scientific and technical activities"
1145,Services related to business brokerage activities,74901,7490,749,"Other professional, scientific and technical activities","Professional, scientific and technical activities"
1146,Patent brokerage activities,74902,7490,749,"Other professional, scientific and technical activities","Professional, scientific and technical activities"
1146,Patent brokerage activities related business activity,74902,7490,749,"Other professional, scientific and technical activities","Professional, scientific and technical activities"
1146,Services related to patent brokerage activities,74902,7490,749,"Other professional, scientific and technical activities","Professional, scientific and technical activities"
1147,Weather forecasting activities,74903,7490,749,"Other professional, scientific and technical activities","Professional, scientific and technical activities"
1147,Weather forecasting activities related business activity,74903,7490,749,"Other professional, scientific and technical activities","Professional, scientific and technical activities"
1147,Services related to weather forecasting activities,74903,7490,749,"Other professional, scientific and technical activities","Professional, scientific and technical activities"
1148,Security consulting,74904,7490,749,"Other professional, scientific and technical activities","Professional, scientific and technical activities"
1148,Security consulting related business activity,74904,7490,749,"Other professional, scientific and technical activities","Professional, scientific and technical activities"
1148,Services related to security consulting,74904,7490,749,"Other professional, scientific and technical activities","Professional, scientific and technical activities"
1149,"Other professional, scientific and technical activities n.e.c.",74909,7490,749,"Other professional, scientific and technical activities","Professional, scientific and technical activities"
1149,"Other professional, scientific and technical n.e.c. related business activity",74909,7490,749,"Other professional, scientific and technical activities","Professional, scientific and technical activities"
1149,"Services related to other professional, scientific and technical n.e.c.",74909,7490,749,"Other professional, scientific and technical activities","Professional, scientific and technical activities"
1150,Veterinary activities,75000,7500,750,Veterinary activities,"Professional, scientific and technical activities"
1150,Veterinary activities related business activity,75000,7500,750,Veterinary activities,"Professional, scientific and technical activities"
1150,Services related to veterinary activities,75000,7500,750,Veterinary activities,"Professional, scientific and technical activities"
1151,Renting and leasing of motor vehicles,77100,7710,771,Rental and leasing activities,Administrative and support service activities
1151,Renting and leasing motor vehicles related business activity,77100,7710,771,Rental and leasing activities,Administrative and support service activities
1151,Services related to renting and leasing motor vehicles,77100,7710,771,Rental and leasing activities,Administrative and support service activities
1152,Renting and leasing of recreational and sports goods,77210,7721,772,Rental and leasing activities,Administrative and support service activities
1152,Renting and leasing recreational and sports goods related business activity,77210,7721,772,Rental and leasing activities,Administrative and support service activities
1152,Services related to renting and leasing recreational and sports goods,77210,7721,772,Rental and leasing activities,Administrative and support service activities
1153,Renting of video tapes and disks,77220,7722,772,Rental and leasing activities,Administrative and support service activities
1153,Renting video tapes and disks related business activity,77220,7722,772,Rental and leasing activities,Administrative and support service activities
1153,Services related to renting video tapes and disks,77220,7722,772,Rental and leasing activities,Administrative and support service activities
1154,"Renting of tent, furniture, pottery and glass, kitchen and tableware, utensils, household electrical and electronic equipments etc.",77291,7729,772,Rental and leasing activities,Administrative and support service activities
1154,"Renting tent, furniture, pottery and glass, kitchen and tableware, utensils, household electrical and electronic equipments etc. related business activity",77291,7729,772,Rental and leasing activities,Administrative and support service activities
1154,"Services related to renting tent, furniture, pottery and glass, kitchen and tableware, utensils, household electrical and electronic equipments etc.",77291,7729,772,Rental and leasing activities,Administrative and support service activities
1155,"Renting of books, journals and magazines",77292,7729,772,Rental and leasing activities,Administrative and support service activities
1155,"Renting books, journals and magazines related business activity",77292,7729,772,Rental and leasing activities,Administrative and support service activities
1155,"Services related to renting books, journals and magazines",77292,7729,772,Rental and leasing activities,Administrative and support service activities
1156,"Renting of jewellery, musical instruments, scenery and costumes",77293,7729,772,Rental and leasing activities,Administrative and support service activities
1156,"Renting jewellery, musical instruments, scenery and costumes related business activity",77293,7729,772,Rental and leasing activities,Administrative and support service activities
1156,"Services related to renting jewellery, musical instruments, scenery and costumes",77293,7729,772,Rental and leasing activities,Administrative and support service activities
1157,"Renting of textiles, wearing apparel, footwear, sleeping bag, rucksack, household goods",77294,7729,772,Rental and leasing activities,Administrative and support service activities
1157,"Renting textiles, wearing apparel, footwear, sleeping bag, rucksack, household goods related business activity",77294,7729,772,Rental and leasing activities,Administrative and support service activities
1157,"Services related to renting textiles, wearing apparel, footwear, sleeping bag, rucksack, household goods",77294,7729,772,Rental and leasing activities,Administrative and support service activities
1158,Renting of other personal and household goods n.e.c.,77299,7729,772,Rental and leasing activities,Administrative and support service activities
1158,Renting other personal and household goods n.e.c. related business activity,77299,7729,772,Rental and leasing activities,Administrative and support service activities
1158,Services related to renting other personal and household goods n.e.c.,77299,7729,772,Rental and leasing activities,Administrative and support service activities
1159,"Renting and operational leasing, without operator, of other machinery and equipment that are generally used as capital goods by industries",77301,7730,773,Rental and leasing activities,Administrative and support service activities
1159,"Renting and operational leasing, without operator, other machinery and equipment that are generally used as capital goods by industries related business activity",77301,7730,773,Rental and leasing activities,Administrative and support service activities
1159,"Services related to renting and operational leasing, without operator, other machinery and equipment that are generally used as capital goods by industries",77301,7730,773,Rental and leasing activities,Administrative and support service activities
1160,Renting and operational leasing of agricultural and forestry machinery and equipment without operator,77302,7730,773,Rental and leasing activities,Administrative and support service activities
1160,Renting and operational leasing agricultural and forestry machinery and equipment without operator related business activity,77302,7730,773,Rental and leasing activities,Administrative and support service activities
1160,Services related to renting and operational leasing agricultural and forestry machinery and equipment without operator,77302,7730,773,Rental and leasing activities,Administrative and support service activities
1161,Renting and operational leasing of construction and civil-engineering machinery and equipment without operator,77303,7730,773,Rental and leasing activities,Administrative and support service activities
1161,Renting and operational leasing construction and civil-engineering machinery and equipment without operator related business activity,77303,7730,773,Rental and leasing activities,Administrative and support service activities
1161,Services related to renting and operational leasing construction and civil-engineering machinery and equipment without operator,77303,7730,773,Rental and leasing activities,Administrative and support service activities
1162,Renting and operational leasing of office machinery and equipment without operator,77304,7730,773,Rental and leasing activities,Administrative and support service activities
1162,Renting and operational leasing office machinery and equipment without operator related business activity,77304,7730,773,Rental and leasing activities,Administrative and support service activities
1162,Services related to renting and operational leasing office machinery and equipment without operator,77304,7730,773,Rental and leasing activities,Administrative and support service activities
1163,Renting and operational leasing of land-transport equipment (other than motor vehicles) without drivers,77305,7730,773,Rental and leasing activities,Administrative and support service activities
1163,Renting and operational leasing land-transport equipment (other than motor vehicles) without drivers related business activity,77305,7730,773,Rental and leasing activities,Administrative and support service activities
1163,Services related to renting and operational leasing land-transport equipment (other than motor vehicles) without drivers,77305,7730,773,Rental and leasing activities,Administrative and support service activities
1164,Renting and operational leasing of water-transport equipment without operator,77306,7730,773,Rental and leasing activities,Administrative and support service activities
1164,Renting and operational leasing water-transport equipment without operator related business activity,77306,7730,773,Rental and leasing activities,Administrative and support service activities
1164,Services related to renting and operational leasing water-transport equipment without operator,77306,7730,773,Rental and leasing activities,Administrative and support service activities
1165,Renting and operational leasing of air transport equipment without operator,77307,7730,773,Rental and leasing activities,Administrative and support service activities
1165,Renting and operational leasing air transport equipment without operator related business activity,77307,7730,773,Rental and leasing activities,Administrative and support service activities
1165,Services related to renting and operational leasing air transport equipment without operator,77307,7730,773,Rental and leasing activities,Administrative and support service activities
1166,"Renting of other tangible goods with out operator (includes renting of containers, pallets, animals etc.)",77308,7730,773,Rental and leasing activities,Administrative and support service activities
1166,"Renting other tangible goods with out operator (includes renting containers, pallets, animals etc.) related business activity",77308,7730,773,Rental and leasing activities,Administrative and support service activities
1166,"Services related to renting other tangible goods with out operator (includes renting containers, pallets, animals etc.)",77308,7730,773,Rental and leasing activities,Administrative and support service activities
1167,Renting and leasing of other machinery and equipment n.e.c. without operator,77309,7730,773,Rental and leasing activities,Administrative and support service activities
1167,Renting and leasing other machinery and equipment n.e.c. without operator related business activity,77309,7730,773,Rental and leasing activities,Administrative and support service activities
1167,Services related to renting and leasing other machinery and equipment n.e.c. without operator,77309,7730,773,Rental and leasing activities,Administrative and support service activities
1168,Leasing of nonfinancial intangible assets,77400,7740,774,Rental and leasing activities,Administrative and support service activities
1168,Leasing nonfinancial intangible assets related business activity,77400,7740,774,Rental and leasing activities,Administrative and support service activities
1168,Services related to leasing nonfinancial intangible assets,77400,7740,774,Rental and leasing activities,Administrative and support service activities
1169,Activities of employment placement agencies,78100,7810,781,Employment activities,Administrative and support service activities
1169,Employment placement agencies related business activity,78100,7810,781,Employment activities,Administrative and support service activities
1169,Services related to employment placement agencies,78100,7810,781,Employment activities,Administrative and support service activities
1170,Temporary employment agency activities,78200,7820,782,Employment activities,Administrative and support service activities
1170,Temporary employment agency activities related business activity,78200,7820,782,Employment activities,Administrative and support service activities
1170,Services related to temporary employment agency activities,78200,7820,782,Employment activities,Administrative and support service activities
1171,Human resources provision and management of human resources functions,78300,7830,783,Employment activities,Administrative and support service activities
1171,Human resources provision and management human resources functions related business activity,78300,7830,783,Employment activities,Administrative and support service activities
1171,Services related to human resources provision and management human resources functions,78300,7830,783,Employment activities,Administrative and support service activities
1172,Travel agency activities,79110,7911,791,"Travel agency, tour operator and other reservation service activities",Administrative and support service activities
1172,Travel agency activities related business activity,79110,7911,791,"Travel agency, tour operator and other reservation service activities",Administrative and support service activities
1172,Services related to travel agency activities,79110,7911,791,"Travel agency, tour operator and other reservation service activities",Administrative and support service activities
1173,Tour operator activities,79120,7912,791,"Travel agency, tour operator and other reservation service activities",Administrative and support service activities
1173,Tour operator activities related business activity,79120,7912,791,"Travel agency, tour operator and other reservation service activities",Administrative and support service activities
1173,Services related to tour operator activities,79120,7912,791,"Travel agency, tour operator and other reservation service activities",Administrative and support service activities
1174,Other reservation service and related activities,79900,7990,799,"Travel agency, tour operator and other reservation service activities",Administrative and support service activities
1174,Other reservation service and related activities related business activity,79900,7990,799,"Travel agency, tour operator and other reservation service activities",Administrative and support service activities
1174,Services related to other reservation service and related activities,79900,7990,799,"Travel agency, tour operator and other reservation service activities",Administrative and support service activities
1175,Private security activities,80100,8010,801,Security and investigation activities,Administrative and support service activities
1175,Private security activities related business activity,80100,8010,801,Security and investigation activities,Administrative and support service activities
1175,Services related to private security activities,80100,8010,801,Security and investigation activities,Administrative and support service activities
1176,Security systems service activities,80200,8020,802,Security and investigation activities,Administrative and support service activities
1176,Security systems service activities related business activity,80200,8020,802,Security and investigation activities,Administrative and support service activities
1176,Services related to security systems service activities,80200,8020,802,Security and investigation activities,Administrative and support service activities
1177,Investigation activities,80300,8030,803,Security and investigation activities,Administrative and support service activities
1177,Investigation activities related business activity,80300,8030,803,Security and investigation activities,Administrative and support service activities
1177,Services related to investigation activities,80300,8030,803,Security and investigation activities,Administrative and support service activities
1178,General cleaning of buildings,81210,8121,812,Services to buildings and landscape activities,Administrative and support service activities
1178,General cleaning buildings related business activity,81210,8121,812,Services to buildings and landscape activities,Administrative and support service activities
1178,Services related to general cleaning buildings,81210,8121,812,Services to buildings and landscape activities,Administrative and support service activities
1179,"Cleaning of trains buses, planes etc.",81291,8129,812,Services to buildings and landscape activities,Administrative and support service activities
1179,"Cleaning trains buses, planes etc. related business activity",81291,8129,812,Services to buildings and landscape activities,Administrative and support service activities
1179,"Services related to cleaning trains buses, planes etc.",81291,8129,812,Services to buildings and landscape activities,Administrative and support service activities
1180,Cleaning of industrial machinery,81292,8129,812,Services to buildings and landscape activities,Administrative and support service activities
1180,Cleaning industrial machinery related business activity,81292,8129,812,Services to buildings and landscape activities,Administrative and support service activities
1180,Services related to cleaning industrial machinery,81292,8129,812,Services to buildings and landscape activities,Administrative and support service activities
1181,Other building and industrial cleaning activities,81299,8129,812,Services to buildings and landscape activities,Administrative and support service activities
1181,Other building and industrial cleaning activities related business activity,81299,8129,812,Services to buildings and landscape activities,Administrative and support service activities
1181,Services related to other building and industrial cleaning activities,81299,8129,812,Services to buildings and landscape activities,Administrative and support service activities
1182,Landscape care and maintenance service activities,81300,8130,813,Services to buildings and landscape activities,Administrative and support service activities
1182,Landscape care and maintenance service activities related business activity,81300,8130,813,Services to buildings and landscape activities,Administrative and support service activities
1182,Services related to landscape care and maintenance service activities,81300,8130,813,Services to buildings and landscape activities,Administrative and support service activities
1183,Combined office administrative service activities,82110,8211,821,"Office administrative, office support and other business support activities",Administrative and support service activities
1183,Combined office administrative service activities related business activity,82110,8211,821,"Office administrative, office support and other business support activities",Administrative and support service activities
1183,Services related to combined office administrative service activities,82110,8211,821,"Office administrative, office support and other business support activities",Administrative and support service activities
1184,"Photocopying, duplicating and bluprinting services",82191,8219,821,"Office administrative, office support and other business support activities",Administrative and support service activities
1184,"Photocopying, duplicating and bluprinting services related business activity",82191,8219,821,"Office administrative, office support and other business support activities",Administrative and support service activities
1184,"Services related to photocopying, duplicating and bluprinting services",82191,8219,821,"Office administrative, office support and other business support activities",Administrative and support service activities
1185,"Document preparation, typing, word processing and desktop publishing sevices",82192,8219,821,"Office administrative, office support and other business support activities",Administrative and support service activities
1185,"Document preparation, typing, word and desktop publishing sevices related business activity",82192,8219,821,"Office administrative, office support and other business support activities",Administrative and support service activities
1185,"Services related to document preparation, typing, word and desktop publishing sevices",82192,8219,821,"Office administrative, office support and other business support activities",Administrative and support service activities
1186,Other specialised office support services activities,82199,8219,821,"Office administrative, office support and other business support activities",Administrative and support service activities
1186,Other specialised office support activities related business activity,82199,8219,821,"Office administrative, office support and other business support activities",Administrative and support service activities
1186,Services related to other specialised office support activities,82199,8219,821,"Office administrative, office support and other business support activities",Administrative and support service activities
1187,Activities of call centres,82200,8220,822,"Office administrative, office support and other business support activities",Administrative and support service activities
1187,Call centres related business activity,82200,8220,822,"Office administrative, office support and other business support activities",Administrative and support service activities
1187,Services related to call centres,82200,8220,822,"Office administrative, office support and other business support activities",Administrative and support service activities
1188,Organization of conventions and trade shows,82300,8230,823,"Office administrative, office support and other business support activities",Administrative and support service activities
1188,Organization conventions and trade shows related business activity,82300,8230,823,"Office administrative, office support and other business support activities",Administrative and support service activities
1188,Services related to organization conventions and trade shows,82300,8230,823,"Office administrative, office support and other business support activities",Administrative and support service activities
1189,Activities of collection agencies and credit bureaus,82910,8291,829,"Office administrative, office support and other business support activities",Administrative and support service activities
1189,Collection agencies and credit bureaus related business activity,82910,8291,829,"Office administrative, office support and other business support activities",Administrative and support service activities
1189,Services related to collection agencies and credit bureaus,82910,8291,829,"Office administrative, office support and other business support activities",Administrative and support service activities
1190,Packaging activities,82920,8292,829,"Office administrative, office support and other business support activities",Administrative and support service activities
1190,Packaging activities related business activity,82920,8292,829,"Office administrative, office support and other business support activities",Administrative and support service activities
1190,Services related to packaging activities,82920,8292,829,"Office administrative, office support and other business support activities",Administrative and support service activities
1191,Other business support service activities n.e.c.,82990,8299,829,"Office administrative, office support and other business support activities",Administrative and support service activities
1191,Other business support service n.e.c. related business activity,82990,8299,829,"Office administrative, office support and other business support activities",Administrative and support service activities
1191,Services related to other business support service n.e.c.,82990,8299,829,"Office administrative, office support and other business support activities",Administrative and support service activities
1192,General public service activities relating to executive,84111,8411,841,Public administration and defence; compulsory social security,Public administration and defence; compulsory social security
1192,General public service relating to executive related business activity,84111,8411,841,Public administration and defence; compulsory social security,Public administration and defence; compulsory social security
1192,Services related to general public service relating to executive,84111,8411,841,Public administration and defence; compulsory social security,Public administration and defence; compulsory social security
1193,General public service activities relating to legislation,84112,8411,841,Public administration and defence; compulsory social security,Public administration and defence; compulsory social security
1193,General public service relating to legislation related business activity,84112,8411,841,Public administration and defence; compulsory social security,Public administration and defence; compulsory social security
1193,Services related to general public service relating to legislation,84112,8411,841,Public administration and defence; compulsory social security,Public administration and defence; compulsory social security
1194,General public service activities n.e.c.,84119,8411,841,Public administration and defence; compulsory social security,Public administration and defence; compulsory social security
1194,General public service n.e.c. related business activity,84119,8411,841,Public administration and defence; compulsory social security,Public administration and defence; compulsory social security
1194,Services related to general public service n.e.c.,84119,8411,841,Public administration and defence; compulsory social security,Public administration and defence; compulsory social security
1195,Regulatory agencies relating to health,84121,8412,841,Public administration and defence; compulsory social security,Public administration and defence; compulsory social security
1195,Regulatory agencies relating to health related business activity,84121,8412,841,Public administration and defence; compulsory social security,Public administration and defence; compulsory social security
1195,Services related to regulatory agencies relating to health,84121,8412,841,Public administration and defence; compulsory social security,Public administration and defence; compulsory social security
1196,Regulatory agencies relating to education,84122,8412,841,Public administration and defence; compulsory social security,Public administration and defence; compulsory social security
1196,Regulatory agencies relating to education related business activity,84122,8412,841,Public administration and defence; compulsory social security,Public administration and defence; compulsory social security
1196,Services related to regulatory agencies relating to education,84122,8412,841,Public administration and defence; compulsory social security,Public administration and defence; compulsory social security
1197,Regulatory agencies relating to other social services n.e.c. excluding social security,84129,8412,841,Public administration and defence; compulsory social security,Public administration and defence; compulsory social security
1197,Regulatory agencies relating to other social n.e.c. excluding social security related business activity,84129,8412,841,Public administration and defence; compulsory social security,Public administration and defence; compulsory social security
1197,Services related to regulatory agencies relating to other social n.e.c. excluding social security,84129,8412,841,Public administration and defence; compulsory social security,Public administration and defence; compulsory social security
1198,Regulation of and contribution to more efficient operation of businesses,84130,8413,841,Public administration and defence; compulsory social security,Public administration and defence; compulsory social security
1198,Regulation and contribution to more efficient operation businesses related business activity,84130,8413,841,Public administration and defence; compulsory social security,Public administration and defence; compulsory social security
1198,Services related to regulation and contribution to more efficient operation businesses,84130,8413,841,Public administration and defence; compulsory social security,Public administration and defence; compulsory social security
1199,Foreign affairs,84210,8421,842,Public administration and defence; compulsory social security,Public administration and defence; compulsory social security
1199,Foreign affairs related business activity,84210,8421,842,Public administration and defence; compulsory social security,Public administration and defence; compulsory social security
1199,Services related to foreign affairs,84210,8421,842,Public administration and defence; compulsory social security,Public administration and defence; compulsory social security
1200,Defence activities,84220,8422,842,Public administration and defence; compulsory social security,Public administration and defence; compulsory social security
1200,Defence activities related business activity,84220,8422,842,Public administration and defence; compulsory social security,Public administration and defence; compulsory social security
1200,Services related to defence activities,84220,8422,842,Public administration and defence; compulsory social security,Public administration and defence; compulsory social security
1201,Public order and safety activities,84230,8423,842,Public administration and defence; compulsory social security,Public administration and defence; compulsory social security
1201,Public order and safety activities related business activity,84230,8423,842,Public administration and defence; compulsory social security,Public administration and defence; compulsory social security
1201,Services related to public order and safety activities,84230,8423,842,Public administration and defence; compulsory social security,Public administration and defence; compulsory social security
1202,Compulsory social security activities,84300,8430,843,Public administration and defence; compulsory social security,Public administration and defence; compulsory social security
1202,Compulsory social security activities related business activity,84300,8430,843,Public administration and defence; compulsory social security,Public administration and defence; compulsory social security
1202,Services related to compulsory social security activities,84300,8430,843,Public administration and defence; compulsory social security,Public administration and defence; compulsory social security
1203,Pre-primary education (education preceding the first level),85101,8510,851,Education,Education
1203,Pre-primary education (education preceding the first level) related business activity,85101,8510,851,Education,Education
1203,Services related to pre-primary education (education preceding the first level),85101,8510,851,Education,Education
1204,Primary education (education at the first level),85102,8510,851,Education,Education
1204,Primary education (education at the first level) related business activity,85102,8510,851,Education,Education
1204,Services related to primary education (education at the first level),85102,8510,851,Education,Education
1205,Provision of literacy programmes for adults at primary level,85103,8510,851,Education,Education
1205,Provision literacy programmes for adults at primary level related business activity,85103,8510,851,Education,Education
1205,Services related to provision literacy programmes for adults at primary level,85103,8510,851,Education,Education
1206,Special education for handicapped students at primary lavel,85104,8510,851,Education,Education
1206,Special education for handicapped students at primary lavel related business activity,85104,8510,851,Education,Education
1206,Services related to special education for handicapped students at primary lavel,85104,8510,851,Education,Education
1207,Other primary education activities n.e.c.,85109,8510,851,Education,Education
1207,Other primary education n.e.c. related business activity,85109,8510,851,Education,Education
1207,Services related to other primary education n.e.c.,85109,8510,851,Education,Education
1208,General school education in the first stage of the secondary level (up to X th standard) without any special subject pre-requisite,85211,8521,852,Education,Education
1208,General school education in the first stage the secondary level (up to x th standard) without any special subject pre-requisite related business activity,85211,8521,852,Education,Education
1208,Services related to general school education in the first stage the secondary level (up to x th standard) without any special subject pre-requisite,85211,8521,852,Education,Education
1209,"General school education in the second stage of the secondary level (Senior/ Higher secondary) giving, in principle, access to higher education",85212,8521,852,Education,Education
1209,"General school education in the second stage the secondary level (senior/ higher secondary) giving, in principle, access to higher education related business activity",85212,8521,852,Education,Education
1209,"Services related to general school education in the second stage the secondary level (senior/ higher secondary) giving, in principle, access to higher education",85212,8521,852,Education,Education
1210,Special education for handicapped students at first stage or second stage of secondary level,85213,8521,852,Education,Education
1210,Special education for handicapped students at first stage or second stage secondary level related business activity,85213,8521,852,Education,Education
1210,Services related to special education for handicapped students at first stage or second stage secondary level,85213,8521,852,Education,Education
1211,Technical and vocational education below the level of higher education except for handicapped,85221,85221,85221,Education,Education
1211,Technical and vocational education below the level higher education except for handicapped related business activity,85221,85221,85221,Education,Education
1211,Services related to technical and vocational education below the level higher education except for handicapped,85221,85221,85221,Education,Education
1212,Technical and vocational education for handicapped students below the level of higher education,85222,8522,852,Education,Education
1212,Technical and vocational education for handicapped students below the level higher education related business activity,85222,8522,852,Education,Education
1212,Services related to technical and vocational education for handicapped students below the level higher education,85222,8522,852,Education,Education
1213,Professional motor driving school,85223,8522,852,Education,Education
1213,Professional motor driving school related business activity,85223,8522,852,Education,Education
1213,Services related to professional motor driving school,85223,8522,852,Education,Education
1214,"Higher education in science, commerce, humanity and fine arts leading to a university degree or equivalent",85301,8530,853,Education,Education
1214,"Higher education in science, commerce, humanity and fine arts leading to a university degree or equivalent related business activity",85301,8530,853,Education,Education
1214,"Services related to higher education in science, commerce, humanity and fine arts leading to a university degree or equivalent",85301,8530,853,Education,Education
1215,Higher education in engineering / other technical courses leading to a university degree or equivalent,85302,8530,853,Education,Education
1215,Higher education in engineering / other technical courses leading to a university degree or equivalent related business activity,85302,8530,853,Education,Education
1215,Services related to higher education in engineering / other technical courses leading to a university degree or equivalent,85302,8530,853,Education,Education
1216,Higher education in medical/bio-technology and related courses leading to a university degree or equivalent,85303,8530,853,Education,Education
1216,Higher education in medical/bio-technology and related courses leading to a university degree or equivalent related business activity,85303,8530,853,Education,Education
1216,Services related to higher education in medical/bio-technology and related courses leading to a university degree or equivalent,85303,8530,853,Education,Education
1217,Higher education in management courses leading to a degree or equivalent,85304,8530,853,Education,Education
1217,Higher education in management courses leading to a degree or equivalent related business activity,85304,8530,853,Education,Education
1217,Services related to higher education in management courses leading to a degree or equivalent,85304,8530,853,Education,Education
1218,Higher education in law leading to a degree or equivalent,85305,8530,853,Education,Education
1218,Higher education in law leading to a degree or equivalent related business activity,85305,8530,853,Education,Education
1218,Services related to higher education in law leading to a degree or equivalent,85305,8530,853,Education,Education
1219,Higher education in other professional/ vocational courses leading to a degree or equivalent,85306,8530,853,Education,Education
1219,Higher education in other professional/ vocational courses leading to a degree or equivalent related business activity,85306,8530,853,Education,Education
1219,Services related to higher education in other professional/ vocational courses leading to a degree or equivalent,85306,8530,853,Education,Education
1220,Higher education not leading to a degree or equivalent,85307,8530,853,Education,Education
1220,Higher education not leading to a degree or equivalent related business activity,85307,8530,853,Education,Education
1220,Services related to higher education not leading to a degree or equivalent,85307,8530,853,Education,Education
1221,Sports and recreation education,85410,8541,854,Education,Education
1221,Sports and recreation education related business activity,85410,8541,854,Education,Education
1221,Services related to sports and recreation education,85410,8541,854,Education,Education
1222,Cultural education,85420,8542,854,Education,Education
1222,Cultural education related business activity,85420,8542,854,Education,Education
1222,Services related to cultural education,85420,8542,854,Education,Education
1223,Academic tutoring services,85491,8549,854,Education,Education
1223,Academic tutoring services related business activity,85491,8549,854,Education,Education
1223,Services related to academic tutoring services,85491,8549,854,Education,Education
1224,Professional examination review courses,85492,8549,854,Education,Education
1224,Professional examination review courses related business activity,85492,8549,854,Education,Education
1224,Services related to professional examination review courses,85492,8549,854,Education,Education
1225,Flying school,85493,8549,854,Education,Education
1225,Flying school related business activity,85493,8549,854,Education,Education
1225,Services related to flying school,85493,8549,854,Education,Education
1226,Motor driving school (non-professional),85494,8549,854,Education,Education
1226,Motor driving school (non-professional) related business activity,85494,8549,854,Education,Education
1226,Services related to motor driving school (non-professional),85494,8549,854,Education,Education
1227,Other educational services n.e.c.,85499,8549,854,Education,Education
1227,Other educational n.e.c. related business activity,85499,8549,854,Education,Education
1227,Services related to other educational n.e.c.,85499,8549,854,Education,Education
1228,Educational support services,85500,8550,855,Education,Education
1228,Educational support services related business activity,85500,8550,855,Education,Education
1228,Services related to educational support services,85500,8550,855,Education,Education
1229,Hospital activities,86100,8610,861,Human health activities,Human health and social work activities
1229,Hospital activities related business activity,86100,8610,861,Human health activities,Human health and social work activities
1229,Services related to hospital activities,86100,8610,861,Human health activities,Human health and social work activities
1230,Medical practice activities,86201,8620,862,Human health activities,Human health and social work activities
1230,Medical practice activities related business activity,86201,8620,862,Human health activities,Human health and social work activities
1230,Services related to medical practice activities,86201,8620,862,Human health activities,Human health and social work activities
1231,Dental practice activities,86202,8620,862,Human health activities,Human health and social work activities
1231,Dental practice activities related business activity,86202,8620,862,Human health activities,Human health and social work activities
1231,Services related to dental practice activities,86202,8620,862,Human health activities,Human health and social work activities
1232,Activities of Ayurveda practitioners,86901,8690,869,Human health activities,Human health and social work activities
1232,Ayurveda practitioners related business activity,86901,8690,869,Human health activities,Human health and social work activities
1232,Services related to ayurveda practitioners,86901,8690,869,Human health activities,Human health and social work activities
1233,Activities of Unani practitioners,86902,8690,869,Human health activities,Human health and social work activities
1233,Unani practitioners related business activity,86902,8690,869,Human health activities,Human health and social work activities
1233,Services related to unani practitioners,86902,8690,869,Human health activities,Human health and social work activities
1234,Activities of homeopaths,86903,8690,869,Human health activities,Human health and social work activities
1234,Homeopaths related business activity,86903,8690,869,Human health activities,Human health and social work activities
1234,Services related to homeopaths,86903,8690,869,Human health activities,Human health and social work activities
1235,"Activities of nurses, masseures, physiotherapists or other para-medical practitioners",86904,8690,869,Human health activities,Human health and social work activities
1235,"Nurses, masseures, physiotherapists or other para-medical practitioners related business activity",86904,8690,869,Human health activities,Human health and social work activities
1235,"Services related to nurses, masseures, physiotherapists or other para-medical practitioners",86904,8690,869,Human health activities,Human health and social work activities
1236,Activities of independent diagnostic/pathological laboratories,86905,8690,869,Human health activities,Human health and social work activities
1236,Independent diagnostic/pathological laboratories related business activity,86905,8690,869,Human health activities,Human health and social work activities
1236,Services related to independent diagnostic/pathological laboratories,86905,8690,869,Human health activities,Human health and social work activities
1237,Activities of independent blood banks,86906,8690,869,Human health activities,Human health and social work activities
1237,Independent blood banks related business activity,86906,8690,869,Human health activities,Human health and social work activities
1237,Services related to independent blood banks,86906,8690,869,Human health activities,Human health and social work activities
1238,Other human health activities n.e.c. (including independent ambulance activities),86909,8690,869,Human health activities,Human health and social work activities
1238,Other human health n.e.c. (including independent ambulance activities) related business activity,86909,8690,869,Human health activities,Human health and social work activities
1238,Services related to other human health n.e.c. (including independent ambulance activities),86909,8690,869,Human health activities,Human health and social work activities
1239,Nursing care facilities,87100,8710,871,Residential care activities,Human health and social work activities
1239,Nursing care facilities related business activity,87100,8710,871,Residential care activities,Human health and social work activities
1239,Services related to nursing care facilities,87100,8710,871,Residential care activities,Human health and social work activities
1240,"Residential care activities for mental retardation, mental health and substance abuse",87200,8720,872,Residential care activities,Human health and social work activities
1240,"Residential care for mental retardation, mental health and substance abuse related business activity",87200,8720,872,Residential care activities,Human health and social work activities
1240,"Services related to residential care for mental retardation, mental health and substance abuse",87200,8720,872,Residential care activities,Human health and social work activities
1241,Residential care activities for the elderly and disabled,87300,8730,873,Residential care activities,Human health and social work activities
1241,Residential care for the elderly and disabled related business activity,87300,8730,873,Residential care activities,Human health and social work activities
1241,Services related to residential care for the elderly and disabled,87300,8730,873,Residential care activities,Human health and social work activities
1242,Other residential care activities n.e.c.,87900,8790,879,Residential care activities,Human health and social work activities
1242,Other residential care n.e.c. related business activity,87900,8790,879,Residential care activities,Human health and social work activities
1242,Services related to other residential care n.e.c.,87900,8790,879,Residential care activities,Human health and social work activities
1243,Social work activities without accommodation for the elderly and disabled,88100,8810,881,Social work activities without accommodation,Human health and social work activities
1243,Social work without accommodation for the elderly and disabled related business activity,88100,8810,881,Social work activities without accommodation,Human health and social work activities
1243,Services related to social work without accommodation for the elderly and disabled,88100,8810,881,Social work activities without accommodation,Human health and social work activities
1244,Other social work activities without accommodation n.e.c.,88900,8890,889,Social work activities without accommodation,Human health and social work activities
1244,Other social work without accommodation n.e.c. related business activity,88900,8890,889,Social work activities without accommodation,Human health and social work activities
1244,Services related to other social work without accommodation n.e.c.,88900,8890,889,Social work activities without accommodation,Human health and social work activities
1245,Stage production and related activities,90001,9000,900,"Creative, arts and entertainment activities","Arts, entertainment and recreation"
1245,Stage and related activities related business activity,90001,9000,900,"Creative, arts and entertainment activities","Arts, entertainment and recreation"
1245,Services related to stage and related activities,90001,9000,900,"Creative, arts and entertainment activities","Arts, entertainment and recreation"
1246,Operation of concert and theatre halls and other arts facilities,90002,9000,900,"Creative, arts and entertainment activities","Arts, entertainment and recreation"
1246,Operation concert and theatre halls and other arts facilities related business activity,90002,9000,900,"Creative, arts and entertainment activities","Arts, entertainment and recreation"
1246,Services related to operation concert and theatre halls and other arts facilities,90002,9000,900,"Creative, arts and entertainment activities","Arts, entertainment and recreation"
1247,"Activities of sculptors, painters, cartoonists, engravers, etchers etc.",90003,9000,900,"Creative, arts and entertainment activities","Arts, entertainment and recreation"
1247,"Sculptors, painters, cartoonists, engravers, etchers etc. related business activity",90003,9000,900,"Creative, arts and entertainment activities","Arts, entertainment and recreation"
1247,"Services related to sculptors, painters, cartoonists, engravers, etchers etc.",90003,9000,900,"Creative, arts and entertainment activities","Arts, entertainment and recreation"
1248,"Activities of individual writers, for all subjects including fictional writing, technical writing etc.",90004,9000,900,"Creative, arts and entertainment activities","Arts, entertainment and recreation"
1248,"Individual writers, for all subjects including fictional writing, technical writing etc. related business activity",90004,9000,900,"Creative, arts and entertainment activities","Arts, entertainment and recreation"
1248,"Services related to individual writers, for all subjects including fictional writing, technical writing etc.",90004,9000,900,"Creative, arts and entertainment activities","Arts, entertainment and recreation"
1249,Activities of independent journalists,90005,9000,900,"Creative, arts and entertainment activities","Arts, entertainment and recreation"
1249,Independent journalists related business activity,90005,9000,900,"Creative, arts and entertainment activities","Arts, entertainment and recreation"
1249,Services related to independent journalists,90005,9000,900,"Creative, arts and entertainment activities","Arts, entertainment and recreation"
1250,Activities of restoring of works of art such as paintings etc.,90006,9000,900,"Creative, arts and entertainment activities","Arts, entertainment and recreation"
1250,Restoring works art such as paintings etc. related business activity,90006,9000,900,"Creative, arts and entertainment activities","Arts, entertainment and recreation"
1250,Services related to restoring works art such as paintings etc.,90006,9000,900,"Creative, arts and entertainment activities","Arts, entertainment and recreation"
1251,Other creative arts and and entertainment activities,90009,9000,900,"Creative, arts and entertainment activities","Arts, entertainment and recreation"
1251,Other creative arts and and entertainment activities related business activity,90009,9000,900,"Creative, arts and entertainment activities","Arts, entertainment and recreation"
1251,Services related to other creative arts and and entertainment activities,90009,9000,900,"Creative, arts and entertainment activities","Arts, entertainment and recreation"
1252,Library and archives activities,91010,9101,910,"Libraries, archives, museums and other cultural activities","Arts, entertainment and recreation"
1252,Library and archives activities related business activity,91010,9101,910,"Libraries, archives, museums and other cultural activities","Arts, entertainment and recreation"
1252,Services related to library and archives activities,91010,9101,910,"Libraries, archives, museums and other cultural activities","Arts, entertainment and recreation"
1253,Museums activities and operation of historical sites and buildings,91020,9102,910,"Libraries, archives, museums and other cultural activities","Arts, entertainment and recreation"
1253,Museums and operation historical sites and buildings related business activity,91020,9102,910,"Libraries, archives, museums and other cultural activities","Arts, entertainment and recreation"
1253,Services related to museums and operation historical sites and buildings,91020,9102,910,"Libraries, archives, museums and other cultural activities","Arts, entertainment and recreation"
1254,Botanical and zoological gardens and nature reserves activities,91030,9103,910,"Libraries, archives, museums and other cultural activities","Arts, entertainment and recreation"
1254,Botanical and zoological gardens and nature reserves activities related business activity,91030,9103,910,"Libraries, archives, museums and other cultural activities","Arts, entertainment and recreation"
1254,Services related to botanical and zoological gardens and nature reserves activities,91030,9103,910,"Libraries, archives, museums and other cultural activities","Arts, entertainment and recreation"
1255,Wholesale of lottery tickets,92001,9200,920,Gambling and betting activities,"Arts, entertainment and recreation"
1255,Lottery tickets related business activity,92001,9200,920,Gambling and betting activities,"Arts, entertainment and recreation"
1255,Services related to lottery tickets,92001,9200,920,Gambling and betting activities,"Arts, entertainment and recreation"
1256,Retail sale of lottery tickets,92002,9200,920,Gambling and betting activities,"Arts, entertainment and recreation"
1256,Sale lottery tickets related business activity,92002,9200,920,Gambling and betting activities,"Arts, entertainment and recreation"
1256,Services related to sale lottery tickets,92002,9200,920,Gambling and betting activities,"Arts, entertainment and recreation"
1257,Other gambling and betting activities,92009,9200,920,Gambling and betting activities,"Arts, entertainment and recreation"
1257,Other gambling and betting activities related business activity,92009,9200,920,Gambling and betting activities,"Arts, entertainment and recreation"
1257,Services related to other gambling and betting activities,92009,9200,920,Gambling and betting activities,"Arts, entertainment and recreation"
1258,Operation of sports facilities,93110,9311,931,Sports activities and amusement and recreation activities,"Arts, entertainment and recreation"
1258,Operation sports facilities related business activity,93110,9311,931,Sports activities and amusement and recreation activities,"Arts, entertainment and recreation"
1258,Services related to operation sports facilities,93110,9311,931,Sports activities and amusement and recreation activities,"Arts, entertainment and recreation"
1259,Activities of sports clubs,93120,9312,931,Sports activities and amusement and recreation activities,"Arts, entertainment and recreation"
1259,Sports clubs related business activity,93120,9312,931,Sports activities and amusement and recreation activities,"Arts, entertainment and recreation"
1259,Services related to sports clubs,93120,9312,931,Sports activities and amusement and recreation activities,"Arts, entertainment and recreation"
1260,Other sports activities,93190,9319,931,Sports activities and amusement and recreation activities,"Arts, entertainment and recreation"
1260,Other sports activities related business activity,93190,9319,931,Sports activities and amusement and recreation activities,"Arts, entertainment and recreation"
1260,Services related to other sports activities,93190,9319,931,Sports activities and amusement and recreation activities,"Arts, entertainment and recreation"
1261,Activities of amusement parks and theme parks,93210,9321,932,Sports activities and amusement and recreation activities,"Arts, entertainment and recreation"
1261,Amusement parks and theme parks related business activity,93210,9321,932,Sports activities and amusement and recreation activities,"Arts, entertainment and recreation"
1261,Services related to amusement parks and theme parks,93210,9321,932,Sports activities and amusement and recreation activities,"Arts, entertainment and recreation"
1262,Other amusement and recreation activities n.e.c.,93290,9329,932,Sports activities and amusement and recreation activities,"Arts, entertainment and recreation"
1262,Other amusement and recreation n.e.c. related business activity,93290,9329,932,Sports activities and amusement and recreation activities,"Arts, entertainment and recreation"
1262,Services related to other amusement and recreation n.e.c.,93290,9329,932,Sports activities and amusement and recreation activities,"Arts, entertainment and recreation"
1263,Activities of business and employers membership organisations,94110,9411,941,Activities of membership organizations,Other service activities
1263,Business and employers membership organisations related business activity,94110,9411,941,Activities of membership organizations,Other service activities
1263,Services related to business and employers membership organisations,94110,9411,941,Activities of membership organizations,Other service activities
1264,Activities of professional membership organizations,94120,9412,941,Activities of membership organizations,Other service activities
1264,Professional membership organizations related business activity,94120,9412,941,Activities of membership organizations,Other service activities
1264,Services related to professional membership organizations,94120,9412,941,Activities of membership organizations,Other service activities
1265,Activities of trade unions,94200,9420,942,Activities of membership organizations,Other service activities
1265,Trade unions related business activity,94200,9420,942,Activities of membership organizations,Other service activities
1265,Services related to trade unions,94200,9420,942,Activities of membership organizations,Other service activities
1266,Activities of religious organizations,94910,9491,949,Activities of membership organizations,Other service activities
1266,Religious organizations related business activity,94910,9491,949,Activities of membership organizations,Other service activities
1266,Services related to religious organizations,94910,9491,949,Activities of membership organizations,Other service activities
1267,Activities of political organizations,94920,9492,949,Activities of membership organizations,Other service activities
1267,Political organizations related business activity,94920,9492,949,Activities of membership organizations,Other service activities
1267,Services related to political organizations,94920,9492,949,Activities of membership organizations,Other service activities
1268,Activities of other membership organizations n.e.c.,94990,9499,949,Activities of membership organizations,Other service activities
1268,Other membership organizations n.e.c. related business activity,94990,9499,949,Activities of membership organizations,Other service activities
1268,Services related to other membership organizations n.e.c.,94990,9499,949,Activities of membership organizations,Other service activities
1269,Repair and maintenance of computer and peripheral equipment,95111,9511,951,Repair of computers and personal and household goods,Other service activities
1269,Repair and maintenance computer and peripheral equipment related business activity,95111,9511,951,Repair of computers and personal and household goods,Other service activities
1269,Services related to repair and maintenance computer and peripheral equipment,95111,9511,951,Repair of computers and personal and household goods,Other service activities
1270,"Repair and maintenance of automated terminals like automatic teller machines, point-of-sale (POS) terminals, not mechanically operated",95112,9511,951,Repair of computers and personal and household goods,Other service activities
1270,"Repair and maintenance automated terminals like automatic teller machines, point-of-sale (pos) terminals, not mechanically operated related business activity",95112,9511,951,Repair of computers and personal and household goods,Other service activities
1270,"Services related to repair and maintenance automated terminals like automatic teller machines, point-of-sale (pos) terminals, not mechanically operated",95112,9511,951,Repair of computers and personal and household goods,Other service activities
1271,Repair of communication equipment,95120,9512,951,Repair of computers and personal and household goods,Other service activities
1271,Repair communication equipment related business activity,95120,9512,951,Repair of computers and personal and household goods,Other service activities
1271,Services related to repair communication equipment,95120,9512,951,Repair of computers and personal and household goods,Other service activities
1272,Repair of consumer electronics,95210,9521,952,Repair of computers and personal and household goods,Other service activities
1272,Repair consumer electronics related business activity,95210,9521,952,Repair of computers and personal and household goods,Other service activities
1272,Services related to repair consumer electronics,95210,9521,952,Repair of computers and personal and household goods,Other service activities
1273,"Repair and servicing of household appliances ( refrigerators, stoves, washing machines, clothes dryers, room air conditioners, etc. )",95221,9522,952,Repair of computers and personal and household goods,Other service activities
1273,"Repair and servicing household appliances ( refrigerators, stoves, washing machines, clothes dryers, room air conditioners, etc. ) related business activity",95221,9522,952,Repair of computers and personal and household goods,Other service activities
1273,"Services related to repair and servicing household appliances ( refrigerators, stoves, washing machines, clothes dryers, room air conditioners, etc. )",95221,9522,952,Repair of computers and personal and household goods,Other service activities
1274,"Repair and servicing of home and garden equipment such lawn mowerrs, edgers, trimmers etc.",95222,9522,952,Repair of computers and personal and household goods,Other service activities
1274,"Repair and servicing home and garden equipment such lawn mowerrs, edgers, trimmers etc. related business activity",95222,9522,952,Repair of computers and personal and household goods,Other service activities
1274,"Services related to repair and servicing home and garden equipment such lawn mowerrs, edgers, trimmers etc.",95222,9522,952,Repair of computers and personal and household goods,Other service activities
1275,Repair of footwear and leather goods,95230,9523,952,Repair of computers and personal and household goods,Other service activities
1275,Repair footwear and leather goods related business activity,95230,9523,952,Repair of computers and personal and household goods,Other service activities
1275,Services related to repair footwear and leather goods,95230,9523,952,Repair of computers and personal and household goods,Other service activities
1276,Repair of furniture and home furnishings,95240,9524,952,Repair of computers and personal and household goods,Other service activities
1276,Repair furniture and home furnishings related business activity,95240,9524,952,Repair of computers and personal and household goods,Other service activities
1276,Services related to repair furniture and home furnishings,95240,9524,952,Repair of computers and personal and household goods,Other service activities
1277,Repair of bicycles,95291,9529,952,Repair of computers and personal and household goods,Other service activities
1277,Repair bicycles related business activity,95291,9529,952,Repair of computers and personal and household goods,Other service activities
1277,Services related to repair bicycles,95291,9529,952,Repair of computers and personal and household goods,Other service activities
1278,Repair and alteration of clothing,95292,9529,952,Repair of computers and personal and household goods,Other service activities
1278,Repair and alteration clothing related business activity,95292,9529,952,Repair of computers and personal and household goods,Other service activities
1278,Services related to repair and alteration clothing,95292,9529,952,Repair of computers and personal and household goods,Other service activities
1279,Repair and alteration of jewellery,95293,9529,952,Repair of computers and personal and household goods,Other service activities
1279,Repair and alteration jewellery related business activity,95293,9529,952,Repair of computers and personal and household goods,Other service activities
1279,Services related to repair and alteration jewellery,95293,9529,952,Repair of computers and personal and household goods,Other service activities
1280,"Repair of watches, clocks and their parts",95294,9529,952,Repair of computers and personal and household goods,Other service activities
1280,"Repair watches, clocks and their parts related business activity",95294,9529,952,Repair of computers and personal and household goods,Other service activities
1280,"Services related to repair watches, clocks and their parts",95294,9529,952,Repair of computers and personal and household goods,Other service activities
1281,Repair of musical instruments,95295,9529,952,Repair of computers and personal and household goods,Other service activities
1281,Repair musical instruments related business activity,95295,9529,952,Repair of computers and personal and household goods,Other service activities
1281,Services related to repair musical instruments,95295,9529,952,Repair of computers and personal and household goods,Other service activities
1282,Repair of other personal and household goods n.e.c.,95299,9529,952,Repair of computers and personal and household goods,Other service activities
1282,Repair other personal and household goods n.e.c. related business activity,95299,9529,952,Repair of computers and personal and household goods,Other service activities
1282,Services related to repair other personal and household goods n.e.c.,95299,9529,952,Repair of computers and personal and household goods,Other service activities
1283,Washing and (dry-) cleaning of textile and fur products,96010,9601,960,Other personal service activities,Other service activities
1283,Washing and (dry-) cleaning textile and fur products related business activity,96010,9601,960,Other personal service activities,Other service activities
1283,Services related to washing and (dry-) cleaning textile and fur products,96010,9601,960,Other personal service activities,Other service activities
1284,Hairdressing and other beauty treatment,96020,9602,960,Other personal service activities,Other service activities
1284,Hairdressing and other beauty treatment related business activity,96020,9602,960,Other personal service activities,Other service activities
1284,Services related to hairdressing and other beauty treatment,96020,9602,960,Other personal service activities,Other service activities
1285,Funeral and related activities,96030,9603,960,Other personal service activities,Other service activities
1285,Funeral and related activities related business activity,96030,9603,960,Other personal service activities,Other service activities
1285,Services related to funeral and related activities,96030,9603,960,Other personal service activities,Other service activities
1286,"Social activities such as escort services, marriage bureaus",96091,9609,960,Other personal service activities,Other service activities
1286,"Social such as escort services, marriage bureaus related business activity",96091,9609,960,Other personal service activities,Other service activities
1286,"Services related to social such as escort services, marriage bureaus",96091,9609,960,Other personal service activities,Other service activities
1287,"Pet care services such as boarding, grooming and training pets etc.",96092,9609,960,Other personal service activities,Other service activities
1287,"Pet care such as boarding, grooming and training pets etc. related business activity",96092,9609,960,Other personal service activities,Other service activities
1287,"Services related to pet care such as boarding, grooming and training pets etc.",96092,9609,960,Other personal service activities,Other service activities
1288,"Shoe shiners, porters, valet car parkers etc.",96903,9690,969,Other personal service activities,Other service activities
1288,"Shoe shiners, porters, valet car parkers etc. related business activity",96903,9690,969,Other personal service activities,Other service activities
1288,"Services related to shoe shiners, porters, valet car parkers etc.",96903,9690,969,Other personal service activities,Other service activities
1289,"Coin-operated personal service machines such as photo booths, weighing machines, blood pressure checking machines etc.",96904,9690,969,Other personal service activities,Other service activities
1289,"Coin-operated personal service machines such as photo booths, weighing machines, blood pressure checking machines etc. related business activity",96904,9690,969,Other personal service activities,Other service activities
1289,"Services related to coin-operated personal service machines such as photo booths, weighing machines, blood pressure checking machines etc.",96904,9690,969,Other personal service activities,Other service activities
1290,"Activities of sauna and steam baths, massage salons etc.",96905,9690,969,Other personal service activities,Other service activities
1290,"Sauna and steam baths, massage salons etc. related business activity",96905,9690,969,Other personal service activities,Other service activities
1290,"Services related to sauna and steam baths, massage salons etc.",96905,9690,969,Other personal service activities,Other service activities
1291,Astrological and spiritualistsÃ¢â¬â¢ activities,96906,9690,969,Other personal service activities,Other service activities
1291,Astrological and spiritualistsã¢â¬â¢ activities related business activity,96906,9690,969,Other personal service activities,Other service activities
1291,Services related to astrological and spiritualistsã¢â¬â¢ activities,96906,9690,969,Other personal service activities,Other service activities
1292,"Activities of aaya, dhai, governess, baby sitter etc.",96907,9690,969,Other personal service activities,Other service activities
1292,"Aaya, dhai, governess, baby sitter etc. related business activity",96907,9690,969,Other personal service activities,Other service activities
1292,"Services related to aaya, dhai, governess, baby sitter etc.",96907,9690,969,Other personal service activities,Other service activities
1293,"General household maintenance activities like grooming of the floor, dusting, cleaning of utensils etc.",96908,9690,969,Other personal service activities,Other service activities
1293,"General household maintenance like grooming the floor, dusting, cleaning utensils etc. related business activity",96908,9690,969,Other personal service activities,Other service activities
1293,"Services related to general household maintenance like grooming the floor, dusting, cleaning utensils etc.",96908,9690,969,Other personal service activities,Other service activities
1294,Activities of households as employers of domestic personnel,97000,9700,970,Activities of households as employers of domestic personnel,Activities of households as employers; undifferentiated goods- and services producing activities of households for own use
1294,Households as employers domestic personnel related business activity,97000,9700,970,Activities of households as employers of domestic personnel,Activities of households as employers; undifferentiated goods- and services producing activities of households for own use
1294,Services related to households as employers domestic personnel,97000,9700,970,Activities of households as employers of domestic personnel,Activities of households as employers; undifferentiated goods- and services producing activities of households for own use
1295,Undifferentiated goods-producing activities of private households for own use,98100,9810,981,Undifferentiated goods- and services-producing activities of private households for own use,Activities of households as employers; undifferentiated goods- and services producing activities of households for own use
1295,Undifferentiated goods-producing private households for own use related business activity,98100,9810,981,Undifferentiated goods- and services-producing activities of private households for own use,Activities of households as employers; undifferentiated goods- and services producing activities of households for own use
1295,Services related to undifferentiated goods-producing private households for own use,98100,9810,981,Undifferentiated goods- and services-producing activities of private households for own use,Activities of households as employers; undifferentiated goods- and services producing activities of households for own use
1296,Undifferentiated service-producing activities of private households for own use,98200,9820,982,Undifferentiated goods- and services-producing activities of private households for own use,Activities of households as employers; undifferentiated goods- and services producing activities of households for own use
1296,Undifferentiated service-producing private households for own use related business activity,98200,9820,982,Undifferentiated goods- and services-producing activities of private households for own use,Activities of households as employers; undifferentiated goods- and services producing activities of households for own use
1296,Services related to undifferentiated service-producing private households for own use,98200,9820,982,Undifferentiated goods- and services-producing activities of private households for own use,Activities of households as employers; undifferentiated goods- and services producing activities of households for own use
1297,Activities of extraterritorial organizations and bodies,99000,9900,990,Activities of extraterritorial organizations and bodies,Activities of extraterritorial organizations and bodies
1297,Extraterritorial organizations and bodies related business activity,99000,9900,990,Activities of extraterritorial organizations and bodies,Activities of extraterritorial organizations and bodies
1297,Services related to extraterritorial organizations and bodies,99000,9900,990,Activities of extraterritorial organizations and bodies,Activities of extraterritorial organizations and bodies
